date,open,high,low,close
1983-02-01,147.12,147.22,143.12,143.22
1983-02-02,141.82,145.22,141.47,144.02
1983-02-03,143.85,145.87,143.77,144.87
1983-02-04,144.6,148.47,144.37,148.37
1983-02-07,148.27,149.57,147.72,148.52
1983-02-08,148.82,149.12,146.02,146.12
1983-02-09,146.07,146.92,145.17,146.12
1983-02-10,147.07,150.07,146.97,149.97
1983-02-11,150.22,150.72,148.37,148.77
1983-02-14,149.02,151.77,148.87,150.92
1983-02-15,151.2,151.57,148.77,149.32
1983-02-16,150.75,150.97,148.07,148.22
1983-02-17,148.42,149.52,147.22,149.02
1983-02-18,149.4,150.42,148.72,149.22
1983-02-22,149.42,149.62,145.87,146.22
1983-02-23,146.45,148.97,146.17,148.57
1983-02-24,149.27,152.22,149.12,151.67
1983-02-25,152.17,152.62,150.47,150.97
1983-02-28,149.62,150.57,148.22,149.17
1983-03-01,150.05,152.72,149.97,152.47
1983-03-02,152.37,153.17,151.57,152.52
1983-03-03,152.87,154.47,152.77,153.22
1983-03-04,152.65,154.07,152.07,153.62
1983-03-07,152.65,153.87,151.77,153.57
1983-03-08,152.82,153.17,150.97,151.07
1983-03-09,151.52,153.12,150.97,152.82
1983-03-10,152.85,153.52,150.82,150.92
1983-03-11,151.05,151.52,149.87,151.22
1983-03-14,151.35,151.97,150.02,151.52
1983-03-15,150.8,151.77,150.67,151.47
1983-03-16,151.02,151.72,149.07,149.17
1983-03-17,149.72,149.77,148.77,149.56
1983-03-18,149.52,150.67,149.17,150.32
1983-03-21,149.67,152.37,149.52,152.27
1983-03-22,152.3,152.37,150.47,151.07
1983-03-23,151.42,155.17,151.22,154.67
1983-03-24,154.4,155.42,153.67,154.82
1983-03-25,154.62,155.17,152.62,153.12
1983-03-28,153.62,153.87,152.37,153.12
1983-03-29,153.65,154.37,152.12,152.27
1983-03-30,152.67,154.67,152.57,154.52
1983-03-31,154.92,155.97,151.67,151.87
1983-04-04,152.4,153.37,151.82,153.17
1983-04-05,153.77,154.17,151.32,151.72
1983-04-06,151.92,152.07,149.67,151.32
1983-04-07,151.12,152.02,150.17,151.77
1983-04-08,151.72,152.37,150.57,151.82
1983-04-11,153.15,155.17,153.02,155.07
1983-04-12,154.87,155.67,154.12,155.57
1983-04-13,155.3,157.17,155.22,156.32
1983-04-14,156.6,158.47,155.57,158.37
1983-04-15,157.57,158.87,157.47,158.17
1983-04-18,158.02,159.37,157.42,159.02
1983-04-19,158.2,158.42,156.97,157.92
1983-04-20,158.22,160.52,157.82,160.17
1983-04-21,159.62,160.67,159.07,159.72
1983-04-22,159.62,160.47,159.37,159.77
1983-04-25,160.35,160.57,157.72,158.12
1983-04-26,158.17,162.22,157.62,162.12
1983-04-27,162.05,162.77,160.07,161.87
1983-04-28,161.67,163.57,161.32,163.27
1983-04-29,163.3,164.67,162.57,164.22
1983-05-02,164.42,164.52,162.07,163.02
1983-05-03,162.82,163.47,161.77,163.17
1983-05-04,163.47,165.17,162.87,164.17
1983-05-05,163.75,165.07,163.67,164.82
1983-05-06,165.02,168.32,164.97,167.47
1983-05-09,166.62,167.97,165.92,167.07
1983-05-10,167.4,167.87,166.87,167.07
1983-05-11,166.77,167.27,164.97,165.97
1983-05-12,165.62,165.97,164.47,165.12
1983-05-13,165.65,166.67,165.52,165.82
1983-05-16,163.97,164.27,163.07,164.22
1983-05-17,164.22,164.77,163.17,164.52
1983-05-18,164.9,165.77,162.97,163.02
1983-05-19,163.55,163.77,161.62,162.12
1983-05-20,162.35,162.42,161.07,161.92
1983-05-23,160.4,164.07,160.32,163.92
1983-05-24,163.57,166.32,163.52,166.12
1983-05-25,166.47,167.22,165.07,166.87
1983-05-26,166.65,167.27,165.77,166.12
1983-05-27,166.8,166.87,165.32,165.57
1983-05-31,164.6,165.17,161.72,162.17
1983-06-01,162.12,163.47,160.97,162.92
1983-06-02,163.7,164.52,162.47,164.42
1983-06-03,164.17,165.57,164.02,164.62
1983-06-06,164.57,165.92,163.62,165.42
1983-06-07,165.1,165.37,161.77,161.87
1983-06-08,162.12,162.52,160.72,160.92
1983-06-09,161.82,162.37,160.32,161.87
1983-06-10,161.75,162.97,161.62,162.47
1983-06-13,163.87,165.47,162.92,165.32
1983-06-14,164.8,166.27,164.67,165.32
1983-06-15,165.2,167.87,165.07,167.72
1983-06-16,167.82,169.77,167.67,169.17
1983-06-17,170.85,171.57,170.07,171.42
1983-06-20,171.27,172.27,169.82,170.67
1983-06-21,170.52,173.07,169.72,172.62
1983-06-22,172.77,173.82,171.57,171.72
1983-06-23,171.87,172.77,171.02,171.97
1983-06-24,171.65,172.27,170.97,171.17
1983-06-27,170.87,171.12,168.97,169.52
1983-06-28,170.27,170.37,167.07,167.42
1983-06-29,167.32,169.37,166.97,168.87
1983-06-30,169.52,170.17,169.07,170.12
1983-07-01,170.22,170.72,169.52,170.22
1983-07-05,167.6,167.97,166.52,167.52
1983-07-06,167.85,169.82,167.37,169.77
1983-07-07,169.02,171.37,167.77,168.02
1983-07-08,168.45,168.87,167.42,168.27
1983-07-11,168.95,169.77,168.47,168.87
1983-07-12,168.6,168.77,166.12,166.17
1983-07-13,166.6,167.17,165.87,166.77
1983-07-14,167.67,168.42,166.67,167.07
1983-07-15,166.62,166.72,164.62,165.12
1983-07-18,165.42,166.17,164.67,165.42
1983-07-19,165.77,166.77,165.72,166.32
1983-07-20,167.67,170.37,167.52,170.32
1983-07-21,170.02,171.47,169.42,170.97
1983-07-22,170.35,170.87,169.77,170.02
1983-07-25,169.45,172.07,169.27,171.12
1983-07-26,171.07,172.42,170.37,171.37
1983-07-27,171.75,172.22,167.97,168.47
1983-07-28,168.4,168.82,165.52,165.62
1983-07-29,165.22,165.37,162.42,163.67
1983-08-01,163.52,164.02,162.17,163.07
1983-08-02,163.65,164.52,162.62,163.02
1983-08-03,163.02,164.82,162.27,164.32
1983-08-04,163.65,164.12,159.77,161.42
1983-08-05,161.67,163.07,161.02,162.72
1983-08-08,161.85,161.92,160.22,160.52
1983-08-09,161.17,161.77,159.22,161.42
1983-08-10,161.07,163.37,160.47,162.57
1983-08-11,163.3,163.37,162.12,162.57
1983-08-12,162.77,163.57,162.67,163.37
1983-08-15,164.3,165.67,164.17,164.37
1983-08-16,164.62,164.92,163.17,164.12
1983-08-17,164.5,166.22,164.22,165.62
1983-08-18,166.1,166.22,163.47,163.62
1983-08-19,163.72,164.97,163.22,164.82
1983-08-22,166.02,166.32,164.12,164.32
1983-08-23,164.4,164.47,162.62,162.97
1983-08-24,163.27,163.87,161.17,161.32
1983-08-25,161.85,162.07,160.27,161.52
1983-08-26,160.9,162.92,160.82,162.57
1983-08-29,161.32,163.27,161.07,163.17
1983-08-30,163.07,163.92,162.37,163.12
1983-08-31,162.97,165.07,162.77,164.92
1983-09-01,165.27,165.42,164.17,164.72
1983-09-02,164.52,165.42,164.47,165.32
1983-09-06,166.6,168.42,166.42,168.32
1983-09-07,168.42,168.92,167.57,168.62
1983-09-08,168.22,168.87,167.77,168.12
1983-09-09,168.3,168.37,166.97,167.02
1983-09-12,168.97,169.37,165.07,165.12
1983-09-13,165.3,165.37,164.37,165.12
1983-09-14,164.82,165.72,164.62,165.47
1983-09-15,165.62,165.77,164.35,164.35
1983-09-16,166.67,169.17,166.62,168.92
1983-09-19,169.45,170.67,168.97,170.12
1983-09-20,170.67,171.62,170.57,171.22
1983-09-21,171.22,171.62,169.92,170.72
1983-09-22,170.27,172.22,170.12,171.67
1983-09-23,171.92,172.07,170.92,171.37
1983-09-26,171.77,172.57,170.82,171.47
1983-09-27,171.25,171.32,169.47,170.37
1983-09-28,170.22,170.37,169.47,169.97
1983-09-29,169.72,170.12,169.12,169.37
1983-09-30,169.55,169.57,168.07,168.22
1983-10-03,167.67,168.47,167.27,168.42
1983-10-04,168.47,169.27,168.22,168.47
1983-10-05,168.92,170.12,168.12,170.07
1983-10-06,170.1,172.02,169.97,171.92
1983-10-07,171.92,172.72,171.67,172.07
1983-10-10,171.4,174.22,171.17,174.02
1983-10-11,173.22,173.57,171.47,171.57
1983-10-12,171.55,172.37,170.42,171.02
1983-10-13,171.17,171.97,170.27,171.92
1983-10-14,172.1,172.17,170.82,171.62
1983-10-17,171.77,173.62,171.27,172.47
1983-10-18,172.22,172.57,169.22,169.92
1983-10-19,169.42,169.62,167.07,168.47
1983-10-20,168.02,169.32,167.92,168.87
1983-10-21,168.92,169.22,166.37,167.67
1983-10-24,166.22,168.32,166.07,168.27
1983-10-25,168.25,169.12,167.87,168.07
1983-10-26,168.12,168.37,166.72,166.82
1983-10-27,166.72,167.22,166.37,167.12
1983-10-28,167.45,167.57,164.87,165.32
1983-10-31,165.52,166.12,164.12,165.42
1983-11-01,165.62,165.97,164.22,165.57
1983-11-02,165.62,167.17,165.37,166.67
1983-11-03,166.45,166.57,164.97,165.02
1983-11-04,164.62,164.92,163.72,164.17
1983-11-07,164.02,164.87,163.32,163.42
1983-11-08,163.52,164.27,163.37,163.72
1983-11-09,163.95,165.97,163.87,165.92
1983-11-10,166.12,166.72,165.82,166.17
1983-11-11,166.32,167.92,165.92,167.82
1983-11-14,167.42,168.77,167.32,167.77
1983-11-15,167.27,168.17,166.42,166.62
1983-11-16,167.0,167.37,165.97,166.77
1983-11-17,166.52,167.42,166.07,167.07
1983-11-18,166.97,167.07,165.62,166.67
1983-11-21,166.97,168.17,166.87,167.82
1983-11-22,168.1,168.57,167.52,167.82
1983-11-23,167.87,168.22,167.02,168.12
1983-11-28,168.02,168.02,166.42,166.87
1983-11-29,166.92,169.02,166.52,168.72
1983-11-30,169.15,169.27,166.27,166.37
1983-12-01,166.3,167.52,166.22,167.42
1983-12-02,166.92,167.22,165.42,165.92
1983-12-05,165.77,166.87,164.92,166.77
1983-12-06,166.52,166.92,165.82,166.02
1983-12-07,165.9,167.17,165.82,166.72
1983-12-08,166.4,166.62,165.07,165.42
1983-12-09,165.62,165.82,164.72,165.27
1983-12-12,165.7,166.22,165.37,166.12
1983-12-13,165.72,166.02,164.82,164.97
1983-12-14,165.12,165.37,163.37,163.47
1983-12-15,163.65,163.72,161.64,161.64
1983-12-16,164.9,165.77,164.72,165.72
1983-12-19,165.47,166.37,165.27,165.72
1983-12-20,166.1,166.32,164.77,165.17
1983-12-21,165.67,167.17,165.57,167.07
1983-12-22,167.55,167.62,166.07,166.42
1983-12-23,166.72,166.77,166.22,166.52
1983-12-27,166.85,167.77,166.82,167.42
1983-12-28,167.12,167.47,166.62,167.37
1983-12-29,167.8,168.02,167.02,167.12
1983-12-30,167.05,167.47,166.77,167.27
1984-01-03,166.72,167.07,165.62,165.77
1984-01-04,165.95,169.07,165.87,168.87
1984-01-05,169.5,170.82,169.27,170.07
1984-01-06,170.02,170.92,169.82,170.67
1984-01-09,170.55,171.12,169.92,170.77
1984-01-10,171.45,171.72,169.87,169.97
1984-01-11,169.75,170.62,169.42,169.97
1984-01-12,170.0,170.72,169.52,169.57
1984-01-13,170.52,170.67,168.32,169.12
1984-01-16,169.25,169.82,168.82,169.52
1984-01-17,169.22,170.47,169.17,170.42
1984-01-18,170.32,170.72,168.92,169.87
1984-01-19,169.97,170.02,168.77,169.12
1984-01-20,168.85,168.97,167.72,168.02
1984-01-23,167.92,167.97,166.87,166.97
1984-01-24,167.25,168.27,167.12,167.72
1984-01-25,167.75,168.57,166.17,166.67
1984-01-26,167.02,167.32,165.92,166.02
1984-01-27,166.4,166.52,165.12,166.22
1984-01-30,166.67,166.72,164.67,165.27
1984-01-31,165.52,166.02,164.67,165.47
1984-02-01,165.57,165.82,164.47,165.07
1984-02-02,165.4,165.92,164.62,165.67
1984-02-03,165.57,165.87,161.77,161.97
1984-02-06,161.37,161.57,159.67,159.77
1984-02-07,159.87,160.87,159.02,160.22
1984-02-08,160.15,160.47,156.17,156.47
1984-02-09,156.2,157.72,154.97,156.92
1984-02-10,156.55,157.62,156.47,157.12
1984-02-13,156.9,157.12,154.42,155.77
1984-02-14,156.4,157.87,156.02,157.67
1984-02-15,158.0,158.52,156.37,156.87
1984-02-16,156.84,157.47,155.87,157.22
1984-02-17,156.94,157.77,156.27,156.82
1984-02-21,156.99,157.22,155.52,155.82
1984-02-22,155.97,156.77,155.07,155.32
1984-02-23,154.64,156.07,152.77,155.82
1984-02-24,156.14,159.42,155.87,159.32
1984-02-27,158.74,161.07,158.27,159.72
1984-02-28,159.47,159.52,157.12,157.37
1984-02-29,158.07,159.37,156.62,157.12
1984-03-01,156.72,159.07,156.47,158.67
1984-03-02,159.37,160.67,159.02,159.42
1984-03-05,158.89,159.22,157.82,158.37
1984-03-06,158.59,159.12,156.17,156.22
1984-03-07,155.34,155.52,153.87,154.92
1984-03-08,154.72,156.67,154.47,155.67
1984-03-09,155.12,155.47,154.07,154.77
1984-03-12,155.32,156.72,155.07,156.62
1984-03-13,156.69,158.17,156.22,156.57
1984-03-14,156.24,157.42,155.67,156.82
1984-03-15,156.64,157.97,156.62,157.38
1984-03-16,161.77,162.72,160.82,161.27
1984-03-19,160.57,160.62,159.42,160.27
1984-03-20,160.72,161.72,159.87,160.77
1984-03-21,161.12,161.37,160.17,160.42
1984-03-22,159.92,160.02,158.72,159.07
1984-03-23,159.32,159.47,158.07,158.92
1984-03-26,159.34,159.87,158.62,159.02
1984-03-27,159.42,159.87,158.82,159.82
1984-03-28,159.84,162.32,159.72,162.07
1984-03-29,162.22,162.57,160.72,160.77
1984-03-30,160.84,161.37,160.52,161.02
1984-04-02,161.57,161.82,159.12,159.97
1984-04-03,159.72,160.37,158.72,160.12
1984-04-04,160.17,160.57,159.27,159.57
1984-04-05,159.92,160.17,156.27,156.42
1984-04-06,156.89,157.47,155.57,157.42
1984-04-09,157.79,157.97,156.37,157.57
1984-04-10,157.27,158.57,157.22,157.77
1984-04-11,157.87,158.07,156.27,156.32
1984-04-12,156.62,160.17,155.27,159.67
1984-04-13,159.07,160.82,158.12,158.77
1984-04-16,158.12,160.47,157.87,160.37
1984-04-17,160.37,161.42,159.72,160.27
1984-04-18,159.92,160.27,158.47,159.07
1984-04-19,158.49,159.82,158.37,159.17
1984-04-23,159.69,159.92,157.72,157.92
1984-04-24,157.77,160.67,157.52,159.32
1984-04-25,159.29,160.37,158.82,160.07
1984-04-26,160.42,161.57,160.07,161.12
1984-04-27,160.04,161.72,159.82,160.87
1984-04-30,160.57,161.62,160.17,161.37
1984-05-01,161.67,162.87,161.57,162.67
1984-05-02,162.42,163.22,162.17,162.37
1984-05-03,162.52,162.62,161.57,161.92
1984-05-04,161.42,161.82,158.97,159.12
1984-05-07,159.27,160.27,158.92,160.12
1984-05-08,160.32,161.37,159.62,161.27
1984-05-09,161.02,161.92,159.47,160.27
1984-05-10,160.52,161.27,159.57,160.32
1984-05-11,159.82,159.92,157.42,159.32
1984-05-14,158.84,158.97,157.97,158.32
1984-05-15,158.37,159.17,158.17,158.52
1984-05-16,158.62,159.42,157.97,158.52
1984-05-17,158.17,158.27,156.47,157.02
1984-05-18,157.52,157.62,155.57,156.17
1984-05-21,156.64,156.82,155.32,155.62
1984-05-22,155.27,155.37,153.77,154.62
1984-05-23,154.82,155.17,153.47,153.52
1984-05-24,153.27,153.77,151.17,151.72
1984-05-25,151.64,152.52,151.17,151.82
1984-05-29,151.67,152.17,149.97,150.47
1984-05-30,149.99,152.47,148.87,150.72
1984-05-31,151.19,151.77,149.92,150.77
1984-06-01,151.62,153.37,151.37,153.27
1984-06-04,153.82,155.07,153.77,154.42
1984-06-05,153.92,154.47,153.37,154.42
1984-06-06,154.29,155.27,153.67,154.97
1984-06-07,154.42,155.42,154.17,155.12
1984-06-08,154.87,155.57,154.42,155.17
1984-06-11,154.82,154.87,152.32,152.42
1984-06-12,152.84,152.92,151.72,152.32
1984-06-13,152.92,153.02,151.97,152.07
1984-06-14,152.09,152.17,150.12,150.27
1984-06-15,150.54,150.72,149.0,149.0
1984-06-18,151.62,154.97,151.42,154.92
1984-06-19,154.72,155.52,154.52,154.87
1984-06-20,153.44,158.07,153.12,157.02
1984-06-21,156.77,157.92,156.07,156.57
1984-06-22,156.17,157.57,155.92,156.77
1984-06-25,157.14,157.22,155.97,156.12
1984-06-26,155.67,156.32,154.07,154.62
1984-06-27,154.64,155.22,153.37,153.97
1984-06-28,153.62,155.57,153.57,155.27
1984-06-29,154.97,156.27,154.72,154.82
1984-07-02,154.82,154.87,153.82,154.77
1984-07-03,155.62,156.27,155.07,155.62
1984-07-05,155.84,156.02,154.32,154.47
1984-07-06,153.77,154.72,153.07,154.22
1984-07-09,154.67,156.22,153.27,155.47
1984-07-10,155.22,155.52,154.32,154.87
1984-07-11,154.62,154.87,151.62,151.72
1984-07-12,151.89,152.87,151.22,151.87
1984-07-13,152.69,153.17,152.12,152.57
1984-07-16,152.52,153.67,151.07,153.62
1984-07-17,153.39,154.22,153.07,153.87
1984-07-18,153.67,153.77,152.67,152.87
1984-07-19,152.59,152.97,151.77,151.97
1984-07-20,152.24,152.52,150.27,150.72
1984-07-23,150.19,151.22,149.57,150.47
1984-07-24,150.82,151.07,148.72,148.82
1984-07-25,149.27,151.62,148.42,150.32
1984-07-26,150.44,152.12,150.22,151.62
1984-07-27,151.37,153.17,151.22,152.67
1984-07-30,152.22,152.87,151.47,151.72
1984-07-31,152.02,152.77,151.22,152.22
1984-08-01,152.69,155.17,152.62,154.82
1984-08-02,155.42,158.32,155.37,158.22
1984-08-03,159.57,164.77,159.07,164.27
1984-08-06,163.37,167.22,162.82,163.87
1984-08-07,163.42,165.57,162.77,165.02
1984-08-08,165.62,165.97,163.57,163.67
1984-08-09,163.54,167.97,163.32,167.57
1984-08-10,169.27,170.12,165.97,166.67
1984-08-13,166.24,167.72,165.22,166.97
1984-08-14,167.39,168.02,165.47,166.27
1984-08-15,165.64,166.82,164.52,164.62
1984-08-16,165.19,167.07,164.92,166.32
1984-08-17,166.62,166.87,165.57,166.62
1984-08-20,166.64,167.17,165.62,166.67
1984-08-21,167.27,170.52,167.17,169.97
1984-08-22,170.42,171.02,167.97,168.07
1984-08-23,168.54,169.52,167.82,168.52
1984-08-24,168.72,169.47,168.57,169.22
1984-08-27,167.57,168.02,166.82,167.72
1984-08-28,168.12,168.77,167.37,168.57
1984-08-29,168.42,169.37,168.02,168.07
1984-08-30,168.24,168.52,167.32,167.42
1984-08-31,167.44,167.67,166.97,167.37
1984-09-04,166.92,167.07,165.47,165.62
1984-09-05,165.17,165.92,164.87,165.27
1984-09-06,166.04,167.32,165.97,166.57
1984-09-07,167.42,167.57,164.27,164.32
1984-09-10,163.79,166.12,163.52,165.37
1984-09-11,165.97,166.92,164.17,164.22
1984-09-12,164.52,165.47,164.17,165.27
1984-09-13,165.79,169.42,164.57,169.27
1984-09-14,170.07,170.97,168.67,169.12
1984-09-17,169.32,170.07,168.32,169.27
1984-09-18,169.09,169.42,168.12,168.52
1984-09-19,168.19,170.07,166.87,167.12
1984-09-20,167.42,167.87,166.77,167.72
1984-09-21,166.62,168.97,165.47,165.64
1984-09-24,169.94,170.42,168.72,169.37
1984-09-25,169.64,170.37,168.77,169.92
1984-09-26,170.27,171.57,169.87,170.67
1984-09-27,171.92,172.17,171.42,171.82
1984-09-28,171.04,171.37,169.52,170.07
1984-10-01,169.69,169.77,168.22,168.42
1984-10-02,168.64,169.22,166.57,166.67
1984-10-03,166.67,167.17,165.47,166.17
1984-10-04,166.22,167.17,166.17,166.72
1984-10-05,167.02,167.47,165.97,166.12
1984-10-08,166.22,166.27,165.27,166.07
1984-10-09,166.84,166.97,164.37,164.47
1984-10-10,164.67,165.72,162.72,165.37
1984-10-11,164.82,166.27,164.42,166.12
1984-10-12,166.42,167.77,166.22,167.22
1984-10-15,166.97,169.62,166.82,168.77
1984-10-16,168.64,169.07,167.27,167.92
1984-10-17,168.14,168.97,167.12,167.62
1984-10-18,167.89,172.97,167.22,172.72
1984-10-19,174.09,174.37,170.27,171.72
1984-10-22,171.42,172.72,170.97,171.42
1984-10-23,171.94,172.67,170.27,171.52
1984-10-24,171.22,172.12,170.77,171.22
1984-10-25,171.09,171.42,168.82,168.92
1984-10-26,168.24,168.82,167.87,168.07
1984-10-29,168.07,168.52,167.42,167.57
1984-10-30,168.34,170.87,168.17,169.47
1984-10-31,169.22,170.42,168.47,168.57
1984-11-01,169.32,171.37,169.22,170.37
1984-11-02,169.77,170.92,169.67,170.02
1984-11-05,170.07,171.37,169.27,170.67
1984-11-06,170.87,172.87,170.82,172.82
1984-11-07,172.29,172.37,169.72,170.02
1984-11-08,170.02,170.87,169.42,170.12
1984-11-09,171.19,171.27,168.42,168.52
1984-11-12,168.59,169.27,168.12,168.97
1984-11-13,168.62,169.12,166.67,167.22
1984-11-14,167.32,168.37,166.62,167.37
1984-11-15,167.24,168.37,166.67,167.57
1984-11-16,167.97,168.22,165.67,165.82
1984-11-19,166.07,166.17,164.47,164.72
1984-11-20,165.07,166.47,164.97,165.87
1984-11-21,165.72,166.82,165.02,166.52
1984-11-23,167.39,168.47,167.22,167.97
1984-11-26,167.99,168.37,166.22,166.77
1984-11-27,167.04,169.07,166.42,168.17
1984-11-28,168.17,168.72,165.82,165.97
1984-11-29,165.67,166.12,164.32,164.82
1984-11-30,164.52,165.27,163.87,164.52
1984-12-03,164.99,165.07,163.47,164.12
1984-12-04,164.37,165.17,164.27,164.27
1984-12-05,164.49,164.57,162.57,162.62
1984-12-06,162.57,164.22,162.27,163.17
1984-12-07,162.84,164.02,162.37,162.47
1984-12-10,162.67,164.62,162.17,163.72
1984-12-11,164.19,164.52,163.17,163.92
1984-12-12,164.19,164.27,162.92,163.27
1984-12-13,163.04,164.07,161.52,161.67
1984-12-14,161.64,164.52,161.62,163.02
1984-12-17,163.09,164.12,162.52,164.07
1984-12-18,165.32,168.37,165.12,168.32
1984-12-19,168.17,169.47,166.82,167.57
1984-12-20,167.67,168.07,166.17,166.37
1984-12-21,166.34,166.47,164.37,165.48
1984-12-24,170.42,171.77,170.37,171.12
1984-12-26,170.4,171.07,169.82,170.12
1984-12-27,170.37,170.72,169.37,169.67
1984-12-28,169.87,170.77,169.52,170.37
1984-12-31,170.32,170.87,170.12,170.17
1985-01-02,169.92,169.97,168.17,168.37
1985-01-03,168.37,169.87,166.97,167.02
1985-01-04,167.07,167.32,165.97,166.37
1985-01-07,167.55,168.22,166.92,167.02
1985-01-08,166.95,167.57,166.32,166.82
1985-01-09,167.12,169.12,167.07,168.57
1985-01-10,168.32,172.12,168.17,171.62
1985-01-11,171.57,172.17,170.17,170.82
1985-01-14,170.4,173.92,170.32,173.32
1985-01-15,173.92,174.27,172.42,172.97
1985-01-16,173.37,174.22,172.32,173.12
1985-01-17,173.67,173.87,172.12,172.57
1985-01-18,173.05,173.67,172.37,173.37
1985-01-21,173.6,177.97,173.57,177.62
1985-01-22,178.77,179.12,177.07,177.12
1985-01-23,177.44,179.72,177.07,179.22
1985-01-24,179.35,180.12,178.07,178.52
1985-01-25,178.6,179.77,178.17,178.72
1985-01-28,178.72,179.87,177.42,178.67
1985-01-29,178.3,181.82,177.87,181.72
1985-01-30,181.72,182.07,180.27,180.47
1985-01-31,180.2,181.02,179.77,180.42
1985-02-01,179.57,180.17,179.37,179.52
1985-02-04,179.3,182.37,179.22,181.32
1985-02-05,181.67,182.67,180.37,180.97
1985-02-06,181.17,182.27,180.57,180.92
1985-02-07,181.22,183.16,181.17,183.06
1985-02-08,183.04,183.76,182.47,183.16
1985-02-11,183.31,183.41,180.47,180.92
1985-02-12,180.57,181.77,180.37,181.52
1985-02-13,181.37,185.51,181.32,184.11
1985-02-14,184.26,184.66,182.72,182.82
1985-02-15,183.01,183.61,181.17,181.82
1985-02-19,181.85,182.72,181.62,181.97
1985-02-20,181.32,183.31,180.77,181.07
1985-02-21,180.72,181.52,179.87,180.42
1985-02-22,180.52,181.07,179.02,180.12
1985-02-25,179.52,180.97,178.87,180.87
1985-02-26,180.52,182.87,180.12,182.17
1985-02-27,181.57,182.62,180.47,180.67
1985-02-28,180.47,181.97,180.42,181.77
1985-03-01,182.77,185.06,182.47,183.71
1985-03-04,184.01,184.06,181.87,182.02
1985-03-05,182.42,183.66,181.82,182.72
1985-03-06,182.77,183.06,180.72,180.82
1985-03-07,180.47,181.27,179.52,179.62
1985-03-08,180.37,180.67,179.22,179.27
1985-03-11,179.42,179.72,178.47,179.17
1985-03-12,178.95,180.47,178.92,179.82
1985-03-13,179.55,180.12,177.87,178.07
1985-03-14,178.0,178.62,177.57,177.62
1985-03-15,177.4,178.32,176.5,176.5
1985-03-18,181.62,182.12,179.97,180.32
1985-03-19,180.62,184.21,180.07,183.76
1985-03-20,183.74,184.06,182.12,183.21
1985-03-21,182.9,184.46,182.57,183.16
1985-03-22,183.41,183.46,181.92,182.37
1985-03-25,182.22,182.37,181.12,181.57
1985-03-26,181.7,183.01,181.37,182.27
1985-03-27,182.07,183.81,181.92,183.06
1985-03-28,183.36,184.16,182.47,182.77
1985-03-29,183.34,183.51,182.62,183.31
1985-04-01,183.51,184.16,182.97,184.06
1985-04-02,184.01,184.81,182.57,182.92
1985-04-03,182.87,183.11,180.77,181.22
1985-04-04,181.0,181.67,180.37,181.52
1985-04-08,181.85,182.07,179.67,179.97
1985-04-09,180.57,181.22,179.87,180.47
1985-04-10,181.02,182.62,180.92,181.97
1985-04-11,182.5,183.36,181.87,182.37
1985-04-12,182.3,182.77,181.72,182.72
1985-04-15,182.57,183.21,181.87,182.52
1985-04-16,182.32,184.21,181.22,183.11
1985-04-17,183.04,183.56,182.42,182.97
1985-04-18,183.69,183.76,181.87,181.92
1985-04-19,181.77,182.47,181.47,182.02
1985-04-22,182.07,182.42,181.32,182.07
1985-04-23,181.67,183.96,181.57,183.66
1985-04-24,183.81,184.01,182.77,183.26
1985-04-25,182.95,184.66,182.87,184.16
1985-04-26,184.26,184.41,182.92,182.97
1985-04-29,182.52,182.87,180.72,180.82
1985-04-30,180.95,181.07,179.67,180.82
1985-05-01,180.92,180.97,179.02,179.22
1985-05-02,179.27,179.87,179.07,179.57
1985-05-03,179.8,180.87,179.37,180.67
1985-05-06,180.87,181.32,180.37,180.72
1985-05-07,180.82,182.27,180.72,181.57
1985-05-08,181.17,182.07,180.67,181.77
1985-05-09,181.87,183.26,181.82,182.72
1985-05-10,183.26,186.36,183.16,185.96
1985-05-13,186.06,186.26,185.31,185.91
1985-05-14,186.71,186.76,184.61,184.96
1985-05-15,185.01,186.76,184.71,185.51
1985-05-16,185.76,187.21,185.66,187.11
1985-05-17,186.64,188.71,186.41,187.96
1985-05-20,190.26,190.96,189.31,190.36
1985-05-21,190.21,190.76,189.76,189.86
1985-05-22,189.66,189.66,188.56,189.31
1985-05-23,189.21,189.56,188.51,188.71
1985-05-24,188.99,189.36,188.81,189.21
1985-05-28,189.84,190.21,187.61,188.11
1985-05-29,187.81,188.56,187.46,188.41
1985-05-30,188.21,188.86,187.36,188.36
1985-05-31,188.26,190.51,188.01,189.61
1985-06-03,190.76,190.86,189.26,190.06
1985-06-04,190.11,190.71,189.61,190.26
1985-06-05,190.71,191.11,189.81,189.91
1985-06-06,189.66,191.66,189.51,191.61
1985-06-07,191.46,191.91,189.46,189.51
1985-06-10,189.29,190.01,188.81,189.81
1985-06-11,189.86,190.01,188.86,189.21
1985-06-12,189.11,189.31,187.61,187.81
1985-06-13,187.09,187.56,185.46,185.66
1985-06-14,186.39,187.11,185.66,187.01
1985-06-17,186.86,187.16,186.36,186.91
1985-06-18,187.36,188.16,187.11,187.51
1985-06-19,187.51,188.06,186.51,186.71
1985-06-20,186.51,187.31,185.61,187.26
1985-06-21,186.71,189.57,186.66,189.57
1985-06-24,190.99,192.06,190.41,191.76
1985-06-25,191.94,193.81,191.56,191.86
1985-06-26,192.06,193.36,192.01,192.96
1985-06-27,193.51,194.21,192.61,193.91
1985-06-28,194.11,194.31,193.36,193.61
1985-07-01,193.91,194.96,192.76,194.46
1985-07-02,194.41,195.01,193.76,194.16
1985-07-03,194.51,194.56,193.46,193.56
1985-07-05,194.31,195.46,194.16,194.81
1985-07-08,194.21,194.61,192.81,193.46
1985-07-09,193.21,193.71,192.26,192.81
1985-07-10,192.94,194.26,192.46,194.06
1985-07-11,193.91,194.81,193.56,194.16
1985-07-12,193.91,195.11,193.61,194.56
1985-07-15,194.29,195.56,193.66,194.01
1985-07-16,194.21,196.86,194.16,196.81
1985-07-17,197.36,197.96,196.91,197.56
1985-07-18,196.81,197.41,196.06,196.81
1985-07-19,196.51,197.26,196.26,196.41
1985-07-22,196.24,196.31,194.21,195.41
1985-07-23,195.71,196.46,193.26,193.51
1985-07-24,193.54,193.71,191.56,191.86
1985-07-25,192.19,192.96,191.91,192.76
1985-07-26,192.71,193.41,192.26,192.81
1985-07-29,192.41,192.51,189.66,189.71
1985-07-30,189.91,191.01,189.56,190.41
1985-07-31,190.61,191.61,190.56,191.31
1985-08-01,191.71,193.26,191.66,193.06
1985-08-02,192.69,192.76,191.71,191.81
1985-08-05,191.69,191.76,190.21,191.46
1985-08-06,191.66,191.76,187.76,187.86
1985-08-07,187.69,188.71,187.61,188.16
1985-08-08,188.46,189.41,188.21,189.06
1985-08-09,189.31,189.46,188.41,188.66
1985-08-12,188.51,189.51,187.71,188.21
1985-08-13,187.91,189.41,186.81,188.21
1985-08-14,188.64,188.96,187.86,188.16
1985-08-15,188.21,188.61,186.96,187.51
1985-08-16,187.31,187.66,186.41,186.71
1985-08-19,186.76,187.76,186.66,187.36
1985-08-20,187.86,189.46,187.76,189.31
1985-08-21,189.41,190.26,188.96,189.71
1985-08-22,189.96,190.06,187.51,187.86
1985-08-23,187.81,187.86,186.81,187.36
1985-08-26,186.81,188.11,186.26,188.01
1985-08-27,188.31,188.61,187.76,188.31
1985-08-28,188.24,188.66,187.81,188.41
1985-08-29,188.41,188.76,188.11,188.71
1985-08-30,188.46,188.86,187.51,187.86
1985-09-03,188.14,188.16,186.91,187.66
1985-09-04,187.79,187.86,186.56,187.26
1985-09-05,187.11,187.86,186.51,187.71
1985-09-06,187.96,189.06,187.76,188.46
1985-09-09,188.61,189.36,187.86,188.16
1985-09-10,188.26,188.36,186.01,186.26
1985-09-11,186.11,186.16,184.51,184.56
1985-09-12,184.66,185.36,183.16,183.36
1985-09-13,183.46,183.91,181.52,182.32
1985-09-16,182.52,183.06,182.07,183.06
1985-09-17,183.04,183.21,180.27,180.67
1985-09-18,180.82,181.87,180.37,181.52
1985-09-19,181.25,183.46,181.17,183.16
1985-09-20,183.09,183.96,181.77,182.02
1985-09-23,185.11,186.46,184.96,185.76
1985-09-24,185.36,185.61,183.31,184.11
1985-09-25,183.96,184.06,181.37,181.47
1985-09-26,181.35,182.62,180.62,182.57
1985-09-27,182.42,182.62,182.17,182.47
1985-09-30,182.77,183.31,181.72,182.77
1985-10-01,182.72,186.56,182.62,186.46
1985-10-02,186.39,187.01,184.21,184.26
1985-10-03,184.41,185.86,183.86,184.66
1985-10-04,183.96,184.11,182.62,183.21
1985-10-07,182.67,183.76,182.07,183.16
1985-10-08,183.06,183.61,182.17,182.87
1985-10-09,183.11,184.61,182.92,183.11
1985-10-10,183.11,183.61,182.47,183.41
1985-10-11,183.61,185.71,182.92,185.66
1985-10-14,185.39,187.56,185.11,187.16
1985-10-15,187.31,187.66,185.76,186.61
1985-10-16,186.81,188.41,186.26,188.11
1985-10-17,187.86,189.01,187.26,187.61
1985-10-18,187.81,188.06,186.46,186.81
1985-10-21,186.66,187.36,186.21,186.76
1985-10-22,186.76,188.96,186.66,187.91
1985-10-23,187.71,189.26,187.66,189.16
1985-10-24,188.79,189.31,187.91,188.06
1985-10-25,187.66,187.86,186.86,187.36
1985-10-28,187.11,188.11,186.76,188.06
1985-10-29,188.31,190.36,188.11,189.41
1985-10-30,190.31,190.41,189.26,190.01
1985-10-31,189.66,189.86,188.51,189.21
1985-11-01,189.24,191.46,189.06,191.16
1985-11-04,190.89,191.76,190.46,191.26
1985-11-05,191.41,192.26,191.06,192.01
1985-11-06,192.26,192.61,191.21,192.26
1985-11-07,192.01,192.61,191.71,192.31
1985-11-08,192.31,194.56,192.11,193.81
1985-11-11,193.81,197.96,193.66,197.86
1985-11-12,198.04,199.66,197.51,198.71
1985-11-13,198.34,198.86,197.16,197.86
1985-11-14,197.61,200.31,197.56,199.66
1985-11-15,199.01,200.61,198.21,198.66
1985-11-18,198.99,199.66,197.96,199.26
1985-11-19,199.76,200.11,197.91,199.11
1985-11-20,199.51,200.41,198.81,199.41
1985-11-21,199.91,202.26,199.86,201.76
1985-11-22,201.49,202.86,201.21,201.31
1985-11-25,201.06,201.26,200.21,200.91
1985-11-26,201.11,201.86,200.71,201.11
1985-11-27,200.99,203.76,200.91,203.71
1985-11-29,204.34,204.46,201.91,202.36
1985-12-02,202.26,202.51,200.36,200.71
1985-12-03,200.54,201.61,200.36,201.51
1985-12-04,201.71,205.01,201.41,204.81
1985-12-05,205.34,206.86,204.06,204.31
1985-12-06,204.01,204.51,203.11,204.36
1985-12-09,204.76,205.76,203.81,204.86
1985-12-10,205.34,206.11,204.36,204.96
1985-12-11,205.41,207.66,205.11,207.06
1985-12-12,206.46,207.46,205.46,207.31
1985-12-13,207.61,210.86,207.51,210.61
1985-12-16,210.54,213.81,210.21,212.31
1985-12-17,213.31,213.46,210.86,211.06
1985-12-18,210.66,211.96,209.51,210.16
1985-12-19,210.01,210.71,209.66,210.26
1985-12-20,210.39,212.26,210.26,210.9
1985-12-23,213.46,213.71,210.26,210.41
1985-12-24,210.76,210.81,208.56,209.21
1985-12-26,209.74,210.46,209.31,210.01
1985-12-27,210.79,212.21,210.71,212.16
1985-12-30,212.54,213.51,210.81,213.41
1985-12-31,213.44,214.26,212.31,212.41
1986-01-02,211.59,212.01,210.26,211.51
1986-01-03,211.64,213.41,211.56,212.91
1986-01-06,213.41,213.81,211.26,213.21
1986-01-07,214.19,216.26,214.01,216.01
1986-01-08,216.14,216.56,206.26,208.21
1986-01-09,206.21,207.96,204.86,206.81
1986-01-10,207.26,208.01,205.76,206.31
1986-01-13,205.54,207.66,205.31,207.36
1986-01-14,207.96,208.06,206.36,207.16
1986-01-15,207.31,209.36,206.81,208.91
1986-01-16,208.39,209.76,207.36,209.71
1986-01-17,209.89,210.06,207.31,208.06
1986-01-20,207.09,208.36,206.36,208.31
1986-01-21,208.09,208.21,204.56,205.51
1986-01-22,204.94,206.21,202.71,202.76
1986-01-23,203.06,204.81,202.56,204.61
1986-01-24,204.64,207.21,204.16,206.76
1986-01-27,207.04,208.66,206.61,207.76
1986-01-28,207.91,212.16,207.21,212.01
1986-01-29,211.49,213.66,210.21,211.41
1986-01-30,211.44,212.16,208.96,210.26
1986-01-31,210.19,213.96,210.01,213.01
1986-02-03,213.41,215.71,211.96,215.51
1986-02-04,216.11,216.41,211.46,213.66
1986-02-05,213.39,214.56,211.76,213.96
1986-02-06,214.01,215.86,213.11,213.96
1986-02-07,212.49,216.86,211.26,216.11
1986-02-10,216.16,217.56,215.51,217.51
1986-02-11,217.06,217.81,215.91,216.51
1986-02-12,216.71,217.46,215.21,216.81
1986-02-13,217.04,218.66,215.16,218.41
1986-02-14,218.49,220.91,217.81,220.61
1986-02-18,220.61,223.66,219.96,223.16
1986-02-19,222.49,224.16,220.36,220.86
1986-02-20,220.54,223.96,220.16,223.81
1986-02-21,225.01,226.16,224.16,224.91
1986-02-24,224.46,226.66,223.86,225.66
1986-02-25,225.51,225.91,222.76,224.26
1986-02-26,223.86,225.86,223.31,224.61
1986-02-27,225.44,227.96,224.46,227.26
1986-02-28,228.26,228.61,225.46,225.96
1986-03-03,226.26,227.01,224.81,225.41
1986-03-04,225.91,228.46,223.91,224.31
1986-03-05,224.01,225.46,222.26,225.41
1986-03-06,225.96,226.76,224.36,226.66
1986-03-07,226.06,227.61,225.21,225.86
1986-03-10,226.21,228.01,225.81,227.56
1986-03-11,228.26,233.46,228.16,233.26
1986-03-12,232.51,235.7,232.51,232.81
1986-03-13,231.96,234.86,231.66,234.26
1986-03-14,233.36,236.45,233.36,235.45
1986-03-17,233.41,235.35,233.41,233.76
1986-03-18,232.96,236.95,232.96,236.4
1986-03-19,234.71,237.05,234.71,235.45
1986-03-20,236.35,237.85,235.55,236.65
1986-03-21,233.38,237.75,233.3,233.3
1986-03-24,238.15,238.4,235.06,237.1
1986-03-25,236.95,238.45,235.85,238.15
1986-03-26,238.45,241.55,238.2,241.45
1986-03-27,242.15,243.75,241.45,241.6
1986-03-28,239.4,243.75,235.06,241.6
1986-03-31,242.45,243.0,240.85,240.95
1986-04-01,241.55,242.0,236.15,236.45
1986-04-02,235.85,238.3,235.06,237.4
1986-04-03,237.5,238.3,232.56,232.71
1986-04-04,233.21,233.86,228.66,228.86
1986-04-07,228.46,230.36,226.71,229.26
1986-04-08,230.36,235.8,230.16,235.55
1986-04-09,236.55,237.75,232.91,235.3
1986-04-10,235.21,238.75,234.31,238.0
1986-04-11,238.0,239.3,235.45,236.6
1986-04-14,236.85,239.65,235.8,239.0
1986-04-15,238.3,239.95,237.0,238.8
1986-04-16,241.15,244.4,240.45,244.15
1986-04-17,243.7,245.4,243.05,244.75
1986-04-18,244.75,245.05,242.2,243.25
1986-04-21,242.65,246.35,242.45,246.2
1986-04-22,245.65,246.65,241.3,242.85
1986-04-23,241.75,243.35,240.2,243.25
1986-04-24,243.05,244.7,242.0,242.15
1986-04-25,242.85,243.85,240.8,243.4
1986-04-28,243.95,244.85,242.05,244.65
1986-04-29,245.15,245.4,238.95,240.4
1986-04-30,240.45,240.75,234.56,234.76
1986-05-01,234.46,235.75,233.56,234.91
1986-05-02,234.86,236.35,233.21,234.71
1986-05-05,234.96,237.95,234.96,237.8
1986-05-06,237.7,238.4,235.9,237.2
1986-05-07,236.45,236.95,233.71,236.9
1986-05-08,237.2,238.2,236.0,237.15
1986-05-09,235.25,238.7,235.21,238.25
1986-05-12,237.45,238.35,236.35,237.2
1986-05-13,236.85,238.05,235.6,236.45
1986-05-14,236.95,237.65,235.45,237.1
1986-05-15,237.15,237.35,232.96,233.36
1986-05-16,233.36,233.56,231.36,232.16
1986-05-19,232.71,233.61,231.91,232.76
1986-05-20,232.96,236.85,232.51,236.8
1986-05-21,236.85,237.55,235.21,236.35
1986-05-22,236.65,241.65,236.55,241.55
1986-05-23,241.45,242.95,240.95,242.4
1986-05-26,246.3,250.35,242.25,247.5
1986-05-27,242.85,246.55,242.25,246.3
1986-05-28,245.85,248.2,245.85,247.8
1986-05-29,247.2,249.3,245.45,248.8
1986-05-30,248.4,250.35,246.5,247.5
1986-06-02,247.75,248.7,242.95,245.0
1986-06-03,244.85,246.45,243.55,246.05
1986-06-04,246.2,246.7,242.25,244.35
1986-06-05,244.7,246.05,243.3,245.95
1986-06-06,246.65,246.85,244.05,245.55
1986-06-09,244.35,244.7,238.55,238.85
1986-06-10,238.35,239.95,237.35,239.25
1986-06-11,238.95,241.45,238.6,240.65
1986-06-12,239.85,241.75,239.85,241.3
1986-06-13,242.25,246.65,242.15,246.2
1986-06-16,246.85,247.05,245.5,246.65
1986-06-17,246.55,246.85,243.25,244.1
1986-06-18,244.2,245.55,242.3,245.45
1986-06-19,244.7,246.3,243.75,243.8
1986-06-20,244.25,247.65,243.6,247.45
1986-06-23,247.35,248.0,244.55,245.5
1986-06-24,245.75,250.75,245.0,248.5
1986-06-25,249.0,252.05,248.95,249.55
1986-06-26,248.85,250.65,248.2,250.0
1986-06-27,250.95,251.3,249.95,250.05
1986-06-30,250.7,253.25,250.4,252.2
1986-07-01,252.2,254.0,251.75,253.9
1986-07-02,253.4,255.15,253.2,254.45
1986-07-03,254.4,254.65,251.55,251.95
1986-07-07,250.95,251.2,243.45,243.5
1986-07-08,241.85,242.45,239.35,241.6
1986-07-09,242.25,243.4,241.55,242.8
1986-07-10,243.05,244.35,239.45,244.1
1986-07-11,244.25,244.4,241.55,242.2
1986-07-14,241.1,241.45,238.1,238.25
1986-07-15,238.25,238.85,233.86,235.01
1986-07-16,235.45,237.45,234.21,235.06
1986-07-17,236.1,237.65,235.11,236.1
1986-07-18,235.7,239.15,233.81,236.8
1986-07-21,235.95,237.3,235.01,236.3
1986-07-22,235.45,238.85,235.21,238.35
1986-07-23,238.55,239.3,237.2,237.9
1986-07-24,237.85,238.7,236.65,238.35
1986-07-25,238.65,241.35,238.65,240.85
1986-07-28,240.15,240.15,233.96,234.81
1986-07-29,235.75,236.15,233.56,235.21
1986-07-30,235.01,238.1,232.56,237.65
1986-07-31,237.45,237.65,235.45,235.9
1986-08-01,236.25,237.1,232.61,233.11
1986-08-04,232.96,237.45,231.26,237.0
1986-08-05,236.55,239.25,236.55,237.7
1986-08-06,237.1,238.3,236.0,237.25
1986-08-07,236.95,239.15,236.55,237.4
1986-08-08,237.7,240.5,237.45,239.32
1986-08-11,238.45,241.85,238.35,241.25
1986-08-12,241.45,244.2,240.45,244.15
1986-08-13,244.15,247.35,243.3,246.4
1986-08-14,246.35,248.05,245.85,247.5
1986-08-15,247.55,248.2,246.4,248.0
1986-08-18,247.25,248.7,245.45,248.2
1986-08-19,248.55,248.55,246.05,247.35
1986-08-20,246.85,250.8,246.55,250.7
1986-08-21,250.7,251.15,249.45,250.55
1986-08-22,250.05,251.35,249.6,250.55
1986-08-25,250.05,250.25,247.95,249.55
1986-08-26,249.55,253.95,249.35,253.7
1986-08-27,253.7,255.25,253.0,253.8
1986-08-28,253.95,254.7,252.45,253.6
1986-08-29,253.95,254.85,251.85,252.6
1986-09-02,252.55,253.8,247.45,247.9
1986-09-03,247.45,250.85,247.05,250.75
1986-09-04,251.0,254.95,250.4,254.4
1986-09-05,253.95,254.8,249.7,250.0
1986-09-08,249.45,250.6,247.35,249.1
1986-09-09,250.45,251.15,246.95,248.3
1986-09-10,248.45,248.7,246.4,247.45
1986-09-11,244.95,244.95,233.11,233.86
1986-09-12,234.96,234.96,224.96,229.01
1986-09-15,230.76,231.96,227.86,230.46
1986-09-16,227.46,231.21,226.46,230.36
1986-09-17,230.86,233.01,229.76,230.01
1986-09-18,229.16,233.76,228.56,231.01
1986-09-19,228.96,232.46,228.66,232.17
1986-09-22,230.86,234.91,230.76,234.56
1986-09-23,234.56,236.75,234.01,236.55
1986-09-24,235.85,237.4,235.06,235.85
1986-09-25,234.96,235.75,228.96,231.31
1986-09-26,230.36,234.46,229.71,231.91
1986-09-29,228.96,230.16,226.06,229.51
1986-09-30,230.36,233.61,229.81,230.56
1986-10-01,231.86,235.6,231.41,233.56
1986-10-02,232.76,235.06,231.96,234.71
1986-10-03,235.45,237.1,229.76,232.36
1986-10-06,232.76,236.15,231.41,234.06
1986-10-07,233.46,234.86,231.71,234.51
1986-10-08,232.06,237.2,232.06,236.65
1986-10-09,236.65,238.15,234.46,235.06
1986-10-10,234.31,236.05,233.76,235.06
1986-10-13,234.76,236.85,234.41,236.75
1986-10-14,237.15,237.35,233.36,234.71
1986-10-15,234.86,239.75,234.41,239.65
1986-10-16,239.95,241.1,238.3,239.7
1986-10-17,239.2,239.3,237.2,237.9
1986-10-20,236.35,236.45,233.46,235.45
1986-10-21,236.25,236.4,234.16,235.21
1986-10-22,235.75,236.65,234.91,235.11
1986-10-23,235.8,240.55,235.6,239.55
1986-10-24,239.35,240.05,237.45,237.7
1986-10-27,237.7,239.35,235.65,239.15
1986-10-28,239.05,240.65,238.35,238.75
1986-10-29,238.45,241.25,238.15,240.65
1986-10-30,242.95,244.75,242.85,243.75
1986-10-31,243.45,244.75,242.7,244.65
1986-11-03,245.35,245.95,244.45,245.9
1986-11-04,244.95,247.15,244.25,246.25
1986-11-05,245.65,247.6,245.3,247.15
1986-11-06,246.35,247.5,243.85,246.15
1986-11-07,245.65,246.95,244.9,245.85
1986-11-10,245.65,246.8,244.45,246.5
1986-11-11,246.8,247.7,246.3,247.65
1986-11-12,248.15,248.25,245.55,246.9
1986-11-13,246.9,246.95,241.35,241.5
1986-11-14,242.05,245.35,241.05,245.25
1986-11-17,242.95,245.8,242.8,243.3
1986-11-18,243.25,243.75,236.15,237.0
1986-11-19,236.75,238.45,235.16,238.05
1986-11-20,238.85,243.15,238.1,242.15
1986-11-21,241.95,247.5,241.6,244.8
1986-11-24,245.45,248.9,245.0,248.15
1986-11-25,248.0,249.55,246.85,249.5
1986-11-26,249.15,249.9,248.3,249.5
1986-11-28,249.5,249.85,248.05,248.6
1986-12-01,246.15,251.15,245.05,251.0
1986-12-02,251.65,254.75,250.85,254.45
1986-12-03,254.75,256.0,253.65,254.25
1986-12-04,254.2,255.5,253.55,254.6
1986-12-05,254.45,255.05,250.65,251.9
1986-12-08,252.35,253.35,248.6,251.9
1986-12-09,251.6,252.15,249.45,249.9
1986-12-10,249.45,252.9,249.45,251.05
1986-12-11,251.05,251.15,246.95,248.1
1986-12-12,247.95,249.05,246.65,247.0
1986-12-15,245.1,249.15,244.7,248.7
1986-12-16,248.95,249.85,247.65,249.2
1986-12-17,248.95,249.6,247.15,247.55
1986-12-18,248.15,248.4,246.6,246.95
1986-12-19,246.75,249.85,245.95,249.68
1986-12-22,249.2,250.0,248.5,248.75
1986-12-23,249.65,249.65,246.95,247.35
1986-12-24,247.95,248.85,247.65,248.25
1986-12-26,247.95,248.35,247.6,247.65
1986-12-29,246.7,247.25,243.3,243.6
1986-12-30,243.65,244.75,243.0,243.4
1986-12-31,243.4,244.15,240.55,242.1
1987-01-02,243.35,247.65,243.35,246.7
1987-01-05,248.55,254.1,248.25,253.2
1987-01-06,252.85,254.8,252.45,253.5
1987-01-07,253.4,257.15,253.05,256.2
1987-01-08,255.9,257.5,255.4,257.25
1987-01-09,256.5,260.55,256.1,259.45
1987-01-12,258.9,262.55,258.5,260.7
1987-01-13,259.75,261.45,259.25,261.3
1987-01-14,261.45,264.15,259.55,263.25
1987-01-15,264.05,268.35,263.35,266.9
1987-01-16,268.45,268.75,265.4,266.65
1987-01-19,264.95,271.45,264.75,271.35
1987-01-20,270.95,272.7,268.55,269.35
1987-01-21,268.95,272.05,268.3,268.85
1987-01-22,268.85,276.85,268.45,276.35
1987-01-23,276.6,282.55,265.95,269.25
1987-01-26,269.95,271.8,268.35,271.3
1987-01-27,272.45,275.75,271.8,274.4
1987-01-28,275.95,277.75,273.4,277.5
1987-01-29,278.75,278.75,272.55,275.1
1987-01-30,274.35,275.45,271.85,274.1
1987-02-02,272.95,278.55,272.95,277.3
1987-02-03,278.05,279.0,275.65,276.3
1987-02-04,276.65,280.95,275.45,280.65
1987-02-05,281.15,283.35,278.45,282.3
1987-02-06,282.45,283.15,280.3,281.15
1987-02-09,281.05,281.3,277.65,279.3
1987-02-10,279.05,279.45,273.65,275.8
1987-02-11,276.15,278.2,274.95,277.6
1987-02-12,277.95,278.35,274.05,276.7
1987-02-13,276.2,282.25,275.65,282.0
1987-02-17,281.45,287.2,281.1,287.0
1987-02-18,288.69,288.94,283.4,286.65
1987-02-19,286.45,287.45,284.35,286.15
1987-02-20,286.3,287.05,284.45,285.6
1987-02-23,286.05,286.95,278.95,282.8
1987-02-24,283.3,284.15,281.55,282.4
1987-02-25,281.95,286.45,281.7,283.85
1987-02-26,282.75,285.55,280.45,283.5
1987-02-27,284.2,285.0,282.75,283.5
1987-03-02,284.55,285.75,282.35,283.55
1987-03-03,283.25,284.65,282.75,284.05
1987-03-04,284.45,289.14,284.35,288.94
1987-03-05,289.34,291.84,289.34,290.14
1987-03-06,289.69,291.24,288.44,291.14
1987-03-09,289.84,289.84,286.75,288.34
1987-03-10,288.64,291.34,287.35,290.84
1987-03-11,291.74,292.39,288.84,289.89
1987-03-12,290.44,291.99,289.09,290.79
1987-03-13,291.29,291.64,289.29,289.39
1987-03-16,287.94,287.94,286.05,287.79
1987-03-17,288.14,293.34,287.64,293.24
1987-03-18,294.24,294.74,290.24,292.59
1987-03-19,292.24,294.94,291.74,294.14
1987-03-20,294.34,298.24,294.34,298.11
1987-03-23,301.14,304.19,299.54,304.09
1987-03-24,303.24,304.69,302.49,304.14
1987-03-25,303.64,304.44,301.84,303.54
1987-03-26,305.44,305.64,302.59,303.34
1987-03-27,303.34,303.34,297.14,297.29
1987-03-30,292.44,292.44,286.65,290.39
1987-03-31,291.64,293.29,290.24,291.19
1987-04-01,288.84,294.64,288.14,294.49
1987-04-02,295.24,295.89,292.99,293.54
1987-04-03,293.34,303.84,293.14,303.39
1987-04-06,304.94,305.34,302.64,303.99
1987-04-07,303.14,306.04,295.44,296.34
1987-04-08,299.94,301.54,295.94,300.24
1987-04-09,299.94,299.99,291.74,294.99
1987-04-10,293.44,295.94,291.24,293.34
1987-04-13,293.74,295.24,284.35,284.5
1987-04-14,279.95,284.2,275.85,279.95
1987-04-15,282.95,286.7,280.3,285.15
1987-04-16,286.45,290.94,286.45,288.84
1987-04-20,288.94,289.74,284.9,287.35
1987-04-21,285.35,295.09,283.15,294.94
1987-04-22,294.14,295.29,286.05,286.3
1987-04-23,287.94,290.94,284.45,287.54
1987-04-24,284.75,286.45,280.75,280.9
1987-04-27,276.45,285.75,274.95,280.45
1987-04-28,282.45,287.25,282.0,283.75
1987-04-29,285.25,287.84,283.95,285.25
1987-04-30,285.55,291.09,285.1,289.39
1987-05-01,288.14,290.69,286.95,289.84
1987-05-04,288.46,292.04,286.05,291.64
1987-05-05,292.94,296.74,292.19,296.24
1987-05-06,296.09,297.54,294.19,296.19
1987-05-07,297.09,298.14,294.14,294.34
1987-05-08,295.59,296.74,291.94,294.59
1987-05-11,296.19,300.54,289.44,291.09
1987-05-12,291.21,294.79,290.54,294.39
1987-05-13,294.59,295.89,290.84,294.69
1987-05-14,295.89,296.14,292.94,294.59
1987-05-15,291.41,293.74,287.0,287.3
1987-05-18,287.0,288.04,282.45,287.05
1987-05-19,286.7,287.5,278.15,279.1
1987-05-20,279.77,281.85,276.9,279.8
1987-05-21,282.2,283.15,280.15,280.65
1987-05-22,282.3,284.75,280.7,281.75
1987-05-26,285.7,289.94,285.05,289.54
1987-05-27,288.79,291.34,288.34,289.24
1987-05-28,289.81,292.64,286.25,292.09
1987-05-29,294.09,294.44,289.24,289.39
1987-06-01,292.31,292.79,289.04,290.94
1987-06-02,289.56,291.64,286.85,288.54
1987-06-03,290.24,294.64,290.04,294.49
1987-06-04,293.34,295.69,293.14,295.14
1987-06-05,294.91,295.54,292.54,293.19
1987-06-08,291.56,297.59,291.44,296.29
1987-06-09,296.59,297.84,295.34,297.69
1987-06-10,298.69,301.44,294.84,297.19
1987-06-11,298.19,299.54,297.54,299.49
1987-06-12,302.19,302.89,300.34,301.94
1987-06-15,302.44,304.54,302.09,303.69
1987-06-16,303.26,305.59,302.44,304.99
1987-06-17,304.99,306.04,304.14,305.44
1987-06-18,304.24,306.99,303.54,305.99
1987-06-19,307.89,309.54,307.19,308.84
1987-06-22,310.19,313.14,309.84,312.69
1987-06-23,313.34,313.44,309.34,310.84
1987-06-24,309.74,311.79,308.44,309.24
1987-06-25,310.29,312.44,310.14,310.79
1987-06-26,308.19,311.14,307.94,310.69
1987-06-29,310.04,310.79,308.79,309.79
1987-06-30,310.09,310.29,302.94,303.49
1987-07-01,304.34,305.94,303.74,304.74
1987-07-02,306.24,307.89,305.94,306.89
1987-07-06,308.04,308.79,305.34,306.09
1987-07-07,306.16,310.79,305.59,309.94
1987-07-08,309.26,310.94,307.04,310.69
1987-07-09,310.09,311.49,308.44,308.79
1987-07-10,309.34,310.29,307.74,309.39
1987-07-13,308.64,309.44,306.24,309.39
1987-07-14,308.84,312.44,308.24,311.84
1987-07-15,309.39,313.04,309.04,312.14
1987-07-16,312.84,314.34,311.44,314.14
1987-07-17,314.34,315.24,313.09,314.84
1987-07-20,313.84,314.34,311.99,312.64
1987-07-21,311.76,314.19,308.64,309.84
1987-07-22,309.74,310.19,307.94,309.89
1987-07-23,310.36,310.59,306.84,309.09
1987-07-24,308.79,310.54,308.64,310.24
1987-07-27,310.01,311.84,309.14,311.49
1987-07-28,312.34,313.19,310.84,312.94
1987-07-29,313.04,317.19,312.24,316.99
1987-07-30,316.54,319.84,316.24,319.64
1987-07-31,319.24,320.24,317.94,320.14
1987-08-03,317.64,321.59,317.54,318.84
1987-08-04,318.99,319.49,314.59,317.34
1987-08-05,318.04,321.24,317.94,319.19
1987-08-06,319.14,323.34,317.74,323.19
1987-08-07,323.24,325.89,322.84,325.09
1987-08-10,325.29,329.69,324.54,329.39
1987-08-11,330.74,335.34,330.24,334.84
1987-08-12,335.34,336.44,331.94,334.44
1987-08-13,335.19,337.24,334.44,335.89
1987-08-14,333.31,337.64,333.19,335.99
1987-08-17,336.04,337.34,333.84,335.69
1987-08-18,334.76,335.04,326.99,330.24
1987-08-19,329.46,331.74,327.24,331.44
1987-08-20,332.31,336.79,331.99,336.64
1987-08-21,336.41,338.04,334.94,335.94
1987-08-24,336.29,337.04,332.44,335.24
1987-08-25,336.79,339.39,336.29,338.34
1987-08-26,338.66,338.79,335.14,335.94
1987-08-27,334.39,335.24,331.19,331.94
1987-08-28,332.04,332.19,327.29,327.44
1987-08-31,326.69,331.44,326.54,330.79
1987-09-01,331.11,333.14,322.64,323.29
1987-09-02,323.19,324.74,318.44,322.74
1987-09-03,324.09,324.84,315.99,319.84
1987-09-04,321.19,322.44,315.14,315.29
1987-09-08,315.26,315.89,308.64,314.04
1987-09-09,313.59,315.84,312.14,314.04
1987-09-10,316.39,317.59,314.94,317.14
1987-09-11,317.09,322.64,316.94,321.94
1987-09-14,323.39,323.94,319.94,321.94
1987-09-15,321.51,321.59,316.54,316.94
1987-09-16,315.79,319.94,313.34,313.54
1987-09-17,315.04,316.04,312.34,314.79
1987-09-18,319.36,319.84,316.64,318.29
1987-09-21,319.29,321.09,312.29,313.19
1987-09-22,312.49,324.04,311.44,323.94
1987-09-23,323.29,325.44,321.94,324.84
1987-09-24,323.69,324.94,321.59,322.34
1987-09-25,322.39,324.44,320.79,324.29
1987-09-28,325.79,329.19,324.44,326.34
1987-09-29,326.04,328.44,322.74,324.64
1987-09-30,324.34,326.24,322.49,325.79
1987-10-01,326.24,331.74,325.99,331.64
1987-10-02,330.84,332.94,330.14,331.29
1987-10-05,330.96,331.74,328.24,330.74
1987-10-06,329.49,329.64,319.69,319.79
1987-10-07,319.26,321.99,317.64,320.59
1987-10-08,320.39,321.14,313.64,315.74
1987-10-09,315.24,316.99,311.54,312.14
1987-10-12,311.01,313.64,308.34,311.54
1987-10-13,313.94,316.94,312.19,315.59
1987-10-14,312.29,313.39,304.74,304.94
1987-10-15,303.09,307.54,297.89,298.19
1987-10-16,300.59,300.94,276.95,282.2
1987-10-19,262.7,268.95,197.96,201.46
1987-10-20,222.96,241.95,180.97,216.21
1987-10-21,239.95,259.45,236.95,258.2
1987-10-22,198.46,250.45,194.96,244.45
1987-10-23,241.95,252.95,233.96,240.95
1987-10-26,228.96,236.95,217.96,220.21
1987-10-27,240.45,241.95,222.96,228.56
1987-10-28,218.96,234.46,217.96,231.21
1987-10-29,235.95,249.05,234.96,245.65
1987-10-30,252.45,259.95,251.95,259.3
1987-11-02,254.62,257.85,251.45,257.7
1987-11-03,251.45,253.95,240.85,250.1
1987-11-04,248.45,252.95,246.55,250.1
1987-11-05,248.07,258.05,247.7,255.35
1987-11-06,256.45,258.15,247.95,249.05
1987-11-09,246.2,248.7,242.45,245.55
1987-11-10,242.95,243.45,237.65,239.35
1987-11-11,241.2,245.45,240.85,242.15
1987-11-12,250.45,251.15,247.45,249.55
1987-11-13,249.57,249.95,246.65,247.55
1987-11-16,250.25,251.55,244.65,248.15
1987-11-17,245.0,245.55,240.45,242.65
1987-11-18,243.92,246.75,240.35,246.5
1987-11-19,246.22,246.45,238.45,238.75
1987-11-20,235.45,242.95,233.96,241.85
1987-11-23,240.7,244.15,240.2,244.05
1987-11-24,246.17,248.95,245.75,246.1
1987-11-25,246.07,247.55,244.0,244.25
1987-11-27,242.7,243.65,236.85,236.95
1987-11-30,234.21,234.46,224.96,231.96
1987-12-01,233.66,234.66,230.76,231.81
1987-12-02,231.61,235.35,230.36,233.01
1987-12-03,234.06,234.31,223.01,223.56
1987-12-04,223.96,225.96,220.76,225.51
1987-12-07,226.46,230.36,225.61,229.46
1987-12-08,229.21,236.15,228.86,234.61
1987-12-09,233.61,241.05,233.46,239.6
1987-12-10,235.21,240.85,232.76,234.31
1987-12-11,234.96,236.15,232.96,235.4
1987-12-14,235.25,244.35,235.16,243.95
1987-12-15,244.82,246.45,240.95,244.5
1987-12-16,244.75,248.85,242.7,247.45
1987-12-17,248.25,248.85,241.65,243.1
1987-12-18,245.15,250.95,244.2,248.4
1987-12-21,249.7,252.75,248.95,252.3
1987-12-22,250.92,252.15,247.95,251.8
1987-12-23,253.2,255.55,252.95,254.65
1987-12-24,255.15,255.35,252.85,253.25
1987-12-28,249.07,249.2,244.65,246.25
1987-12-29,247.45,247.55,245.7,246.25
1987-12-30,247.55,250.35,247.0,250.15
1987-12-31,247.2,247.85,245.75,246.7
1988-01-04,252.2,258.75,251.15,257.35
1988-01-05,262.2,263.95,259.1,259.75
1988-01-06,260.5,261.85,258.45,258.55
1988-01-07,257.5,263.35,256.95,262.8
1988-01-08,261.25,262.85,239.45,240.7
1988-01-11,244.45,248.55,240.25,247.65
1988-01-12,247.05,247.5,240.35,246.3
1988-01-13,244.97,250.55,240.85,246.2
1988-01-14,246.55,248.05,243.95,247.4
1988-01-15,256.45,257.95,251.15,251.45
1988-01-18,252.8,254.25,250.35,252.35
1988-01-19,250.7,254.8,248.15,249.2
1988-01-20,246.9,249.35,240.95,243.35
1988-01-21,244.15,245.4,239.95,244.55
1988-01-22,245.65,248.2,244.25,248.05
1988-01-25,248.4,253.95,247.45,252.6
1988-01-26,251.87,252.95,249.2,250.35
1988-01-27,251.15,254.15,248.55,249.8
1988-01-28,251.9,254.85,250.95,254.25
1988-01-29,255.77,257.85,252.75,257.0
1988-02-01,258.65,259.05,255.15,256.3
1988-02-02,256.12,257.15,252.85,255.8
1988-02-03,255.82,258.25,250.5,253.05
1988-02-04,252.95,254.1,250.15,252.98
1988-02-05,253.0,254.85,250.05,250.65
1988-02-08,248.25,251.2,247.95,249.9
1988-02-09,250.32,255.2,248.65,254.85
1988-02-10,254.32,258.15,253.55,257.9
1988-02-11,257.45,258.75,255.35,257.2
1988-02-12,256.75,259.65,255.95,258.75
1988-02-16,257.95,262.35,257.05,262.05
1988-02-17,261.95,262.45,258.2,259.8
1988-02-18,259.3,260.7,257.15,258.25
1988-02-19,258.35,263.05,257.55,262.9
1988-02-22,262.72,267.25,261.65,266.8
1988-02-23,266.62,267.15,263.2,265.45
1988-02-24,264.85,267.45,264.05,265.15
1988-02-25,264.65,268.85,260.95,262.8
1988-02-26,263.22,263.95,261.85,263.3
1988-02-29,264.52,268.05,264.05,267.25
1988-03-01,267.85,268.55,265.25,267.6
1988-03-02,269.27,269.65,266.85,268.3
1988-03-03,268.05,268.9,266.65,268.4
1988-03-04,267.75,269.15,264.5,267.15
1988-03-07,266.6,268.4,265.8,268.25
1988-03-08,268.35,270.75,268.1,269.05
1988-03-09,269.4,271.05,268.35,269.6
1988-03-10,268.95,269.6,262.85,262.85
1988-03-11,264.0,265.55,260.7,265.45
1988-03-14,264.87,267.2,264.35,266.35
1988-03-15,266.55,266.75,264.95,265.95
1988-03-16,265.4,269.45,264.65,268.75
1988-03-17,269.55,271.15,268.75,270.6
1988-03-18,272.87,274.4,270.55,272.25
1988-03-21,269.95,271.45,268.45,270.55
1988-03-22,271.05,271.4,268.85,270.6
1988-03-23,270.77,271.95,268.85,270.35
1988-03-24,267.05,267.25,262.75,264.05
1988-03-25,263.6,264.15,257.45,257.7
1988-03-28,257.27,259.95,257.05,259.85
1988-03-29,261.0,261.8,259.8,259.9
1988-03-30,260.5,262.95,257.35,258.2
1988-03-31,257.65,260.45,256.3,259.0
1988-04-04,257.57,260.35,255.55,256.9
1988-04-05,257.65,259.85,256.25,259.45
1988-04-06,260.05,267.55,258.45,267.35
1988-04-07,267.55,268.7,266.4,267.55
1988-04-08,268.02,271.9,266.85,269.85
1988-04-11,270.85,271.95,269.7,271.15
1988-04-12,270.9,273.65,270.7,272.5
1988-04-13,272.67,273.0,269.85,272.05
1988-04-14,267.15,268.35,257.15,258.35
1988-04-15,259.32,260.35,255.8,258.75
1988-04-18,258.0,260.75,257.8,259.2
1988-04-19,260.35,263.35,257.1,257.25
1988-04-20,257.47,258.85,256.05,257.85
1988-04-21,257.95,261.75,254.05,256.15
1988-04-22,257.65,262.15,257.45,261.8
1988-04-25,262.05,264.2,261.4,263.8
1988-04-26,263.57,266.05,262.55,264.75
1988-04-27,264.7,265.65,263.25,263.95
1988-04-28,262.55,263.85,261.95,263.35
1988-04-29,263.25,263.55,259.85,260.95
1988-05-02,261.85,262.35,259.95,261.65
1988-05-03,262.6,264.2,262.2,262.65
1988-05-04,262.9,263.35,259.55,259.8
1988-05-05,259.45,259.95,258.1,259.3
1988-05-06,258.85,260.9,256.75,258.1
1988-05-09,257.9,258.55,255.25,257.05
1988-05-10,258.12,259.05,255.45,258.55
1988-05-11,255.95,256.2,251.75,253.35
1988-05-12,253.57,254.7,253.35,253.75
1988-05-13,255.05,257.95,254.95,257.5
1988-05-16,258.35,259.65,256.75,259.5
1988-05-17,260.55,261.15,254.7,255.05
1988-05-18,254.95,255.95,250.2,251.05
1988-05-19,250.62,253.15,248.45,252.85
1988-05-20,253.7,254.15,251.25,252.65
1988-05-23,253.35,253.65,249.15,250.55
1988-05-24,251.25,254.3,250.85,254.2
1988-05-25,255.05,255.95,253.1,253.95
1988-05-26,253.85,255.7,253.2,255.55
1988-05-27,254.15,254.55,252.25,253.45
1988-05-31,253.45,264.0,253.3,262.9
1988-06-01,263.8,268.45,263.1,266.8
1988-06-02,266.35,267.65,264.3,266.3
1988-06-03,267.55,268.15,264.55,266.05
1988-06-06,266.2,268.0,264.55,267.8
1988-06-07,266.4,267.75,263.85,266.0
1988-06-08,266.2,273.7,266.05,272.4
1988-06-09,272.17,273.2,270.5,271.4
1988-06-10,272.07,274.2,269.75,271.05
1988-06-13,271.25,272.6,270.85,271.65
1988-06-14,275.3,277.85,272.85,274.55
1988-06-15,273.9,274.95,272.9,274.75
1988-06-16,271.3,272.25,268.05,269.95
1988-06-17,271.95,273.05,269.75,272.7
1988-06-20,270.57,272.35,269.95,271.45
1988-06-21,273.15,275.45,268.55,275.35
1988-06-22,279.0,279.45,276.4,277.9
1988-06-23,277.65,278.5,275.95,277.1
1988-06-24,277.8,278.25,274.75,275.15
1988-06-27,273.7,274.1,269.15,270.2
1988-06-28,270.45,275.35,270.25,274.8
1988-06-29,275.02,275.7,270.55,273.05
1988-06-30,274.15,276.2,273.35,275.35
1988-07-01,276.05,276.45,271.75,272.85
1988-07-05,271.55,279.05,271.2,278.6
1988-07-06,278.25,278.6,270.55,271.95
1988-07-07,271.6,273.95,270.05,273.15
1988-07-08,271.25,274.25,270.75,271.5
1988-07-11,272.1,273.65,270.8,272.4
1988-07-12,271.95,272.55,267.5,269.3
1988-07-13,269.82,271.75,266.55,271.35
1988-07-14,271.32,272.55,269.65,271.4
1988-07-15,271.82,273.65,270.05,272.75
1988-07-18,272.25,272.65,269.25,272.25
1988-07-19,272.3,272.95,267.65,270.4
1988-07-20,270.7,272.05,269.0,271.5
1988-07-21,270.02,270.25,266.65,267.1
1988-07-22,266.85,267.1,263.3,263.5
1988-07-25,263.45,266.35,263.2,264.8
1988-07-26,264.52,267.25,264.45,266.1
1988-07-27,266.25,266.65,262.5,262.9
1988-07-28,263.4,267.75,262.75,266.8
1988-07-29,267.57,273.35,267.45,273.2
1988-08-01,273.55,274.0,272.2,272.6
1988-08-02,273.52,275.15,270.65,273.0
1988-08-03,272.25,274.45,271.3,274.0
1988-08-04,275.55,275.65,272.2,272.8
1988-08-05,271.05,272.85,270.55,272.15
1988-08-08,272.57,273.85,269.45,269.75
1988-08-09,270.2,270.35,265.35,267.35
1988-08-10,266.6,266.75,261.25,262.0
1988-08-11,263.15,263.75,260.45,263.15
1988-08-12,262.35,264.2,261.65,262.5
1988-08-15,262.3,263.15,258.75,259.05
1988-08-16,257.95,263.55,257.75,261.2
1988-08-17,261.05,262.5,259.75,261.2
1988-08-18,261.35,263.55,260.95,261.4
1988-08-19,262.35,263.35,261.2,261.9
1988-08-22,261.7,261.85,256.4,256.55
1988-08-23,257.85,258.7,256.6,257.25
1988-08-24,257.27,261.9,257.2,261.7
1988-08-25,259.65,260.75,257.5,259.65
1988-08-26,259.35,260.75,258.65,259.65
1988-08-29,260.7,263.4,260.65,262.95
1988-08-30,262.95,263.75,262.0,262.65
1988-08-31,263.85,264.25,261.05,261.55
1988-09-01,260.15,260.35,256.65,258.75
1988-09-02,262.75,265.95,261.95,265.55
1988-09-06,265.35,266.55,264.75,266.35
1988-09-07,267.5,267.65,265.15,266.05
1988-09-08,265.45,267.1,264.95,266.05
1988-09-09,265.85,268.95,263.15,266.7
1988-09-12,266.65,267.8,265.95,266.1
1988-09-13,265.05,268.05,264.85,267.95
1988-09-14,268.9,270.1,267.0,269.4
1988-09-15,268.87,270.15,267.5,267.75
1988-09-16,269.65,272.95,269.4,271.6
1988-09-19,271.72,271.95,268.95,271.8
1988-09-20,271.27,272.85,270.75,272.6
1988-09-21,272.15,273.5,271.95,273.25
1988-09-22,272.77,272.95,270.1,272.05
1988-09-23,271.05,273.1,270.35,272.2
1988-09-26,271.25,272.05,270.8,271.9
1988-09-27,272.15,272.3,269.75,270.45
1988-09-28,269.9,271.65,269.45,271.5
1988-09-29,271.77,275.85,271.3,275.65
1988-09-30,275.55,277.65,273.85,274.1
1988-10-03,273.8,274.0,270.45,273.05
1988-10-04,273.12,273.85,272.25,273.1
1988-10-05,273.32,275.0,271.75,273.9
1988-10-06,273.27,274.85,272.95,274.75
1988-10-07,276.07,281.05,275.55,280.8
1988-10-10,280.3,281.2,279.45,280.25
1988-10-11,279.65,280.4,278.3,279.55
1988-10-12,277.95,278.05,274.55,276.15
1988-10-13,275.05,278.15,274.95,276.95
1988-10-14,278.55,279.3,275.35,276.85
1988-10-17,276.5,278.75,276.25,278.2
1988-10-18,278.82,281.55,277.8,281.15
1988-10-19,281.32,282.45,275.25,278.75
1988-10-20,278.6,284.95,278.3,284.7
1988-10-21,283.85,285.45,282.75,284.95
1988-10-24,284.87,285.7,283.35,283.6
1988-10-25,283.27,284.55,282.95,284.0
1988-10-26,283.4,283.65,281.15,282.35
1988-10-27,281.85,282.05,276.85,279.2
1988-10-28,279.25,281.2,278.5,279.5
1988-10-31,279.0,280.15,277.8,279.05
1988-11-01,278.82,280.95,278.45,280.1
1988-11-02,279.35,281.95,277.65,280.95
1988-11-03,281.27,281.75,279.45,279.55
1988-11-04,277.85,280.15,275.85,276.2
1988-11-07,275.57,276.05,274.1,274.65
1988-11-08,276.12,276.9,274.8,275.0
1988-11-09,273.92,275.15,272.8,274.0
1988-11-10,274.07,275.05,273.45,274.1
1988-11-11,272.25,272.7,268.0,268.55
1988-11-14,269.32,269.6,267.25,268.8
1988-11-15,268.25,269.85,268.1,269.45
1988-11-16,268.65,268.75,263.45,265.0
1988-11-17,266.62,266.75,263.65,264.6
1988-11-18,265.55,266.85,265.0,265.75
1988-11-21,266.0,266.95,263.9,266.85
1988-11-22,266.3,269.0,265.65,268.3
1988-11-23,268.27,270.0,268.2,269.2
1988-11-25,266.55,267.7,265.75,267.3
1988-11-28,268.0,269.85,267.05,268.9
1988-11-29,269.1,272.25,268.25,271.1
1988-11-30,271.17,275.25,271.1,273.0
1988-12-01,273.32,273.8,272.5,273.15
1988-12-02,271.3,272.65,270.65,272.45
1988-12-05,272.7,276.35,272.45,275.85
1988-12-06,275.85,279.5,274.75,279.35
1988-12-07,278.7,279.75,278.1,278.4
1988-12-08,277.35,278.6,276.95,277.55
1988-12-09,277.12,278.45,276.95,277.25
1988-12-12,278.0,279.35,275.8,276.1
1988-12-13,275.67,276.6,274.45,276.45
1988-12-14,275.37,276.25,274.35,275.15
1988-12-15,275.3,275.8,273.65,274.35
1988-12-16,278.2,279.75,277.75,278.8
1988-12-19,279.17,283.05,279.0,282.05
1988-12-20,283.8,284.45,280.4,281.25
1988-12-21,280.9,281.35,279.4,280.4
1988-12-22,280.5,281.2,279.85,280.0
1988-12-23,280.4,280.85,280.15,280.65
1988-12-27,280.2,280.8,279.4,279.95
1988-12-28,280.27,280.45,278.65,280.3
1988-12-29,280.4,282.6,280.3,282.05
1988-12-30,282.4,282.5,280.25,280.35
1989-01-03,278.9,279.25,275.75,277.6
1989-01-04,277.9,282.95,277.85,282.85
1989-01-05,282.75,284.7,281.9,282.95
1989-01-06,283.5,285.15,283.0,283.35
1989-01-09,283.67,284.75,282.55,283.65
1989-01-10,284.4,284.45,281.55,283.15
1989-01-11,282.65,284.7,282.1,284.35
1989-01-12,284.4,287.5,284.1,285.2
1989-01-13,285.3,286.75,284.75,286.25
1989-01-16,286.72,287.54,285.7,286.65
1989-01-17,286.22,286.55,285.1,286.05
1989-01-18,286.17,289.54,284.35,288.64
1989-01-19,288.46,290.14,288.09,289.19
1989-01-20,288.79,289.49,287.4,288.69
1989-01-23,289.16,290.34,286.15,286.8
1989-01-24,286.72,290.84,286.65,290.24
1989-01-25,290.84,291.64,289.44,291.54
1989-01-26,290.46,294.84,289.99,293.94
1989-01-27,294.74,298.49,294.39,296.24
1989-01-30,296.99,297.29,295.59,296.64
1989-01-31,296.99,299.69,295.19,298.69
1989-02-01,298.24,300.24,297.39,298.94
1989-02-02,299.04,299.89,297.14,298.24
1989-02-03,297.46,299.49,297.34,298.54
1989-02-06,297.91,299.14,296.34,297.59
1989-02-07,297.34,302.59,297.24,301.34
1989-02-08,301.84,302.44,299.99,300.59
1989-02-09,298.94,300.89,296.54,298.84
1989-02-10,296.64,297.54,293.39,293.94
1989-02-13,293.64,295.04,292.89,294.64
1989-02-14,295.44,296.14,292.74,293.34
1989-02-15,293.36,296.19,292.84,296.09
1989-02-16,296.81,296.89,295.39,296.19
1989-02-17,296.39,298.69,295.79,297.74
1989-02-21,298.39,298.44,296.04,297.54
1989-02-22,296.74,296.84,291.69,292.04
1989-02-23,290.84,293.34,290.64,293.14
1989-02-24,293.11,293.39,287.25,287.59
1989-02-27,287.94,289.09,286.75,288.94
1989-02-28,288.94,290.29,288.14,289.59
1989-03-01,290.61,291.69,286.85,288.14
1989-03-02,288.19,291.69,287.74,290.79
1989-03-03,290.51,292.14,289.94,291.89
1989-03-06,292.64,295.74,292.19,295.09
1989-03-07,295.19,296.04,293.79,294.84
1989-03-08,293.94,296.59,293.69,295.09
1989-03-09,294.39,295.64,294.14,294.69
1989-03-10,293.74,294.09,291.44,293.94
1989-03-13,293.94,297.04,293.84,295.84
1989-03-14,296.76,296.99,294.84,295.09
1989-03-15,295.34,297.44,295.14,297.39
1989-03-16,297.79,300.54,297.34,299.64
1989-03-17,292.65,292.65,292.65,292.65
1989-03-20,294.94,295.39,291.74,293.29
1989-03-21,294.79,295.84,293.84,294.79
1989-03-22,294.89,295.19,293.34,294.34
1989-03-23,294.86,295.54,291.54,292.49
1989-03-27,291.24,294.69,290.94,294.14
1989-03-28,295.19,296.24,294.49,295.24
1989-03-29,294.89,296.69,294.74,296.59
1989-03-30,296.39,297.94,294.84,295.99
1989-03-31,296.99,298.99,296.59,297.79
1989-04-03,297.94,300.79,297.74,299.44
1989-04-04,299.04,299.79,298.04,299.59
1989-04-05,299.29,300.14,298.44,299.54
1989-04-06,298.49,298.79,297.64,298.49
1989-04-07,297.44,301.34,297.19,300.84
1989-04-10,300.74,301.49,299.64,300.19
1989-04-11,300.39,302.14,300.14,301.89
1989-04-12,301.99,303.14,301.54,301.94
1989-04-13,301.06,301.34,298.54,299.29
1989-04-14,302.09,304.24,301.39,304.04
1989-04-17,303.76,304.94,303.49,304.44
1989-04-18,307.44,309.34,306.94,308.34
1989-04-19,307.99,310.64,307.84,309.84
1989-04-20,310.66,310.84,306.64,309.84
1989-04-21,309.69,311.79,309.44,311.69
1989-04-24,311.39,311.84,310.09,311.34
1989-04-25,311.86,312.19,308.79,308.99
1989-04-26,309.26,309.89,307.99,308.79
1989-04-27,309.04,313.04,308.99,311.49
1989-04-28,311.76,312.09,310.79,311.49
1989-05-01,309.39,311.59,309.19,311.49
1989-05-02,311.81,312.69,309.24,309.34
1989-05-03,309.11,310.69,308.74,309.94
1989-05-04,309.74,310.19,308.74,309.94
1989-05-05,311.54,312.64,308.04,308.19
1989-05-08,308.34,308.54,306.19,308.39
1989-05-09,308.24,309.14,305.59,307.04
1989-05-10,306.76,308.34,306.24,307.59
1989-05-11,308.09,309.44,307.44,308.99
1989-05-12,313.36,316.04,313.04,315.94
1989-05-15,316.36,318.59,315.84,318.44
1989-05-16,317.99,318.14,316.84,317.24
1989-05-17,317.64,319.94,316.74,319.09
1989-05-18,318.79,320.64,318.34,320.19
1989-05-19,320.94,323.24,320.84,322.89
1989-05-22,324.69,324.94,321.64,323.54
1989-05-23,322.44,322.79,319.69,320.04
1989-05-24,319.79,320.64,318.59,320.34
1989-05-25,319.24,321.24,319.14,320.79
1989-05-26,320.49,322.69,320.24,322.54
1989-05-30,323.51,323.64,318.34,319.79
1989-05-31,319.96,322.64,319.39,321.39
1989-06-01,320.64,323.84,320.54,322.24
1989-06-02,324.34,326.89,324.24,326.49
1989-06-05,326.19,327.09,322.39,322.94
1989-06-06,323.41,325.44,321.59,324.79
1989-06-07,325.61,328.39,325.49,327.59
1989-06-08,328.01,328.09,326.24,327.94
1989-06-09,327.54,328.34,325.34,327.64
1989-06-12,325.69,326.84,323.84,326.74
1989-06-13,325.64,325.84,323.09,324.09
1989-06-14,324.74,325.09,322.54,323.89
1989-06-15,323.31,323.69,318.74,319.74
1989-06-16,322.84,326.09,322.74,325.89
1989-06-19,326.04,326.74,324.94,326.34
1989-06-20,326.56,327.74,325.04,325.69
1989-06-21,325.86,326.69,323.34,324.84
1989-06-22,324.54,327.44,324.44,327.39
1989-06-23,329.19,332.64,328.54,331.94
1989-06-26,332.41,332.94,330.64,331.29
1989-06-27,331.79,333.94,331.74,332.99
1989-06-28,331.89,332.14,328.09,329.34
1989-06-29,328.59,328.69,322.79,322.94
1989-06-30,322.89,323.49,317.99,321.14
1989-07-03,321.76,322.44,320.24,321.89
1989-07-05,320.91,325.34,320.04,324.29
1989-07-06,324.54,325.19,323.24,324.29
1989-07-07,325.51,329.79,323.74,328.59
1989-07-10,329.16,330.54,328.24,330.44
1989-07-11,331.79,334.14,331.04,331.49
1989-07-12,331.26,333.84,330.84,333.39
1989-07-13,333.89,333.94,331.74,333.09
1989-07-14,333.69,335.54,329.39,335.39
1989-07-17,335.04,336.44,333.44,335.54
1989-07-18,334.34,334.94,333.04,334.49
1989-07-19,335.26,338.94,335.09,338.19
1989-07-20,338.56,340.63,335.54,336.29
1989-07-21,334.86,338.19,334.79,337.89
1989-07-24,337.54,337.94,335.44,336.34
1989-07-25,336.49,339.14,334.44,336.14
1989-07-26,335.91,340.98,335.14,340.53
1989-07-27,341.73,344.73,341.23,344.58
1989-07-28,344.8,345.68,343.68,344.23
1989-07-31,344.23,348.48,343.88,348.23
1989-08-01,349.03,350.73,344.03,344.38
1989-08-02,344.6,347.43,343.73,347.08
1989-08-03,346.63,347.83,345.63,347.23
1989-08-04,345.03,348.13,343.98,346.18
1989-08-07,347.33,352.23,345.93,351.73
1989-08-08,352.0,352.33,350.43,351.18
1989-08-09,350.88,353.43,348.03,348.18
1989-08-10,347.83,352.08,346.73,349.73
1989-08-11,352.58,353.53,345.33,346.13
1989-08-14,346.25,347.78,343.43,345.43
1989-08-15,345.98,347.83,344.63,347.53
1989-08-16,348.03,348.58,346.63,346.93
1989-08-17,346.78,348.43,344.23,346.48
1989-08-18,345.55,347.83,345.48,347.63
1989-08-21,347.8,348.08,340.88,341.03
1989-08-22,340.93,343.18,339.93,343.08
1989-08-23,343.3,346.63,342.43,346.33
1989-08-24,346.83,353.63,346.68,352.83
1989-08-25,353.08,354.33,350.83,352.33
1989-08-28,351.25,353.43,350.03,353.13
1989-08-29,352.8,353.43,349.58,350.33
1989-08-30,350.55,353.73,348.93,351.73
1989-08-31,352.23,352.63,350.83,351.73
1989-09-01,352.23,355.33,351.38,353.88
1989-09-05,353.78,355.28,351.93,353.38
1989-09-06,352.43,352.58,348.23,349.73
1989-09-07,350.53,350.93,348.03,348.23
1989-09-08,348.4,350.18,345.63,348.43
1989-09-11,348.2,349.03,345.78,348.68
1989-09-12,348.28,349.93,348.18,349.03
1989-09-13,349.2,350.68,344.43,344.68
1989-09-14,345.13,345.48,342.58,343.43
1989-09-15,343.73,343.73,343.73,343.73
1989-09-18,349.28,352.18,348.83,351.88
1989-09-19,352.23,353.23,350.93,351.28
1989-09-20,350.78,352.33,350.33,352.03
1989-09-21,351.88,353.53,349.13,350.33
1989-09-22,350.3,352.23,349.78,351.53
1989-09-25,350.63,350.78,347.43,348.88
1989-09-26,349.33,351.73,349.03,350.18
1989-09-27,347.83,349.98,346.78,349.73
1989-09-28,350.13,352.78,349.33,352.43
1989-09-29,353.03,354.63,351.73,352.53
1989-10-02,352.63,355.08,351.63,354.93
1989-10-03,355.63,359.43,355.23,359.33
1989-10-04,359.73,361.73,358.63,361.23
1989-10-05,360.58,361.78,359.88,361.43
1989-10-06,361.85,362.73,360.83,362.38
1989-10-09,362.23,364.03,361.73,363.78
1989-10-10,363.88,364.43,361.93,363.38
1989-10-11,362.7,363.03,359.23,359.73
1989-10-12,360.18,360.48,358.38,358.78
1989-10-13,357.85,359.38,328.79,328.79
1989-10-16,324.36,345.93,323.79,344.43
1989-10-17,341.68,345.23,337.44,343.93
1989-10-18,342.3,346.63,340.93,344.58
1989-10-19,346.28,351.83,345.98,349.53
1989-10-20,349.13,350.53,346.28,350.38
1989-10-23,350.28,350.93,346.53,347.88
1989-10-24,346.9,347.43,335.89,346.43
1989-10-25,345.45,347.23,344.03,344.58
1989-10-26,343.78,344.48,338.89,339.49
1989-10-27,339.04,340.48,334.59,337.14
1989-10-30,338.34,339.54,335.64,337.14
1989-10-31,339.09,343.53,338.84,343.08
1989-11-01,343.03,344.08,341.23,343.23
1989-11-02,342.63,342.73,338.14,339.44
1989-11-03,337.99,342.03,337.94,339.34
1989-11-06,337.89,338.14,333.14,333.34
1989-11-07,333.34,337.09,332.24,336.24
1989-11-08,336.99,341.68,336.74,339.88
1989-11-09,340.23,340.93,337.44,338.04
1989-11-10,339.14,341.73,339.04,341.58
1989-11-13,342.03,342.88,339.34,342.08
1989-11-14,342.13,342.73,338.44,339.74
1989-11-15,341.03,342.63,338.44,342.43
1989-11-16,342.8,342.93,340.13,341.73
1989-11-17,341.53,344.13,341.08,342.78
1989-11-20,342.88,343.43,339.14,341.03
1989-11-21,341.33,341.63,338.24,341.48
1989-11-22,341.88,343.28,341.13,342.48
1989-11-24,343.73,345.53,343.63,345.18
1989-11-27,345.33,347.63,345.13,346.63
1989-11-28,346.73,347.48,345.33,346.48
1989-11-29,345.63,346.33,344.03,345.08
1989-11-30,345.73,347.68,344.78,347.43
1989-12-01,348.0,353.23,347.93,351.43
1989-12-04,352.13,352.43,350.93,352.08
1989-12-05,351.48,353.23,349.88,350.23
1989-12-06,350.43,350.53,348.28,349.28
1989-12-07,349.03,350.73,345.73,348.78
1989-12-08,349.13,350.53,347.93,349.18
1989-12-11,349.03,349.83,346.43,349.38
1989-12-12,349.63,352.93,348.73,352.48
1989-12-13,352.83,354.83,352.08,353.33
1989-12-14,352.4,352.53,349.73,350.23
1989-12-15,352.01,352.01,352.01,352.01
1989-12-18,354.18,355.68,345.43,347.58
1989-12-19,347.6,348.53,343.23,347.13
1989-12-20,348.28,348.43,346.08,347.78
1989-12-21,348.28,349.68,347.48,349.38
1989-12-22,349.73,351.73,349.13,350.98
1989-12-26,351.45,351.83,349.63,350.38
1989-12-27,350.58,353.53,350.43,353.18
1989-12-28,353.45,354.88,352.63,354.78
1989-12-29,354.93,356.93,354.83,356.28
1990-01-02,356.25,362.78,355.43,362.43
1990-01-03,363.23,364.73,361.23,361.63
1990-01-04,361.33,362.53,356.03,359.78
1990-01-05,359.13,359.53,354.23,354.53
1990-01-08,354.0,358.33,353.53,357.48
1990-01-09,357.68,358.03,351.83,352.13
1990-01-10,351.68,353.13,346.63,351.23
1990-01-11,352.28,353.43,350.78,351.78
1990-01-12,347.43,347.93,339.79,340.88
1990-01-15,341.28,341.63,338.69,339.14
1990-01-16,335.94,342.93,335.24,342.03
1990-01-17,342.68,344.83,337.79,338.69
1990-01-18,336.44,341.18,335.94,340.78
1990-01-19,342.3,343.13,341.33,342.13
1990-01-22,341.98,342.68,330.24,331.34
1990-01-23,333.59,335.14,329.84,330.19
1990-01-24,325.19,333.69,323.44,333.04
1990-01-25,333.79,334.34,325.94,326.69
1990-01-26,328.19,330.44,322.14,326.74
1990-01-29,328.19,329.19,322.94,326.64
1990-01-30,327.29,327.84,320.69,325.14
1990-01-31,327.09,330.59,325.99,330.44
1990-02-01,330.89,331.29,328.84,330.04
1990-02-02,329.16,333.94,328.74,332.44
1990-02-05,332.29,333.54,331.44,333.34
1990-02-06,332.69,332.84,329.04,330.19
1990-02-07,328.06,335.84,327.29,335.74
1990-02-08,335.69,338.24,333.24,335.24
1990-02-09,335.59,336.44,333.54,334.34
1990-02-12,333.99,334.74,330.39,330.69
1990-02-13,331.26,333.44,328.44,332.59
1990-02-14,332.34,334.74,331.44,333.24
1990-02-15,332.99,336.39,332.74,336.09
1990-02-16,335.84,336.54,332.84,333.14
1990-02-20,328.44,330.24,326.44,328.69
1990-02-21,325.56,329.59,325.44,329.24
1990-02-22,329.59,332.14,325.94,326.69
1990-02-23,324.19,327.14,322.44,325.44
1990-02-26,325.89,329.94,324.94,329.79
1990-02-27,329.24,333.14,329.14,331.29
1990-02-28,330.89,334.74,330.84,332.89
1990-03-01,332.34,335.44,331.49,333.74
1990-03-02,333.81,336.39,333.44,335.84
1990-03-05,335.56,337.24,333.49,334.44
1990-03-06,334.34,339.24,333.74,339.14
1990-03-07,339.39,339.69,336.44,336.89
1990-03-08,337.81,341.68,337.09,340.48
1990-03-09,339.39,340.88,336.64,337.94
1990-03-12,337.04,339.83,336.04,338.59
1990-03-13,337.24,338.74,334.84,335.54
1990-03-14,335.99,338.19,334.64,337.34
1990-03-15,337.36,339.44,336.69,338.24
1990-03-16,343.98,346.08,343.23,345.18
1990-03-19,343.6,347.73,342.43,347.53
1990-03-20,346.73,349.08,343.98,345.53
1990-03-21,346.13,346.63,341.93,342.13
1990-03-22,342.05,343.73,336.24,339.04
1990-03-23,339.83,341.33,338.89,340.73
1990-03-26,342.68,343.78,340.93,341.68
1990-03-27,341.28,345.88,340.18,345.48
1990-03-28,345.03,346.68,343.68,345.83
1990-03-29,344.43,345.48,342.53,343.83
1990-03-30,343.63,345.23,341.03,341.38
1990-04-02,338.84,342.13,338.54,341.83
1990-04-03,342.3,347.83,341.98,347.28
1990-04-04,347.33,347.73,342.93,343.13
1990-04-05,344.68,346.58,343.18,344.18
1990-04-06,344.15,345.13,341.33,343.63
1990-04-09,343.03,345.18,342.93,344.33
1990-04-10,343.83,345.78,343.18,344.23
1990-04-11,344.98,346.23,343.43,345.13
1990-04-12,345.23,348.28,345.13,348.03
1990-04-16,349.28,350.73,346.13,346.78
1990-04-17,344.68,347.83,343.83,347.13
1990-04-18,347.63,347.83,341.73,342.83
1990-04-19,341.83,343.03,339.14,339.54
1990-04-20,339.44,340.38,334.44,336.34
1990-04-23,335.24,335.74,331.64,332.59
1990-04-24,333.64,335.14,331.14,332.39
1990-04-25,334.24,334.84,332.19,334.19
1990-04-26,334.99,335.74,331.84,335.24
1990-04-27,335.04,335.44,328.54,328.79
1990-04-30,329.19,332.84,328.54,332.04
1990-05-01,332.94,334.44,331.69,333.59
1990-05-02,333.04,337.04,332.94,336.89
1990-05-03,337.09,338.84,336.14,337.09
1990-05-04,338.04,340.53,336.19,339.83
1990-05-07,339.39,342.53,339.04,342.43
1990-05-08,342.13,345.28,341.18,345.03
1990-05-09,344.23,345.13,342.03,344.88
1990-05-10,344.93,346.88,344.03,344.98
1990-05-11,346.48,354.48,346.33,354.18
1990-05-14,355.18,360.93,354.03,356.83
1990-05-15,355.43,357.08,354.73,356.43
1990-05-16,356.33,356.63,353.08,355.28
1990-05-17,356.13,358.73,355.03,355.88
1990-05-18,355.18,355.68,353.43,355.53
1990-05-21,355.33,360.88,354.83,358.93
1990-05-22,360.93,361.63,356.93,360.73
1990-05-23,359.43,360.73,358.03,360.68
1990-05-24,360.93,361.03,358.63,359.78
1990-05-25,357.93,358.23,354.73,355.28
1990-05-29,355.58,363.33,355.38,362.53
1990-05-30,363.53,363.83,360.63,362.93
1990-05-31,361.68,363.23,361.23,361.68
1990-06-01,363.73,364.23,361.73,363.48
1990-06-04,363.43,369.28,362.73,368.68
1990-06-05,368.68,369.83,366.28,367.68
1990-06-06,367.33,367.63,365.23,365.88
1990-06-07,366.73,366.93,361.78,363.83
1990-06-08,363.73,364.33,357.33,359.33
1990-06-11,359.33,362.83,358.48,362.68
1990-06-12,362.18,368.33,360.98,366.38
1990-06-13,365.83,367.98,364.08,364.73
1990-06-14,369.93,370.03,366.53,368.43
1990-06-15,367.03,369.03,365.63,367.88
1990-06-18,366.63,367.13,361.08,361.83
1990-06-19,361.73,364.18,360.38,363.53
1990-06-20,363.63,365.23,361.28,364.33
1990-06-21,365.23,366.93,362.03,366.83
1990-06-22,366.98,368.38,358.43,360.43
1990-06-25,359.83,360.88,355.73,357.53
1990-06-26,359.43,360.78,355.43,355.88
1990-06-27,355.73,360.63,354.93,359.38
1990-06-28,359.63,362.38,359.08,362.08
1990-06-29,361.33,363.83,361.03,362.28
1990-07-02,362.43,364.43,361.33,364.33
1990-07-03,364.13,365.23,363.53,363.93
1990-07-05,362.93,362.93,358.13,359.73
1990-07-06,358.13,363.28,357.93,362.18
1990-07-09,361.83,364.43,361.43,363.03
1990-07-10,362.78,363.98,359.33,360.43
1990-07-11,361.18,365.63,360.63,365.33
1990-07-12,364.68,369.58,363.88,369.38
1990-07-13,369.28,373.73,369.28,370.83
1990-07-16,371.53,373.63,370.43,372.23
1990-07-17,372.43,373.03,367.93,370.33
1990-07-18,369.43,370.03,365.83,367.08
1990-07-19,366.43,368.68,364.08,368.38
1990-07-20,368.43,369.83,363.93,364.73
1990-07-23,363.43,363.73,352.33,357.73
1990-07-24,357.73,358.28,353.43,357.58
1990-07-25,357.83,360.43,357.03,359.58
1990-07-26,358.73,360.28,355.73,358.18
1990-07-27,357.73,358.43,354.13,355.43
1990-07-30,354.43,358.53,353.03,358.18
1990-07-31,358.18,360.38,355.33,358.13
1990-08-01,357.43,359.73,355.73,357.38
1990-08-02,354.23,355.83,350.93,353.83
1990-08-03,347.93,351.93,337.44,346.58
1990-08-06,334.59,341.58,333.74,334.34
1990-08-07,339.93,340.93,333.44,337.14
1990-08-08,336.44,341.23,336.44,339.49
1990-08-09,339.93,342.18,338.74,341.33
1990-08-10,341.13,341.13,335.04,337.24
1990-08-13,336.14,340.63,333.44,339.74
1990-08-14,339.74,342.93,338.44,340.68
1990-08-15,343.93,344.63,340.93,341.58
1990-08-16,338.44,339.83,331.44,331.69
1990-08-17,330.64,332.34,323.94,328.59
1990-08-20,329.44,331.84,328.74,329.64
1990-08-21,326.24,326.54,317.64,323.44
1990-08-22,324.24,325.24,317.04,317.14
1990-08-23,305.14,313.04,305.14,306.19
1990-08-24,312.69,313.14,306.44,312.94
1990-08-27,321.94,324.84,317.94,322.74
1990-08-28,320.74,323.19,320.44,322.59
1990-08-29,322.14,327.04,321.19,323.79
1990-08-30,324.14,324.89,317.94,318.49
1990-08-31,318.84,322.59,316.54,322.49
1990-09-04,318.94,324.34,318.94,324.19
1990-09-05,323.84,325.44,321.34,324.79
1990-09-06,323.74,324.34,319.14,320.69
1990-09-07,319.69,324.74,319.69,323.59
1990-09-10,327.94,327.94,320.14,321.39
1990-09-11,321.84,322.79,319.74,321.69
1990-09-12,321.94,322.54,319.44,322.09
1990-09-13,322.44,322.74,317.64,318.49
1990-09-14,316.54,317.14,314.34,316.09
1990-09-17,314.19,318.14,314.19,317.79
1990-09-18,315.64,319.24,313.84,318.34
1990-09-19,318.64,318.94,315.34,315.44
1990-09-20,316.94,317.59,312.44,314.34
1990-09-21,314.74,315.54,310.19,314.54
1990-09-24,312.94,312.94,305.04,307.24
1990-09-25,309.44,311.49,306.99,311.24
1990-09-26,311.09,311.64,305.34,308.24
1990-09-27,310.74,311.34,300.84,302.64
1990-09-28,297.64,308.24,297.24,306.69
1990-10-01,309.94,318.44,308.74,318.19
1990-10-02,319.34,323.44,317.49,318.29
1990-10-03,317.84,319.84,312.74,313.64
1990-10-04,312.94,316.74,311.14,315.24
1990-10-05,310.24,318.24,308.14,314.79
1990-10-08,317.94,318.34,315.04,317.34
1990-10-09,313.94,314.49,304.94,305.69
1990-10-10,307.34,309.24,299.94,302.14
1990-10-11,301.94,304.24,295.54,297.29
1990-10-12,299.09,304.19,297.44,301.64
1990-10-15,302.94,307.44,296.94,305.94
1990-10-16,305.94,306.84,299.39,301.19
1990-10-17,300.54,304.14,299.44,300.54
1990-10-18,302.04,308.44,301.49,308.09
1990-10-19,313.09,313.89,310.14,312.99
1990-10-22,313.19,318.59,312.34,315.44
1990-10-23,315.64,317.44,312.94,313.74
1990-10-24,312.44,315.84,311.84,315.39
1990-10-25,315.14,315.74,310.84,311.34
1990-10-26,309.14,310.44,305.69,306.19
1990-10-29,306.74,309.44,301.34,303.94
1990-10-30,303.44,306.54,300.14,306.14
1990-10-31,307.34,307.84,303.19,306.74
1990-11-01,305.74,309.34,302.34,308.39
1990-11-02,308.34,313.79,308.04,313.14
1990-11-05,313.94,316.54,312.64,315.34
1990-11-06,315.14,316.79,311.54,311.74
1990-11-07,312.04,312.69,306.74,307.19
1990-11-08,307.19,311.79,305.74,309.74
1990-11-09,311.74,316.34,310.09,315.49
1990-11-12,317.14,321.34,317.04,320.44
1990-11-13,319.94,321.34,318.14,319.09
1990-11-14,319.04,323.69,318.34,321.64
1990-11-15,320.44,321.04,316.94,317.99
1990-11-16,319.74,320.74,315.74,319.24
1990-11-19,320.44,321.39,318.89,321.09
1990-11-20,320.84,321.34,316.44,316.74
1990-11-21,317.94,318.44,313.34,317.79
1990-11-23,317.34,319.04,315.19,315.44
1990-11-26,312.94,318.44,311.34,318.14
1990-11-27,317.74,319.94,316.19,319.59
1990-11-28,319.14,321.19,318.24,319.19
1990-11-29,318.39,319.19,315.09,316.69
1990-11-30,316.69,324.84,316.04,323.99
1990-12-03,325.44,325.89,323.44,324.34
1990-12-04,323.94,328.94,322.54,328.14
1990-12-05,327.34,331.94,326.14,331.74
1990-12-06,335.44,335.44,329.04,330.44
1990-12-07,329.74,330.44,326.74,328.19
1990-12-10,327.84,330.24,326.64,329.59
1990-12-11,329.24,329.24,326.14,328.49
1990-12-12,327.94,331.89,327.44,331.49
1990-12-13,330.94,331.79,329.04,329.89
1990-12-14,328.74,328.74,325.34,327.14
1990-12-17,325.64,327.04,324.84,326.69
1990-12-18,326.94,330.94,326.69,330.64
1990-12-19,329.94,330.94,329.24,329.49
1990-12-20,327.19,333.09,327.19,332.79
1990-12-21,333.44,334.84,332.24,334.69
1990-12-24,333.54,333.69,330.84,331.14
1990-12-26,331.94,334.69,331.94,333.69
1990-12-27,332.84,333.84,329.84,330.74
1990-12-28,330.64,331.74,328.94,331.59
1990-12-31,331.84,332.04,329.49,330.94
1991-01-02,330.54,333.54,326.64,326.79
1991-01-03,327.74,328.29,323.44,324.09
1991-01-04,324.74,325.04,319.94,323.19
1991-01-07,319.94,321.84,317.14,317.49
1991-01-08,317.94,319.24,315.34,317.14
1991-01-09,318.94,323.14,309.94,312.59
1991-01-10,314.94,316.44,312.84,315.94
1991-01-11,315.44,316.54,314.44,316.14
1991-01-14,312.94,314.44,309.74,314.29
1991-01-15,314.04,314.64,312.54,314.29
1991-01-16,313.54,318.94,313.34,318.09
1991-01-17,329.94,334.94,323.09,331.94
1991-01-18,330.19,334.24,329.24,333.84
1991-01-21,331.44,333.64,330.59,332.89
1991-01-22,332.04,332.79,328.64,329.79
1991-01-23,330.44,332.64,329.54,331.34
1991-01-24,332.49,337.34,332.44,336.74
1991-01-25,336.44,338.44,334.79,337.84
1991-01-28,337.64,338.64,336.34,336.69
1991-01-29,336.24,336.84,335.04,336.64
1991-01-30,336.94,342.38,336.94,342.18
1991-01-31,341.73,344.73,341.38,344.58
1991-02-01,342.93,345.63,340.58,343.33
1991-02-04,343.23,350.03,343.13,348.88
1991-02-05,348.68,352.83,347.93,352.73
1991-02-06,351.73,359.93,350.73,359.78
1991-02-07,360.43,364.93,356.43,357.83
1991-02-08,357.23,360.93,356.73,360.63
1991-02-11,360.93,370.43,360.63,369.83
1991-02-12,368.68,371.93,366.03,366.23
1991-02-13,366.43,371.18,365.63,370.18
1991-02-14,369.93,371.83,363.33,365.28
1991-02-15,366.03,370.93,364.93,369.38
1991-02-19,368.93,371.48,367.43,370.08
1991-02-20,368.43,368.43,365.08,366.43
1991-02-21,367.03,368.23,364.93,365.83
1991-02-22,364.53,372.63,364.43,366.78
1991-02-25,370.93,371.18,365.43,367.98
1991-02-26,365.93,366.58,362.78,363.73
1991-02-27,364.43,369.53,363.58,369.03
1991-02-28,370.23,371.33,366.23,366.73
1991-03-01,363.33,371.43,363.33,371.18
1991-03-04,372.13,372.58,368.93,369.58
1991-03-05,370.53,378.53,370.08,377.28
1991-03-06,378.83,380.38,375.33,376.53
1991-03-07,376.53,377.73,375.43,375.58
1991-03-08,376.13,379.23,374.03,375.28
1991-03-11,375.73,375.73,372.63,373.43
1991-03-12,372.83,375.18,369.53,370.78
1991-03-13,370.93,375.78,370.23,375.73
1991-03-14,376.13,378.73,371.63,373.53
1991-03-15,376.73,377.83,373.23,375.48
1991-03-18,374.53,377.68,371.93,375.93
1991-03-19,371.93,372.63,367.93,369.93
1991-03-20,369.93,372.53,368.73,371.33
1991-03-21,372.93,374.43,369.13,369.58
1991-03-22,369.13,371.43,368.03,371.13
1991-03-25,370.03,374.38,369.73,372.78
1991-03-26,372.23,379.83,371.73,379.63
1991-03-27,380.83,381.78,376.93,378.48
1991-03-28,379.68,380.08,375.93,376.18
1991-04-01,376.33,377.08,372.33,373.53
1991-04-02,374.18,382.53,374.18,381.98
1991-04-03,382.43,384.43,380.43,380.58
1991-04-04,381.63,384.93,379.28,381.93
1991-04-05,382.43,384.08,375.83,377.33
1991-04-08,377.18,381.23,376.23,381.03
1991-04-09,380.33,381.63,374.83,375.53
1991-04-10,375.73,377.13,372.68,375.73
1991-04-11,376.93,381.73,376.93,381.03
1991-04-12,381.93,383.68,378.13,382.33
1991-04-15,382.93,384.63,380.08,382.33
1991-04-16,381.43,389.83,380.83,389.08
1991-04-17,389.23,393.42,388.68,392.08
1991-04-18,390.23,393.27,389.43,390.68
1991-04-19,388.68,389.33,385.43,386.28
1991-04-22,385.68,386.13,381.73,383.23
1991-04-23,384.83,385.43,380.58,382.68
1991-04-24,383.33,384.88,380.83,383.68
1991-04-25,382.93,384.13,379.33,380.13
1991-04-26,378.53,381.83,377.78,380.03
1991-04-29,380.83,382.58,375.03,375.38
1991-04-30,375.18,379.33,374.13,375.83
1991-05-01,376.18,381.83,376.18,381.53
1991-05-02,382.23,383.23,380.23,381.33
1991-05-03,381.33,382.33,379.18,381.73
1991-05-06,380.83,381.53,378.23,380.78
1991-05-07,380.93,382.23,376.73,376.93
1991-05-08,377.43,380.93,376.83,379.98
1991-05-09,380.13,385.13,379.58,384.53
1991-05-10,384.88,384.93,374.93,375.93
1991-05-13,377.48,377.93,375.13,377.68
1991-05-14,376.13,376.33,371.13,372.53
1991-05-15,372.98,373.83,366.43,369.58
1991-05-16,371.23,373.73,370.58,372.78
1991-05-17,371.25,374.53,369.88,374.23
1991-05-20,373.83,375.08,371.93,373.33
1991-05-21,373.43,378.03,373.33,376.93
1991-05-22,376.25,377.73,375.08,377.43
1991-05-23,377.63,379.33,373.93,375.78
1991-05-24,376.98,379.63,376.13,378.33
1991-05-28,378.95,383.53,377.43,382.73
1991-05-29,383.13,384.93,382.08,384.08
1991-05-30,383.73,389.33,383.33,387.43
1991-05-31,387.83,390.53,385.93,389.63
1991-06-03,388.88,390.93,387.53,388.28
1991-06-04,387.55,388.93,385.43,388.53
1991-06-05,389.0,389.28,385.08,385.83
1991-06-06,386.13,387.03,383.53,384.28
1991-06-07,382.33,383.33,379.08,380.13
1991-06-10,380.35,380.68,378.03,378.58
1991-06-11,379.03,382.48,378.83,382.03
1991-06-12,380.23,380.43,374.13,377.03
1991-06-13,377.6,378.73,376.33,378.23
1991-06-14,379.43,382.83,378.93,382.23
1991-06-17,381.93,382.53,380.38,380.88
1991-06-18,380.63,382.68,377.53,378.98
1991-06-19,377.18,377.18,374.33,375.08
1991-06-20,374.43,376.58,373.73,375.68
1991-06-21,375.38,375.38,375.38,375.38
1991-06-24,378.48,378.48,372.93,373.43
1991-06-25,375.13,375.33,372.43,373.78
1991-06-26,373.93,375.73,371.13,375.28
1991-06-27,376.05,377.38,375.53,377.28
1991-06-28,376.13,376.33,370.03,372.18
1991-07-01,375.93,380.68,375.68,380.43
1991-07-02,380.03,380.83,379.53,380.58
1991-07-03,377.83,377.83,373.93,375.93
1991-07-05,373.93,378.43,373.93,376.13
1991-07-08,374.23,380.43,372.33,380.18
1991-07-09,380.13,381.08,376.93,378.53
1991-07-10,379.43,383.13,376.43,378.48
1991-07-11,380.13,380.43,376.98,380.23
1991-07-12,381.43,384.13,377.08,382.53
1991-07-15,382.93,385.18,382.28,384.43
1991-07-16,384.43,385.43,382.53,384.33
1991-07-17,383.43,385.18,382.73,383.28
1991-07-18,382.93,387.63,382.63,386.68
1991-07-19,387.43,387.43,384.93,386.53
1991-07-22,385.83,386.63,382.98,385.08
1991-07-23,385.93,387.03,380.53,381.53
1991-07-24,381.93,382.33,379.43,380.68
1991-07-25,381.03,382.98,379.53,381.78
1991-07-26,381.93,383.18,380.73,381.88
1991-07-29,382.18,384.83,381.38,384.38
1991-07-30,385.03,388.53,384.63,388.03
1991-07-31,388.18,388.98,387.23,388.33
1991-08-01,387.78,389.08,387.23,388.88
1991-08-02,389.88,390.73,386.73,388.38
1991-08-05,387.83,388.58,385.43,386.63
1991-08-06,385.98,392.37,385.13,391.63
1991-08-07,391.63,392.92,390.83,391.88
1991-08-08,390.93,393.12,388.98,390.08
1991-08-09,390.33,391.13,387.63,387.78
1991-08-12,387.63,389.73,386.53,389.23
1991-08-13,390.03,393.67,389.03,390.03
1991-08-14,392.08,393.22,389.93,391.13
1991-08-15,390.83,393.12,390.03,390.88
1991-08-16,390.78,391.83,382.98,386.78
1991-08-19,381.78,381.78,374.78,378.78
1991-08-20,380.03,380.98,377.08,380.43
1991-08-21,385.43,392.42,384.43,392.17
1991-08-22,393.37,393.62,390.73,392.27
1991-08-23,390.78,396.82,390.63,394.57
1991-08-26,394.64,395.37,393.52,394.42
1991-08-27,394.19,394.97,392.32,394.47
1991-08-28,394.37,397.87,393.82,396.72
1991-08-29,397.09,397.82,395.32,396.92
1991-08-30,396.82,397.37,393.72,395.47
1991-09-03,396.37,398.52,392.03,392.62
1991-09-04,392.92,393.07,388.83,391.13
1991-09-05,391.33,391.68,388.93,389.68
1991-09-06,390.8,391.38,387.33,389.38
1991-09-09,389.08,390.13,388.03,388.58
1991-09-10,388.93,389.13,383.93,385.03
1991-09-11,385.73,386.03,383.88,384.63
1991-09-12,385.85,387.78,385.78,387.63
1991-09-13,388.63,388.73,382.83,383.43
1991-09-16,383.68,386.43,382.83,386.18
1991-09-17,385.43,387.23,384.88,385.53
1991-09-18,384.78,386.73,384.13,386.43
1991-09-19,386.23,389.73,385.93,387.03
1991-09-20,389.18,389.18,389.18,389.18
1991-09-23,389.83,391.33,387.63,389.13
1991-09-24,388.88,391.33,386.63,390.23
1991-09-25,390.9,391.23,388.23,389.18
1991-09-26,387.83,391.13,387.23,389.73
1991-09-27,389.53,391.83,386.73,388.68
1991-09-30,388.33,390.93,386.33,390.23
1991-10-01,391.23,392.22,390.53,391.58
1991-10-02,391.93,392.52,389.23,389.38
1991-10-03,389.05,389.73,385.53,385.63
1991-10-04,386.43,387.43,382.13,382.33
1991-10-07,382.25,383.48,380.48,381.93
1991-10-08,382.18,383.48,381.03,381.98
1991-10-09,381.8,382.48,377.53,378.23
1991-10-10,378.78,382.73,377.83,382.23
1991-10-11,382.33,383.13,381.23,382.73
1991-10-14,383.18,388.63,383.03,388.48
1991-10-15,388.2,393.42,387.38,392.12
1991-10-16,392.47,395.12,391.63,394.52
1991-10-17,393.32,395.77,391.68,393.67
1991-10-18,394.09,394.77,392.82,394.47
1991-10-21,393.52,393.67,390.23,392.22
1991-10-22,391.48,392.87,388.53,389.33
1991-10-23,389.73,390.13,387.43,389.78
1991-10-24,389.13,389.53,384.68,386.23
1991-10-25,385.98,387.38,383.53,385.23
1991-10-28,386.5,390.83,385.93,390.53
1991-10-29,390.53,393.17,387.58,392.82
1991-10-30,393.07,394.12,391.38,393.67
1991-10-31,393.32,393.72,392.08,393.22
1991-11-01,392.97,395.62,389.83,391.73
1991-11-04,390.48,392.03,388.58,391.78
1991-11-05,391.9,393.67,388.83,389.63
1991-11-06,389.13,391.18,388.18,390.98
1991-11-07,391.33,394.37,390.48,394.22
1991-11-08,396.27,397.67,393.12,393.37
1991-11-11,393.44,394.82,392.92,394.17
1991-11-12,395.47,398.32,394.97,397.22
1991-11-13,394.72,398.42,394.22,398.22
1991-11-14,399.02,399.12,396.42,397.87
1991-11-15,397.77,398.12,378.93,383.43
1991-11-18,384.68,386.23,379.93,385.98
1991-11-19,383.03,383.43,373.98,380.88
1991-11-20,381.68,382.13,378.08,378.33
1991-11-21,377.18,382.08,376.88,381.18
1991-11-22,379.73,380.58,374.38,375.43
1991-11-25,376.33,378.03,374.48,376.48
1991-11-26,377.83,379.53,372.03,379.43
1991-11-27,378.63,379.33,376.33,377.03
1991-11-29,375.98,376.98,374.68,375.63
1991-12-02,371.93,382.23,371.03,382.13
1991-12-03,381.08,382.33,380.43,380.48
1991-12-04,381.28,382.03,378.23,380.48
1991-12-05,379.63,380.53,376.48,378.08
1991-12-06,376.0,382.93,375.78,379.38
1991-12-09,379.78,381.83,377.53,378.78
1991-12-10,377.83,380.53,376.53,378.53
1991-12-11,379.58,380.23,375.03,377.88
1991-12-12,379.68,382.58,379.33,381.53
1991-12-13,383.38,385.43,383.23,384.73
1991-12-16,384.48,386.43,384.33,384.93
1991-12-17,384.53,385.03,382.78,382.98
1991-12-18,383.03,384.13,381.03,383.73
1991-12-19,382.8,383.78,380.33,382.83
1991-12-20,389.04,389.04,389.04,389.04
1991-12-23,388.08,399.42,387.93,398.97
1991-12-24,398.42,403.32,398.17,400.82
1991-12-26,401.17,406.22,400.52,405.92
1991-12-27,405.92,407.97,405.77,407.82
1991-12-30,407.82,416.67,407.72,416.32
1991-12-31,407.82,416.67,407.72,416.32
1992-01-02,416.82,421.42,412.32,420.27
1992-01-03,419.12,421.92,418.17,420.17
1992-01-06,419.19,421.32,418.12,419.72
1992-01-07,417.97,419.52,416.72,419.37
1992-01-08,417.72,422.52,416.42,419.12
1992-01-09,419.82,422.42,416.92,418.87
1992-01-10,417.82,419.62,414.67,416.17
1992-01-13,415.82,417.12,414.97,415.72
1992-01-14,416.42,422.42,415.57,421.57
1992-01-15,422.27,422.77,419.42,421.52
1992-01-16,420.82,421.12,415.92,419.47
1992-01-17,419.32,420.47,416.72,419.22
1992-01-20,418.67,419.62,415.82,417.32
1992-01-21,416.54,416.87,412.72,414.37
1992-01-22,414.09,419.57,414.02,419.17
1992-01-23,419.32,421.32,414.72,415.02
1992-01-24,415.27,418.77,414.52,415.67
1992-01-27,416.77,417.82,414.92,415.52
1992-01-28,416.87,417.37,414.57,415.37
1992-01-29,414.37,418.77,408.52,410.82
1992-01-30,410.92,412.17,409.17,411.97
1992-01-31,412.47,412.87,408.02,408.52
1992-02-03,408.04,410.22,407.42,409.52
1992-02-04,409.92,414.12,409.22,413.72
1992-02-05,414.17,416.72,413.32,413.57
1992-02-06,413.87,414.82,412.07,414.37
1992-02-07,414.42,416.02,407.72,412.07
1992-02-10,412.47,414.52,412.02,413.82
1992-02-11,413.97,415.52,412.32,414.47
1992-02-12,413.82,419.02,413.62,418.17
1992-02-13,417.47,418.32,412.12,414.22
1992-02-14,413.22,414.82,411.22,412.17
1992-02-18,413.02,414.22,406.02,408.22
1992-02-19,407.82,409.52,406.67,408.82
1992-02-20,409.17,414.12,408.72,413.77
1992-02-21,412.82,414.42,409.32,412.07
1992-02-24,411.72,413.72,410.32,411.32
1992-02-25,411.37,411.62,407.97,410.22
1992-02-26,411.32,415.72,411.12,415.22
1992-02-27,415.02,415.97,413.42,414.97
1992-02-28,415.59,416.42,411.32,412.27
1992-03-02,412.22,414.07,411.12,412.92
1992-03-03,412.79,414.02,411.62,412.32
1992-03-04,412.69,413.02,409.22,409.32
1992-03-05,408.37,409.32,404.92,407.32
1992-03-06,406.99,407.82,403.42,403.82
1992-03-09,404.82,405.72,403.97,405.37
1992-03-10,406.12,409.17,405.92,407.07
1992-03-11,406.27,406.72,402.17,404.57
1992-03-12,404.67,405.07,401.67,404.32
1992-03-13,405.82,406.32,403.42,405.72
1992-03-16,405.59,406.92,403.17,406.72
1992-03-17,407.02,410.07,406.82,409.52
1992-03-18,409.02,410.72,407.92,409.52
1992-03-19,410.19,410.87,408.82,409.82
1992-03-20,410.14,410.14,410.14,410.14
1992-03-23,410.72,411.22,409.42,411.12
1992-03-24,411.62,412.62,408.52,409.62
1992-03-25,409.12,410.92,408.52,409.32
1992-03-26,409.67,410.12,407.32,408.72
1992-03-27,408.12,408.22,403.37,403.97
1992-03-30,404.02,405.02,403.12,403.27
1992-03-31,402.92,406.42,402.22,404.12
1992-04-01,401.42,405.72,401.02,405.27
1992-04-02,405.27,405.27,398.92,399.52
1992-04-03,400.12,402.12,398.62,401.22
1992-04-06,402.42,406.77,402.42,405.72
1992-04-07,405.92,405.92,397.17,397.67
1992-04-08,396.17,397.62,392.32,395.17
1992-04-09,395.77,403.32,395.17,403.12
1992-04-10,404.42,405.62,403.22,405.42
1992-04-13,404.67,405.57,404.17,405.02
1992-04-14,408.12,414.82,407.62,413.57
1992-04-15,414.02,417.52,414.02,417.37
1992-04-16,417.22,417.22,413.62,415.62
1992-04-20,413.22,413.97,407.72,410.92
1992-04-21,411.02,412.07,408.32,410.12
1992-04-22,409.92,412.27,409.17,410.02
1992-04-23,410.02,412.12,406.72,410.87
1992-04-24,411.82,413.02,408.32,408.72
1992-04-27,409.07,410.02,407.37,409.27
1992-04-28,408.92,410.12,406.02,409.37
1992-04-29,410.22,412.82,409.42,412.57
1992-04-30,412.32,414.92,411.82,414.72
1992-05-01,415.17,415.32,409.22,412.52
1992-05-04,413.22,418.32,413.22,416.42
1992-05-05,416.22,418.37,415.47,416.67
1992-05-06,417.82,418.22,415.97,416.52
1992-05-07,416.12,416.97,415.07,415.87
1992-05-08,416.52,417.32,413.97,416.62
1992-05-11,416.82,418.97,416.37,418.22
1992-05-12,418.52,418.62,414.22,416.52
1992-05-13,416.22,417.12,415.32,416.07
1992-05-14,415.07,415.32,411.12,412.72
1992-05-15,410.02,412.17,409.92,411.12
1992-05-18,412.27,413.77,412.02,413.37
1992-05-19,413.67,417.52,411.92,417.27
1992-05-20,416.27,417.27,415.52,416.17
1992-05-21,413.97,414.22,411.22,412.62
1992-05-22,413.32,415.27,412.92,414.07
1992-05-26,412.62,412.62,409.72,411.77
1992-05-27,411.54,412.92,411.12,412.62
1992-05-28,412.77,417.17,412.07,416.82
1992-05-29,417.27,418.57,414.72,414.82
1992-06-01,414.19,417.12,411.92,416.72
1992-06-02,416.52,416.97,413.22,414.37
1992-06-03,413.67,417.17,412.82,414.12
1992-06-04,414.49,415.47,412.62,413.42
1992-06-05,412.99,414.47,411.32,414.22
1992-06-08,413.07,414.07,412.27,413.52
1992-06-09,413.67,413.82,409.22,409.52
1992-06-10,409.97,410.57,407.32,407.52
1992-06-11,407.87,409.42,406.42,409.32
1992-06-12,412.42,412.92,409.62,409.72
1992-06-15,408.12,412.17,408.12,410.77
1992-06-16,410.79,411.82,407.82,408.07
1992-06-17,406.87,407.62,401.12,401.32
1992-06-18,401.57,402.77,400.12,400.57
1992-06-19,401.53,401.53,401.53,401.53
1992-06-22,402.02,404.32,400.22,403.97
1992-06-23,404.24,405.67,403.52,404.52
1992-06-24,404.09,405.42,403.17,404.37
1992-06-25,405.92,406.32,402.22,403.02
1992-06-26,402.22,404.42,401.72,404.02
1992-06-29,404.07,409.67,403.92,409.47
1992-06-30,409.24,410.07,407.92,409.42
1992-07-01,409.04,413.47,408.92,412.92
1992-07-02,413.47,416.42,408.92,412.07
1992-07-06,412.07,414.27,410.12,414.12
1992-07-07,414.22,415.92,407.72,407.87
1992-07-08,408.07,410.57,406.72,410.47
1992-07-09,410.82,415.32,410.67,415.02
1992-07-10,414.87,416.27,412.97,415.02
1992-07-13,414.82,416.02,413.52,414.57
1992-07-14,414.62,418.02,414.12,417.62
1992-07-15,417.32,418.02,415.82,417.12
1992-07-16,415.22,418.12,414.42,417.62
1992-07-17,415.82,416.12,412.42,414.97
1992-07-20,410.92,414.92,409.67,413.87
1992-07-21,414.62,415.02,412.97,413.07
1992-07-22,411.17,412.07,409.52,410.27
1992-07-23,410.57,412.12,409.22,411.92
1992-07-24,410.42,411.82,409.42,411.17
1992-07-27,411.04,412.57,410.82,410.92
1992-07-28,411.97,417.67,411.67,417.32
1992-07-29,419.19,423.42,419.07,422.82
1992-07-30,422.92,424.22,421.62,423.52
1992-07-31,423.92,424.97,422.42,423.82
1992-08-03,423.22,424.92,422.87,424.72
1992-08-04,424.47,424.87,422.92,423.77
1992-08-05,422.79,423.72,421.77,422.27
1992-08-06,421.79,422.47,420.52,420.67
1992-08-07,420.67,424.02,417.52,417.67
1992-08-10,417.02,419.97,416.72,419.87
1992-08-11,420.12,420.32,416.22,418.72
1992-08-12,418.57,420.07,416.27,418.17
1992-08-13,419.19,420.02,415.82,416.87
1992-08-14,418.47,420.82,417.47,420.22
1992-08-17,420.44,422.17,419.62,420.82
1992-08-18,420.27,421.67,419.77,420.77
1992-08-19,421.47,422.02,418.17,418.27
1992-08-20,418.77,419.02,416.82,418.47
1992-08-21,420.19,420.82,412.97,414.52
1992-08-24,411.92,412.77,409.67,411.32
1992-08-25,411.17,411.82,407.92,411.12
1992-08-26,411.47,413.82,410.32,413.27
1992-08-27,414.77,415.82,413.12,413.97
1992-08-28,413.92,415.12,413.22,414.52
1992-08-31,414.77,415.02,413.17,414.07
1992-09-01,413.59,415.97,413.32,415.72
1992-09-02,415.77,418.52,414.82,418.02
1992-09-03,418.72,420.02,416.82,418.47
1992-09-04,417.02,418.92,416.12,416.57
1992-09-08,416.27,416.77,413.82,414.52
1992-09-09,414.34,416.82,414.27,416.57
1992-09-10,416.82,421.32,416.22,419.62
1992-09-11,419.87,420.52,418.72,419.27
1992-09-14,422.87,425.32,422.17,425.02
1992-09-15,423.17,423.67,419.52,419.77
1992-09-16,417.62,423.12,417.22,419.82
1992-09-17,421.02,421.47,419.17,420.07
1992-09-18,420.9,420.9,420.9,420.9
1992-09-21,423.02,423.32,421.22,422.47
1992-09-22,421.62,422.32,417.02,417.52
1992-09-23,417.97,418.42,415.62,417.57
1992-09-24,418.82,419.62,417.72,418.82
1992-09-25,418.17,418.32,412.62,414.37
1992-09-28,413.62,417.22,413.27,416.82
1992-09-29,416.32,417.92,415.17,417.47
1992-09-30,416.82,418.72,416.37,418.27
1992-10-01,418.27,418.52,415.42,415.57
1992-10-02,416.12,416.77,409.27,409.82
1992-10-05,407.57,408.42,389.93,408.07
1992-10-06,407.37,408.92,404.62,407.17
1992-10-07,407.17,408.62,402.92,403.67
1992-10-08,405.67,408.37,404.22,407.77
1992-10-09,405.77,406.07,402.07,403.02
1992-10-12,404.29,407.57,404.02,406.82
1992-10-13,407.77,410.77,406.52,409.22
1992-10-14,408.29,411.87,407.17,408.77
1992-10-15,407.02,411.42,406.62,409.77
1992-10-16,410.64,411.02,407.22,410.97
1992-10-19,410.52,415.77,410.22,415.67
1992-10-20,417.07,417.92,414.22,415.57
1992-10-21,416.27,416.42,414.02,415.42
1992-10-22,415.17,417.02,412.82,414.97
1992-10-23,415.64,416.27,413.62,413.77
1992-10-26,413.67,418.32,413.12,417.87
1992-10-27,418.92,419.22,416.42,417.92
1992-10-28,417.67,420.62,417.17,420.17
1992-10-29,420.24,421.02,419.17,420.17
1992-10-30,420.42,420.62,417.62,417.72
1992-11-02,418.29,422.72,417.87,421.97
1992-11-03,421.92,422.17,417.97,419.77
1992-11-04,418.22,420.82,416.02,416.12
1992-11-05,416.52,418.42,415.62,418.22
1992-11-06,417.17,418.37,416.52,417.02
1992-11-09,416.47,420.62,416.22,417.92
1992-11-10,418.54,419.82,417.52,418.32
1992-11-11,417.57,422.62,417.42,422.47
1992-11-12,422.42,423.22,421.17,422.77
1992-11-13,422.39,423.32,420.42,422.97
1992-11-16,422.49,422.77,420.12,420.67
1992-11-17,421.02,421.62,417.97,419.42
1992-11-18,419.74,424.17,419.57,422.97
1992-11-19,422.32,423.42,422.07,423.37
1992-11-20,423.87,427.42,423.72,426.52
1992-11-23,425.94,426.27,424.67,425.17
1992-11-24,425.09,429.72,424.77,428.02
1992-11-25,428.07,429.42,427.92,429.32
1992-11-27,429.67,432.52,429.02,430.32
1992-11-30,431.09,431.82,429.02,430.87
1992-12-01,430.82,431.67,428.62,431.02
1992-12-02,430.62,430.82,428.17,429.82
1992-12-03,430.07,431.47,428.42,430.17
1992-12-04,431.07,433.32,429.47,432.62
1992-12-07,432.89,435.32,431.82,435.22
1992-12-08,435.39,437.77,434.42,437.67
1992-12-09,436.77,437.52,433.62,435.67
1992-12-10,435.52,435.62,432.72,434.47
1992-12-11,433.99,434.67,433.17,433.77
1992-12-14,433.32,435.77,432.72,433.12
1992-12-15,432.62,434.37,432.52,433.27
1992-12-16,433.57,434.62,430.72,431.57
1992-12-17,432.22,436.52,431.52,436.17
1992-12-18,438.12,441.92,437.52,441.27
1992-12-21,440.79,442.47,440.52,441.47
1992-12-22,442.37,442.82,439.27,441.87
1992-12-23,441.17,442.52,440.02,440.87
1992-12-24,440.42,441.22,440.32,440.57
1992-12-28,440.02,440.42,437.52,439.12
1992-12-29,439.77,443.72,437.52,438.32
1992-12-30,438.77,440.02,437.02,439.32
1992-12-31,439.12,440.27,436.57,437.57
1993-01-04,438.17,438.57,434.62,435.42
1993-01-05,435.52,436.12,433.62,434.52
1993-01-06,434.52,436.02,432.82,435.17
1993-01-07,435.42,436.42,429.42,430.12
1993-01-08,430.32,430.67,426.62,429.62
1993-01-11,429.02,431.57,429.02,430.92
1993-01-12,431.22,431.72,427.82,431.37
1993-01-13,431.32,434.07,430.07,433.27
1993-01-14,434.12,436.62,432.82,436.22
1993-01-15,437.22,440.12,435.82,436.37
1993-01-18,436.52,437.42,435.57,437.22
1993-01-19,437.52,438.07,434.72,435.47
1993-01-20,435.72,436.72,432.67,433.07
1993-01-21,433.22,436.42,432.22,436.22
1993-01-22,435.92,438.02,435.12,436.57
1993-01-25,436.22,440.72,436.02,440.27
1993-01-26,441.42,442.97,439.07,439.72
1993-01-27,439.62,440.12,436.52,438.02
1993-01-28,438.22,439.37,436.92,438.72
1993-01-29,439.62,439.62,436.72,438.17
1993-02-01,438.92,442.57,438.92,442.42
1993-02-02,441.62,443.22,440.82,442.97
1993-02-03,443.42,447.91,443.07,447.81
1993-02-04,449.01,450.41,448.01,449.46
1993-02-05,448.76,450.16,446.96,449.26
1993-02-08,449.01,450.76,447.81,448.36
1993-02-09,447.11,447.56,444.96,446.01
1993-02-10,446.11,447.16,444.17,447.01
1993-02-11,447.21,450.11,447.21,447.96
1993-02-12,447.66,447.96,444.51,444.61
1993-02-16,443.62,444.02,432.72,433.72
1993-02-17,434.02,434.62,431.57,433.62
1993-02-18,437.92,438.42,428.42,432.27
1993-02-19,433.42,435.17,431.62,435.02
1993-02-22,435.32,437.17,434.12,436.42
1993-02-23,436.92,437.92,433.02,435.92
1993-02-24,435.92,441.82,435.42,441.72
1993-02-25,441.32,442.52,439.52,442.02
1993-02-26,442.82,443.82,440.72,443.62
1993-03-01,444.22,444.41,440.82,442.37
1993-03-02,441.52,448.36,441.02,448.21
1993-03-03,448.51,450.56,447.76,450.06
1993-03-04,450.01,450.21,446.96,447.16
1993-03-05,447.91,450.51,445.41,445.91
1993-03-08,447.21,456.51,447.01,455.91
1993-03-09,455.41,456.01,453.71,454.51
1993-03-10,454.91,456.41,452.51,456.31
1993-03-11,455.96,457.31,453.31,454.31
1993-03-12,451.91,452.16,445.96,449.16
1993-03-15,449.61,451.91,448.96,451.76
1993-03-16,451.61,452.31,450.46,450.61
1993-03-17,450.51,450.61,447.51,447.96
1993-03-18,449.16,452.61,449.01,451.71
1993-03-19,454.1,454.1,454.1,454.1
1993-03-22,446.91,449.66,445.71,448.91
1993-03-23,449.31,450.26,448.66,449.56
1993-03-24,448.41,451.46,446.31,449.11
1993-03-25,448.91,452.81,448.41,451.91
1993-03-26,451.61,452.76,448.01,448.81
1993-03-29,449.41,453.71,449.41,451.51
1993-03-30,451.61,452.91,450.21,452.76
1993-03-31,453.21,455.26,451.71,452.51
1993-04-01,452.31,453.11,449.06,449.26
1993-04-02,446.81,447.41,440.87,442.47
1993-04-05,443.52,443.82,441.52,442.82
1993-04-06,443.32,444.22,440.42,441.87
1993-04-07,442.42,443.67,441.12,442.67
1993-04-08,444.91,445.11,440.47,442.52
1993-04-12,446.41,449.16,445.71,448.26
1993-04-13,447.91,450.91,447.71,449.61
1993-04-14,449.61,450.31,448.36,449.01
1993-04-15,448.61,450.11,446.71,449.11
1993-04-16,449.01,450.01,448.16,449.46
1993-04-19,448.81,449.66,446.01,446.86
1993-04-20,446.41,447.01,441.82,445.71
1993-04-21,445.41,446.01,442.82,443.77
1993-04-22,442.67,446.21,438.22,438.47
1993-04-23,437.52,438.82,436.02,436.92
1993-04-26,436.42,438.42,432.07,432.82
1993-04-27,432.82,437.92,432.67,437.62
1993-04-28,436.82,438.57,435.92,436.87
1993-04-29,437.72,439.37,434.77,439.22
1993-04-30,439.92,442.12,438.42,438.57
1993-05-03,439.52,442.52,437.22,442.27
1993-05-04,442.52,445.26,441.72,443.82
1993-05-05,443.47,446.41,443.32,444.32
1993-05-06,443.72,444.32,442.32,443.77
1993-05-07,443.62,443.62,441.02,441.92
1993-05-10,442.62,445.56,442.17,443.17
1993-05-11,442.87,444.61,441.32,444.51
1993-05-12,442.92,445.46,442.47,443.92
1993-05-13,442.42,442.42,438.62,438.87
1993-05-14,438.87,440.17,437.72,439.42
1993-05-17,439.52,440.27,437.42,440.02
1993-05-18,440.32,440.87,437.62,439.97
1993-05-19,439.82,448.61,436.42,448.21
1993-05-20,448.01,450.81,447.31,450.71
1993-05-21,449.41,450.51,444.41,445.61
1993-05-24,445.71,448.81,445.56,448.01
1993-05-25,448.71,449.41,447.36,448.91
1993-05-26,449.51,454.11,448.81,453.86
1993-05-27,454.16,454.86,450.61,451.41
1993-05-28,451.41,451.76,446.91,450.01
1993-06-01,451.21,456.06,450.41,453.66
1993-06-02,453.01,455.16,452.41,453.31
1993-06-03,452.81,453.06,451.06,452.31
1993-06-04,450.81,452.01,448.41,450.51
1993-06-07,451.41,451.71,447.31,447.56
1993-06-08,447.71,448.01,444.17,445.61
1993-06-09,445.86,448.01,445.16,446.31
1993-06-10,446.11,446.71,444.17,446.36
1993-06-11,448.81,449.91,446.81,448.96
1993-06-14,448.96,449.81,448.16,448.41
1993-06-15,449.01,449.16,446.76,447.41
1993-06-16,447.61,449.01,444.12,448.81
1993-06-17,448.81,450.31,448.01,449.61
1993-06-18,449.46,449.46,445.16,446.06
1993-06-21,446.71,447.46,445.71,447.31
1993-06-22,447.31,447.61,445.51,446.86
1993-06-23,446.41,446.51,442.92,443.07
1993-06-24,443.82,448.71,443.12,448.21
1993-06-25,448.21,449.86,447.21,448.76
1993-06-28,450.21,453.01,449.71,452.56
1993-06-29,452.21,452.21,450.11,451.36
1993-06-30,451.41,452.36,450.21,450.91
1993-07-01,451.21,451.61,448.81,449.21
1993-07-02,448.41,448.41,445.16,446.16
1993-07-06,446.91,447.36,441.37,441.82
1993-07-07,442.32,444.22,441.87,443.37
1993-07-08,443.82,449.66,443.07,448.36
1993-07-09,448.01,449.51,447.16,449.11
1993-07-12,449.01,449.91,448.21,449.31
1993-07-13,449.51,451.26,447.91,448.76
1993-07-14,449.01,451.81,448.46,450.16
1993-07-15,449.31,449.71,447.61,449.66
1993-07-16,449.11,449.31,446.01,446.86
1993-07-19,446.71,447.46,445.36,446.66
1993-07-20,446.21,448.31,443.77,447.91
1993-07-21,446.71,447.91,446.01,447.51
1993-07-22,446.61,447.66,443.72,445.66
1993-07-23,445.01,447.51,445.01,447.36
1993-07-26,447.61,449.91,447.61,448.96
1993-07-27,448.91,449.71,446.86,447.61
1993-07-28,447.81,449.11,447.01,447.91
1993-07-29,448.71,451.41,447.81,450.26
1993-07-30,450.01,450.31,446.66,447.91
1993-08-02,447.91,450.41,447.71,449.51
1993-08-03,449.61,450.71,447.36,448.86
1993-08-04,448.81,450.21,447.41,449.11
1993-08-05,448.91,449.71,447.21,448.56
1993-08-06,448.71,449.71,447.51,448.66
1993-08-09,449.41,452.26,448.56,450.51
1993-08-10,450.26,451.06,449.61,450.71
1993-08-11,450.31,451.81,450.01,450.51
1993-08-12,451.51,452.11,447.51,449.56
1993-08-13,449.91,450.31,449.16,450.01
1993-08-16,450.01,453.71,450.01,452.26
1993-08-17,451.51,454.11,451.51,454.01
1993-08-18,455.16,457.16,454.81,456.21
1993-08-19,456.21,456.81,455.06,456.51
1993-08-20,455.31,456.71,454.51,456.26
1993-08-23,454.51,455.91,454.41,455.36
1993-08-24,455.41,460.56,455.11,460.21
1993-08-25,460.31,462.56,459.41,461.01
1993-08-26,460.61,463.56,459.01,461.11
1993-08-27,460.01,461.06,459.41,460.81
1993-08-30,460.81,463.16,460.81,461.91
1993-08-31,461.61,463.81,460.81,463.16
1993-09-01,462.41,463.91,461.71,462.71
1993-09-02,463.11,463.71,460.76,461.06
1993-09-03,461.01,462.46,460.01,461.51
1993-09-07,460.96,462.61,457.71,458.56
1993-09-08,457.91,458.61,453.81,456.56
1993-09-09,454.91,458.66,454.26,457.66
1993-09-10,457.76,462.41,457.76,461.91
1993-09-13,463.91,464.71,462.51,462.76
1993-09-14,461.01,461.61,458.71,460.86
1993-09-15,458.91,462.51,457.11,462.21
1993-09-16,461.41,461.81,459.56,460.51
1993-09-17,459.31,460.51,458.51,459.06
1993-09-20,459.11,461.16,455.31,455.56
1993-09-21,456.01,456.71,449.01,453.31
1993-09-22,455.61,458.21,454.41,457.56
1993-09-23,457.91,460.01,457.36,458.91
1993-09-24,458.81,459.71,457.91,459.26
1993-09-27,461.16,463.21,460.91,462.81
1993-09-28,462.91,463.01,461.91,462.31
1993-09-29,462.16,463.71,459.91,460.81
1993-09-30,460.31,461.76,458.61,459.26
1993-10-01,458.81,462.71,458.01,462.31
1993-10-04,461.91,463.11,461.11,462.36
1993-10-05,463.41,463.86,459.81,461.56
1993-10-06,461.51,463.71,461.01,461.86
1993-10-07,461.81,462.16,459.56,459.71
1993-10-08,461.51,462.11,456.81,461.26
1993-10-11,461.51,463.11,460.91,461.66
1993-10-12,462.41,462.91,460.96,461.86
1993-10-13,461.81,463.11,461.11,462.16
1993-10-14,463.41,468.06,462.31,467.86
1993-10-15,469.41,471.46,468.71,470.26
1993-10-18,470.01,470.61,468.46,469.41
1993-10-19,468.81,469.51,465.41,466.26
1993-10-20,467.01,467.36,465.26,467.01
1993-10-21,466.71,467.31,464.51,465.91
1993-10-22,466.56,468.61,463.21,463.36
1993-10-25,464.11,465.06,462.21,464.46
1993-10-26,464.51,464.71,463.01,464.46
1993-10-27,463.81,465.71,463.51,465.61
1993-10-28,465.21,469.61,464.96,467.96
1993-10-29,467.36,468.36,467.36,467.96
1993-11-01,467.31,469.46,467.16,469.36
1993-11-02,468.66,469.51,466.01,468.41
1993-11-03,468.51,468.61,460.66,461.91
1993-11-04,462.61,463.26,456.96,458.31
1993-11-05,456.86,459.81,454.31,459.51
1993-11-08,459.71,461.86,458.66,460.31
1993-11-09,462.91,463.51,460.31,460.71
1993-11-10,460.56,464.51,459.21,464.41
1993-11-11,464.06,465.56,462.31,462.81
1993-11-12,463.61,466.41,463.06,466.21
1993-11-15,466.01,466.31,463.11,464.21
1993-11-16,465.01,467.41,463.46,467.01
1993-11-17,467.11,467.31,462.56,464.31
1993-11-18,463.61,464.66,461.46,463.31
1993-11-19,461.81,463.51,460.11,461.46
1993-11-22,460.41,460.81,457.41,459.41
1993-11-23,460.91,462.01,458.61,461.66
1993-11-24,462.41,463.21,461.81,462.81
1993-11-26,464.11,464.31,462.91,463.06
1993-11-29,463.71,465.61,461.21,461.31
1993-11-30,461.41,464.16,460.41,461.76
1993-12-01,463.71,464.81,461.86,462.81
1993-12-02,462.71,463.66,461.56,463.41
1993-12-03,463.21,465.46,462.46,465.26
1993-12-06,465.31,467.61,464.91,467.06
1993-12-07,466.41,467.01,465.71,466.56
1993-12-08,466.51,466.51,465.16,465.81
1993-12-09,466.11,467.01,464.01,464.31
1993-12-10,464.41,464.61,462.21,463.81
1993-12-13,464.21,467.51,464.01,467.41
1993-12-14,467.21,467.36,463.41,463.56
1993-12-15,463.81,465.81,463.01,463.91
1993-12-16,465.01,465.41,463.51,464.66
1993-12-17,465.41,467.36,464.86,466.86
1993-12-20,466.41,468.11,466.11,467.31
1993-12-21,466.91,466.91,465.51,466.71
1993-12-22,467.11,469.21,466.71,468.61
1993-12-23,468.61,470.11,468.41,468.46
1993-12-27,468.91,471.66,468.71,471.56
1993-12-28,471.01,472.41,470.51,471.81
1993-12-29,472.01,472.66,470.41,471.56
1993-12-30,470.96,471.06,468.51,469.66
1993-12-31,469.91,470.91,466.71,466.86
1994-01-03,466.91,467.61,464.51,465.86
1994-01-04,465.61,467.56,465.16,467.41
1994-01-05,466.91,468.26,466.01,467.96
1994-01-06,468.91,469.31,467.26,467.76
1994-01-07,468.41,471.31,467.51,471.16
1994-01-10,470.71,476.41,470.11,475.91
1994-01-11,475.71,475.71,474.01,475.26
1994-01-12,475.31,475.61,472.41,474.11
1994-01-13,472.81,473.61,471.76,473.51
1994-01-14,474.01,475.71,473.71,474.56
1994-01-17,474.21,474.66,472.76,473.46
1994-01-18,474.41,475.71,473.91,474.31
1994-01-19,473.81,475.21,472.26,474.06
1994-01-20,474.31,475.31,473.51,475.21
1994-01-21,474.91,475.61,473.21,473.51
1994-01-24,473.71,475.66,471.16,472.56
1994-01-25,472.41,472.86,470.61,471.51
1994-01-26,471.31,473.91,471.16,473.81
1994-01-27,473.31,478.01,473.31,477.46
1994-01-28,478.41,480.06,478.16,478.61
1994-01-31,480.11,483.01,479.51,481.61
1994-02-01,481.21,481.41,478.86,479.81
1994-02-02,480.86,482.61,480.11,482.21
1994-02-03,481.01,481.26,478.31,480.11
1994-02-04,479.81,481.31,468.41,468.86
1994-02-07,468.11,472.31,467.51,471.96
1994-02-08,472.11,472.16,469.56,471.81
1994-02-09,471.31,473.91,470.81,473.21
1994-02-10,472.71,473.21,468.81,469.36
1994-02-11,468.91,471.86,466.41,469.91
1994-02-14,469.91,472.66,468.41,471.21
1994-02-15,471.41,473.91,471.06,473.51
1994-02-16,473.81,474.71,471.86,473.06
1994-02-17,474.81,475.21,467.91,470.31
1994-02-18,471.11,471.41,465.21,468.06
1994-02-22,468.71,472.31,467.61,472.16
1994-02-23,472.36,472.76,469.21,470.96
1994-02-24,469.01,469.41,463.31,463.41
1994-02-25,464.91,466.51,464.21,466.16
1994-02-28,467.71,469.26,465.96,466.06
1994-03-01,466.41,467.36,461.61,463.81
1994-03-02,459.11,465.01,457.41,464.51
1994-03-03,464.51,464.51,461.96,462.71
1994-03-04,463.71,466.31,461.81,464.41
1994-03-07,466.11,468.01,466.06,467.01
1994-03-08,467.41,467.56,464.56,465.26
1994-03-09,465.51,467.86,463.06,467.11
1994-03-10,467.66,467.66,462.31,463.81
1994-03-11,465.41,468.16,463.51,467.31
1994-03-14,468.51,468.91,466.81,468.01
1994-03-15,468.61,469.81,466.41,467.56
1994-03-16,467.91,471.36,466.66,470.56
1994-03-17,469.51,471.91,469.41,471.46
1994-03-18,468.71,471.61,468.26,470.11
1994-03-21,469.41,470.11,467.36,469.31
1994-03-22,469.71,472.11,468.46,470.41
1994-03-23,470.11,471.66,469.66,470.61
1994-03-24,468.81,469.21,462.21,465.01
1994-03-25,465.41,466.41,459.71,459.86
1994-03-28,461.56,461.56,456.81,461.26
1994-03-29,460.41,461.16,450.91,451.56
1994-03-30,452.86,453.51,445.51,446.06
1994-03-31,445.71,447.46,435.82,446.66
1994-04-04,441.67,441.67,434.67,439.17
1994-04-05,443.17,448.66,442.57,448.56
1994-04-06,449.16,449.56,444.71,447.16
1994-04-07,448.01,451.91,445.81,450.41
1994-04-08,448.81,449.46,444.86,447.16
1994-04-11,447.81,450.81,446.96,450.36
1994-04-12,449.81,450.71,447.16,447.91
1994-04-13,447.91,448.76,442.17,446.01
1994-04-14,444.91,447.91,442.82,445.86
1994-04-15,445.51,447.61,444.81,445.66
1994-04-18,445.66,447.71,440.62,442.32
1994-04-19,442.32,444.91,438.62,443.02
1994-04-20,443.17,444.81,439.22,442.62
1994-04-21,444.17,449.51,442.72,449.26
1994-04-22,448.91,450.01,446.91,447.91
1994-04-25,447.21,452.91,447.21,452.06
1994-04-26,451.81,452.71,450.41,451.66
1994-04-28,450.71,451.71,447.16,448.96
1994-04-29,447.51,451.51,446.96,450.26
1994-05-02,450.01,453.51,448.06,452.76
1994-05-03,451.96,453.36,449.51,451.86
1994-05-04,452.31,452.61,448.96,450.96
1994-05-05,451.21,452.36,450.16,450.46
1994-05-06,447.71,448.11,444.51,446.51
1994-05-09,445.01,446.41,441.47,441.92
1994-05-10,444.61,447.41,443.77,445.66
1994-05-11,445.41,446.16,440.22,441.07
1994-05-12,443.72,444.91,442.22,443.02
1994-05-13,444.17,444.86,440.52,444.07
1994-05-16,444.22,446.06,443.52,444.17
1994-05-17,444.51,450.66,443.57,450.56
1994-05-18,450.21,454.76,448.66,454.01
1994-05-19,453.21,457.16,453.01,456.26
1994-05-20,455.41,455.81,453.66,454.71
1994-05-23,453.91,454.41,451.51,453.81
1994-05-24,454.01,456.86,453.91,455.26
1994-05-25,453.91,456.61,451.21,456.06
1994-05-26,455.21,458.01,455.21,457.21
1994-05-27,455.31,457.31,454.16,456.41
1994-05-31,455.11,457.51,454.41,456.11
1994-06-01,455.31,458.11,453.41,457.61
1994-06-02,457.71,458.31,456.61,457.51
1994-06-03,457.11,461.46,455.51,460.06
1994-06-06,460.71,462.06,458.91,459.26
1994-06-07,458.51,459.81,457.61,457.96
1994-06-08,459.51,459.86,455.26,457.16
1994-06-09,456.96,458.31,456.31,458.01
1994-06-10,458.16,459.71,457.21,458.76
1994-06-13,458.11,459.56,457.16,459.46
1994-06-14,459.91,462.71,459.91,462.46
1994-06-15,462.61,462.96,459.21,460.26
1994-06-16,460.11,462.21,459.41,461.76
1994-06-17,462.96,463.56,459.06,459.71
1994-06-20,459.51,459.91,455.61,456.66
1994-06-21,456.41,457.21,450.41,452.41
1994-06-22,452.31,455.31,451.96,454.31
1994-06-23,454.21,455.56,450.41,450.56
1994-06-24,450.41,450.41,439.92,442.02
1994-06-27,440.97,449.21,438.72,449.16
1994-06-28,448.91,449.61,443.42,446.96
1994-06-29,446.86,451.51,445.21,448.71
1994-06-30,448.71,450.06,443.62,444.96
1994-07-01,444.96,447.41,443.97,446.41
1994-07-05,446.51,448.66,444.91,446.96
1994-07-06,446.96,448.51,444.61,446.71
1994-07-07,447.41,449.61,446.86,449.31
1994-07-08,449.31,450.71,446.66,449.81
1994-07-11,449.46,450.91,445.26,447.11
1994-07-12,447.11,449.16,444.86,448.66
1994-07-13,448.61,450.56,448.41,449.46
1994-07-14,449.51,455.16,449.26,453.81
1994-07-15,454.01,454.91,453.21,454.71
1994-07-18,454.41,456.51,453.71,455.41
1994-07-19,455.26,456.01,454.16,454.76
1994-07-20,454.76,455.11,450.86,451.81
1994-07-21,451.76,453.71,451.01,453.21
1994-07-22,453.21,454.51,452.21,453.41
1994-07-25,453.41,454.66,452.86,454.21
1994-07-26,454.16,454.91,452.71,453.86
1994-07-27,453.66,453.76,451.31,453.06
1994-07-28,453.01,455.61,452.26,455.01
1994-07-29,454.91,460.01,454.61,458.81
1994-08-01,458.36,461.11,457.46,461.01
1994-08-02,461.01,463.21,459.56,460.86
1994-08-03,460.71,461.91,459.81,461.36
1994-08-04,461.31,461.61,458.16,458.26
1994-08-05,458.21,458.91,455.56,457.31
1994-08-08,457.26,458.36,456.91,457.86
1994-08-09,456.71,458.51,456.46,458.41
1994-08-10,458.26,461.21,458.11,461.01
1994-08-11,460.96,461.61,456.46,458.31
1994-08-12,458.31,462.81,457.11,462.56
1994-08-15,462.56,463.66,461.51,461.96
1994-08-16,461.76,461.91,461.51,461.51
1994-08-17,465.11,466.21,464.36,464.76
1994-08-18,464.46,464.91,461.66,463.11
1994-08-19,462.91,464.21,461.51,463.56
1994-08-22,463.51,463.61,461.16,462.71
1994-08-23,462.51,462.71,462.51,462.61
1994-08-24,465.11,465.11,464.76,465.06
1994-08-25,469.71,469.86,469.56,469.66
1994-08-26,468.21,468.31,468.11,468.31
1994-08-29,476.01,478.06,474.26,474.91
1994-08-30,474.71,477.11,473.66,476.06
1994-08-31,475.41,478.16,473.91,474.01
1994-09-01,473.71,473.81,471.56,473.71
1994-09-02,474.71,475.21,470.11,471.46
1994-09-06,470.91,472.11,469.41,471.31
1994-09-07,471.96,472.26,469.76,470.56
1994-09-08,470.91,473.86,470.56,472.81
1994-09-09,469.41,469.61,465.66,467.86
1994-09-12,467.81,468.51,465.36,465.46
1994-09-13,467.66,467.71,467.41,467.61
1994-09-14,469.16,470.91,468.21,470.71
1994-09-15,470.56,470.71,470.51,470.66
1994-09-16,475.56,476.06,475.51,475.66
1994-09-19,472.41,472.71,472.41,472.46
1994-09-20,472.46,473.01,463.61,463.86
1994-09-21,464.71,464.81,459.61,463.56
1994-09-22,464.51,465.46,462.51,462.66
1994-09-23,463.21,463.91,460.41,461.86
1994-09-26,461.86,463.41,461.01,463.06
1994-09-27,463.11,465.06,461.11,463.86
1994-09-28,463.91,467.61,463.76,466.36
1994-09-29,466.41,466.71,466.41,466.46
1994-09-30,463.86,464.01,463.86,463.91
1994-10-03,463.06,463.31,462.71,463.16
1994-10-04,463.06,464.51,454.46,454.96
1994-10-05,454.51,455.01,450.11,454.16
1994-10-06,454.16,454.21,453.81,453.91
1994-10-07,453.81,453.81,453.61,453.66
1994-10-10,456.91,460.81,456.81,460.56
1994-10-11,461.81,468.81,461.76,467.31
1994-10-12,466.41,468.31,465.96,467.56
1994-10-13,467.41,467.41,467.21,467.36
1994-10-14,469.01,469.06,468.56,468.56
1994-10-17,470.16,471.46,469.01,469.96
1994-10-18,469.86,470.21,469.71,469.91
1994-10-19,467.51,472.91,466.51,470.81
1994-10-20,470.11,471.16,465.91,467.31
1994-10-21,467.21,467.51,467.11,467.21
1994-10-24,465.41,467.61,461.41,462.06
1994-10-25,460.21,463.31,459.26,462.31
1994-10-26,464.21,464.41,461.51,463.26
1994-10-27,463.26,463.31,462.91,463.31
1994-10-28,467.11,476.81,466.66,476.11
1994-10-31,476.11,476.41,476.11,476.31
1994-11-01,472.56,472.56,472.06,472.16
1994-11-02,468.21,472.36,466.56,466.76
1994-11-03,467.61,469.71,466.76,468.71
1994-11-04,468.71,470.91,461.61,462.31
1994-11-07,462.91,464.81,461.51,464.41
1994-11-08,464.41,464.61,464.41,464.51
1994-11-09,471.46,471.66,463.21,465.71
1994-11-10,465.81,468.91,463.71,465.11
1994-11-11,465.16,465.16,464.71,464.96
1994-11-14,464.01,467.61,464.01,467.01
1994-11-15,466.71,469.91,460.91,465.56
1994-11-16,466.21,467.41,464.56,466.76
1994-11-17,466.76,466.76,466.56,466.56
1994-11-18,464.26,465.01,460.66,463.11
1994-11-21,463.11,464.61,457.31,457.51
1994-11-22,457.61,459.01,446.41,447.06
1994-11-23,446.51,447.76,445.91,447.71
1994-11-25,450.81,453.71,450.51,453.56
1994-11-28,452.21,455.16,451.31,454.86
1994-11-29,454.21,456.26,451.81,456.16
1994-11-30,456.61,457.71,453.71,453.86
1994-12-01,453.46,453.86,447.91,448.91
1994-12-02,448.71,453.91,447.66,453.81
1994-12-05,454.41,455.76,452.01,453.96
1994-12-06,452.41,454.81,450.16,453.76
1994-12-07,451.91,453.26,450.11,452.01
1994-12-08,451.61,452.91,445.01,445.86
1994-12-09,444.61,448.11,443.57,447.81
1994-12-12,446.61,450.21,446.51,450.06
1994-12-13,450.51,452.51,449.81,450.81
1994-12-14,451.01,456.61,450.91,454.71
1994-12-15,458.01,458.36,458.01,458.26
1994-12-16,459.81,462.41,459.71,461.71
1994-12-19,460.51,462.01,460.11,461.86
1994-12-20,461.91,462.41,459.91,460.36
1994-12-21,460.61,465.76,460.51,464.81
1994-12-22,464.61,465.21,462.61,463.16
1994-12-23,463.41,464.71,463.16,463.46
1994-12-27,464.71,466.51,464.61,465.91
1994-12-28,465.66,465.81,461.81,464.21
1994-12-29,464.21,465.51,463.31,464.51
1994-12-30,464.61,465.36,460.96,461.26
1995-01-03,461.01,462.01,460.11,461.36
1995-01-04,462.41,463.81,460.16,463.66
1995-01-05,463.01,464.01,462.41,463.16
1995-01-06,463.41,465.61,461.56,462.91
1995-01-09,462.41,464.51,461.71,463.66
1995-01-10,464.21,467.11,463.51,464.11
1995-01-11,465.26,466.01,460.31,464.36
1995-01-12,464.01,464.41,462.31,464.16
1995-01-13,463.96,464.16,463.96,464.06
1995-01-16,469.11,472.41,468.66,471.66
1995-01-17,471.61,471.71,471.61,471.61
1995-01-18,471.71,472.71,469.81,471.01
1995-01-19,471.11,471.16,470.56,470.81
1995-01-20,468.51,468.56,468.21,468.21
1995-01-23,464.11,468.31,463.31,468.01
1995-01-24,467.26,468.71,467.01,468.26
1995-01-25,466.61,471.76,466.21,469.81
1995-01-26,469.41,471.11,468.11,471.06
1995-01-27,473.11,473.76,470.01,471.46
1995-01-30,471.41,471.76,469.06,469.86
1995-01-31,470.41,472.81,469.31,472.11
1995-02-01,472.81,474.21,470.31,471.81
1995-02-02,471.81,474.71,471.31,474.56
1995-02-03,476.71,481.91,476.11,480.96
1995-02-06,480.41,484.11,480.31,482.66
1995-02-07,483.21,483.41,481.36,482.91
1995-02-08,482.51,484.71,481.91,482.26
1995-02-09,482.41,483.36,481.01,482.56
1995-02-10,482.41,482.51,482.36,482.36
1995-02-13,483.41,483.56,483.41,483.46
1995-02-14,484.41,484.61,481.66,483.61
1995-02-15,483.71,487.31,482.71,486.71
1995-02-16,486.66,487.01,484.21,486.21
1995-02-17,486.21,486.21,486.01,486.06
1995-02-21,484.01,484.16,483.76,483.91
1995-02-22,484.16,487.51,483.86,487.01
1995-02-23,488.71,490.66,487.51,488.61
1995-02-24,488.71,488.86,488.56,488.76
1995-02-27,488.06,489.11,483.61,484.86
1995-02-28,484.86,485.11,484.76,485.11
1995-03-01,488.11,489.06,485.31,486.06
1995-03-02,485.81,486.46,483.61,486.36
1995-03-03,484.91,486.21,483.01,485.76
1995-03-06,483.11,486.76,482.11,486.11
1995-03-07,484.51,485.61,479.21,482.16
1995-03-08,483.31,484.86,481.51,483.36
1995-03-09,483.01,484.21,482.21,483.31
1995-03-10,484.61,492.11,483.51,491.11
1995-03-13,490.96,491.91,489.61,489.96
1995-03-14,491.11,494.21,491.11,493.16
1995-03-15,497.0,497.3,494.41,496.01
1995-03-16,496.01,496.01,495.81,496.01
1995-03-17,499.4,500.9,498.4,499.6
1995-03-20,499.9,500.55,498.8,500.05
1995-03-21,499.35,503.5,497.3,499.25
1995-03-22,499.0,499.35,496.95,499.25
1995-03-23,498.75,500.7,497.5,499.25
1995-03-24,499.2,499.7,499.1,499.7
1995-03-27,506.0,507.6,504.9,507.45
1995-03-28,506.75,507.6,505.4,507.3
1995-03-29,507.15,507.25,507.05,507.2
1995-03-30,508.1,508.3,504.0,506.3
1995-03-31,506.25,506.4,498.9,504.3
1995-04-03,504.0,505.15,503.2,504.5
1995-04-04,504.55,508.2,504.05,507.7
1995-04-05,507.6,508.9,506.45,508.8
1995-04-06,508.75,510.4,507.7,509.6
1995-04-07,509.5,510.9,506.15,508.55
1995-04-10,507.8,509.8,507.3,509.6
1995-04-11,511.2,511.8,507.6,507.9
1995-04-12,508.95,510.0,507.55,509.85
1995-04-13,510.15,512.7,509.95,512.05
1995-04-17,511.85,514.75,507.0,508.3
1995-04-18,509.2,509.55,505.8,507.65
1995-04-19,507.6,508.25,503.0,506.55
1995-04-20,506.4,508.7,505.05,507.2
1995-04-21,507.15,510.3,507.15,510.2
1995-04-24,509.6,515.4,509.4,514.9
1995-04-25,514.85,515.0,514.65,515.0
1995-04-26,513.6,515.3,511.9,514.1
1995-04-27,513.35,515.8,512.9,515.2
1995-04-28,515.2,517.1,511.75,516.65
1995-05-01,516.1,517.15,514.6,515.2
1995-05-02,515.05,516.95,514.1,516.55
1995-05-03,516.45,522.65,516.4,522.5
1995-05-04,523.2,527.35,520.7,522.9
1995-05-05,522.7,522.8,522.55,522.8
1995-05-08,520.9,527.0,520.15,525.2
1995-05-09,525.3,527.8,522.8,524.35
1995-05-10,526.2,526.4,522.45,525.3
1995-05-11,525.2,526.7,523.35,526.55
1995-05-12,526.4,528.65,524.4,527.15
1995-05-15,527.7,529.9,526.2,529.8
1995-05-16,528.9,530.85,528.05,529.4
1995-05-17,529.3,530.3,526.45,527.7
1995-05-18,527.7,527.85,518.8,519.0
1995-05-19,519.0,520.65,517.1,520.25
1995-05-22,520.8,526.1,520.45,525.2
1995-05-23,525.9,530.1,524.45,529.9
1995-05-24,530.6,532.9,525.7,529.35
1995-05-25,528.4,530.3,525.25,529.8
1995-05-26,528.5,528.5,521.4,523.75
1995-05-30,525.4,526.6,521.6,523.4
1995-05-31,523.9,534.15,522.1,533.25
1995-06-01,532.6,535.2,530.1,533.65
1995-06-02,531.4,538.1,528.9,532.05
1995-06-05,532.45,538.6,532.3,536.55
1995-06-06,536.1,537.85,535.15,535.25
1995-06-07,534.5,535.2,531.7,533.15
1995-06-08,532.4,534.9,531.2,531.55
1995-06-09,530.7,531.5,525.1,528.6
1995-06-12,529.8,533.4,529.4,532.1
1995-06-13,536.7,541.55,536.4,540.7
1995-06-14,539.9,541.7,538.65,540.5
1995-06-15,541.1,544.2,539.8,542.7
1995-06-16,542.45,542.7,542.15,542.4
1995-06-19,545.6,550.29,544.5,549.54
1995-06-20,548.5,550.09,547.5,549.19
1995-06-21,549.49,550.79,548.5,548.85
1995-06-22,548.8,555.84,548.55,555.24
1995-06-23,554.99,556.04,552.34,554.79
1995-06-26,553.49,554.69,547.75,548.1
1995-06-27,548.4,551.64,546.4,547.05
1995-06-28,547.0,551.24,544.7,549.29
1995-06-29,549.29,550.49,544.4,548.35
1995-06-30,549.29,551.14,546.65,547.05
1995-07-03,548.6,550.39,547.8,549.44
1995-07-05,550.59,553.99,549.39,551.89
1995-07-06,549.44,553.99,549.34,551.89
1995-07-07,556.59,560.29,556.14,559.94
1995-07-10,560.49,562.39,559.39,561.09
1995-07-11,559.94,562.39,559.39,561.09
1995-07-12,561.14,561.14,556.79,557.64
1995-07-13,557.64,565.59,557.29,563.99
1995-07-14,564.14,565.29,561.99,563.89
1995-07-17,563.39,566.39,562.59,565.34
1995-07-18,564.84,564.89,559.79,560.79
1995-07-19,557.39,559.39,545.9,553.79
1995-07-20,554.39,557.49,551.59,556.14
1995-07-21,555.39,557.79,552.89,555.24
1995-07-24,556.49,560.39,556.24,560.29
1995-07-25,559.39,564.89,558.49,563.19
1995-07-26,563.69,566.29,562.59,563.94
1995-07-27,565.79,568.19,565.49,567.44
1995-07-28,567.89,568.34,563.79,564.19
1995-07-31,563.99,565.14,561.69,563.04
1995-08-01,562.99,563.44,558.49,561.29
1995-08-02,565.39,568.79,558.99,559.24
1995-08-03,556.64,560.39,555.19,560.34
1995-08-04,560.79,561.49,559.34,560.49
1995-08-07,560.99,563.09,560.59,561.14
1995-08-08,562.39,563.49,559.14,561.74
1995-08-09,562.64,563.49,560.59,561.79
1995-08-10,561.39,562.59,556.89,558.39
1995-08-11,558.89,559.69,554.09,557.09
1995-08-14,557.64,561.69,556.39,561.59
1995-08-15,560.29,561.49,556.14,559.94
1995-08-16,559.64,561.09,558.44,560.49
1995-08-17,561.14,561.39,558.19,560.49
1995-08-18,561.79,563.19,558.99,561.49
1995-08-21,562.99,565.39,558.39,558.74
1995-08-22,559.39,560.74,556.69,559.79
1995-08-23,559.99,561.09,557.59,557.69
1995-08-24,558.09,559.99,555.79,558.99
1995-08-25,559.59,562.89,559.19,561.94
1995-08-28,562.59,563.19,558.39,559.29
1995-08-29,559.69,560.99,556.04,560.44
1995-08-30,560.99,562.34,559.89,561.04
1995-08-31,561.09,563.14,560.59,562.74
1995-09-01,561.74,565.24,561.09,564.84
1995-09-05,565.39,569.59,564.59,569.24
1995-09-06,569.19,571.19,569.09,571.04
1995-09-07,570.49,571.19,569.39,570.89
1995-09-08,572.29,573.44,568.79,573.29
1995-09-11,573.29,575.09,572.89,573.79
1995-09-12,574.79,576.74,572.69,576.54
1995-09-13,580.99,584.99,580.29,584.09
1995-09-14,585.59,589.59,584.19,588.79
1995-09-15,588.59,590.39,586.39,588.99
1995-09-18,588.54,588.94,584.54,587.64
1995-09-19,587.64,589.89,585.49,589.79
1995-09-20,589.59,592.14,588.99,592.04
1995-09-21,591.19,591.69,584.49,586.54
1995-09-22,586.59,587.59,581.89,587.14
1995-09-25,587.69,587.69,583.69,585.89
1995-09-26,585.89,589.39,584.59,585.84
1995-09-27,582.39,585.49,579.09,585.34
1995-09-28,584.89,589.69,584.04,589.09
1995-09-29,589.19,592.49,587.59,588.09
1995-10-02,588.09,589.74,584.09,584.94
1995-10-03,584.84,586.54,582.29,586.19
1995-10-04,585.69,586.24,583.39,584.79
1995-10-05,584.84,586.84,583.19,586.49
1995-10-06,586.39,586.59,586.29,586.54
1995-10-09,584.79,584.89,580.29,581.64
1995-10-10,576.64,582.09,575.39,581.14
1995-10-11,582.79,583.64,581.19,583.24
1995-10-12,584.24,587.49,583.54,587.39
1995-10-13,589.89,591.39,587.99,588.09
1995-10-16,587.04,587.99,584.89,584.99
1995-10-17,586.19,590.19,584.79,589.79
1995-10-18,591.29,593.29,588.89,590.84
1995-10-19,590.39,593.89,589.24,593.84
1995-10-20,593.29,593.64,589.39,589.54
1995-10-23,586.89,590.09,586.29,587.69
1995-10-24,588.49,590.49,587.79,589.14
1995-10-25,589.99,590.29,583.64,583.84
1995-10-26,584.49,585.34,572.89,578.54
1995-10-27,578.69,583.49,575.09,583.39
1995-10-30,584.69,586.89,584.09,586.59
1995-10-31,587.49,589.74,583.59,583.74
1995-11-01,583.19,588.29,582.74,588.14
1995-11-02,587.89,592.39,587.39,592.24
1995-11-03,592.09,592.84,590.49,592.39
1995-11-06,591.49,592.19,590.34,591.19
1995-11-07,590.09,590.29,586.14,588.09
1995-11-08,588.79,594.29,588.79,593.99
1995-11-09,594.89,595.29,592.29,594.59
1995-11-10,592.09,595.54,591.79,594.34
1995-11-13,593.49,596.09,592.59,593.79
1995-11-14,592.89,593.99,589.94,590.34
1995-11-15,590.69,596.29,589.79,596.19
1995-11-16,595.69,599.89,595.19,599.79
1995-11-17,599.79,601.83,599.04,601.04
1995-11-20,601.38,601.68,597.59,598.29
1995-11-21,598.49,602.58,597.39,601.63
1995-11-22,601.48,602.38,600.09,600.29
1995-11-24,600.29,601.68,600.09,601.43
1995-11-27,602.28,604.98,601.48,601.68
1995-11-28,600.69,607.88,599.69,607.78
1995-11-29,608.38,608.73,606.18,607.93
1995-11-30,607.83,609.88,605.98,607.13
1995-12-01,613.58,614.88,611.18,613.68
1995-12-04,614.18,620.88,613.53,620.28
1995-12-05,619.38,625.08,619.33,624.33
1995-12-06,625.68,628.38,622.88,625.63
1995-12-07,624.68,625.48,621.43,622.28
1995-12-08,623.88,625.08,619.88,624.08
1995-12-11,624.78,627.78,623.58,625.78
1995-12-12,624.83,626.08,624.18,624.88
1995-12-13,625.48,628.78,624.78,627.43
1995-12-14,627.98,629.58,621.98,623.63
1995-12-15,623.88,624.18,620.93,622.63
1995-12-18,618.58,619.08,611.23,611.48
1995-12-19,611.38,618.38,610.68,617.73
1995-12-20,619.18,620.28,611.88,612.93
1995-12-21,614.28,618.68,613.18,615.83
1995-12-22,617.38,619.68,616.88,618.23
1995-12-26,618.78,619.93,618.28,619.43
1995-12-27,619.38,620.83,618.18,619.08
1995-12-28,617.48,620.38,616.73,617.63
1995-12-29,618.48,619.38,616.08,618.33
1996-01-02,617.68,625.18,617.48,624.98
1996-01-03,626.58,628.08,623.43,626.83
1996-01-04,627.18,629.93,616.38,619.68
1996-01-05,617.48,621.18,614.58,619.18
1996-01-08,620.68,622.48,620.63,622.28
1996-01-09,623.48,623.48,605.88,608.38
1996-01-10,606.88,611.53,598.29,600.64
1996-01-11,603.58,605.68,600.19,605.53
1996-01-12,606.68,607.63,599.39,604.83
1996-01-15,604.18,606.73,600.59,603.08
1996-01-16,605.78,610.98,601.04,610.78
1996-01-17,608.88,613.38,606.53,608.18
1996-01-18,610.08,611.13,605.98,610.38
1996-01-19,609.88,616.08,609.38,614.03
1996-01-22,614.13,615.83,612.78,613.58
1996-01-23,613.68,616.18,612.58,616.03
1996-01-24,617.38,622.68,616.68,621.83
1996-01-25,621.38,622.23,618.08,618.88
1996-01-26,617.38,624.63,617.08,624.03
1996-01-29,624.08,626.58,623.28,626.08
1996-01-30,627.38,632.83,626.43,631.83
1996-01-31,632.08,638.18,631.18,637.83
1996-02-01,636.98,640.23,636.28,639.53
1996-02-02,639.38,641.18,635.58,638.23
1996-02-05,636.68,643.63,634.98,641.78
1996-02-06,642.38,649.08,640.68,648.08
1996-02-07,647.98,652.18,647.28,651.63
1996-02-08,651.58,659.37,650.08,658.22
1996-02-09,658.37,664.07,655.07,659.12
1996-02-12,660.07,666.57,659.52,664.12
1996-02-13,661.47,666.97,660.37,661.67
1996-02-14,662.07,663.57,655.37,655.77
1996-02-15,655.17,658.92,650.98,651.28
1996-02-16,650.98,652.18,647.68,650.28
1996-02-20,645.38,647.38,638.38,643.38
1996-02-21,643.78,651.78,643.38,651.58
1996-02-22,653.38,662.87,652.88,659.82
1996-02-23,663.67,664.82,652.58,659.12
1996-02-26,656.87,658.07,647.88,648.73
1996-02-27,650.63,651.28,643.43,647.48
1996-02-28,651.18,655.67,642.88,643.38
1996-02-29,640.38,647.88,636.88,638.13
1996-03-01,643.88,647.38,634.38,647.13
1996-03-04,648.78,655.02,646.23,650.58
1996-03-05,649.08,657.72,648.68,657.32
1996-03-06,656.67,657.62,650.78,651.08
1996-03-07,651.78,654.37,649.38,654.02
1996-03-08,648.18,652.18,630.18,637.88
1996-03-11,633.88,647.18,633.88,644.83
1996-03-12,642.38,644.38,632.18,640.78
1996-03-13,643.88,646.93,640.63,643.63
1996-03-14,644.78,650.68,644.78,647.38
1996-03-15,647.28,649.18,643.48,646.88
1996-03-18,651.88,659.47,651.38,659.37
1996-03-19,664.37,664.37,655.12,657.17
1996-03-20,660.37,660.37,650.78,656.02
1996-03-21,656.97,657.77,653.08,654.52
1996-03-22,655.87,658.37,654.17,656.22
1996-03-25,661.22,663.37,653.82,655.77
1996-03-26,654.67,660.57,653.67,658.67
1996-03-27,658.37,659.47,650.78,651.18
1996-03-28,650.38,654.77,649.98,654.62
1996-03-29,655.97,655.97,647.88,651.13
1996-04-01,653.47,658.32,652.48,657.27
1996-04-02,658.67,659.17,656.57,658.47
1996-04-03,656.77,659.87,655.42,658.97
1996-04-04,658.57,660.37,658.17,659.47
1996-04-08,647.48,647.48,639.48,646.88
1996-04-09,649.58,649.68,643.73,644.88
1996-04-10,643.88,646.18,630.68,633.13
1996-04-11,636.08,638.38,624.88,633.48
1996-04-12,635.38,640.68,634.98,640.48
1996-04-15,642.88,645.83,640.83,645.68
1996-04-16,646.78,649.28,645.18,647.18
1996-04-17,646.48,648.18,640.68,644.73
1996-04-18,645.38,647.98,643.18,645.83
1996-04-19,647.98,650.68,646.33,646.93
1996-04-22,651.93,654.37,647.48,651.93
1996-04-23,650.78,655.07,650.03,654.87
1996-04-24,656.57,656.87,649.88,651.58
1996-04-25,652.28,656.97,648.98,654.92
1996-04-26,655.77,659.27,653.67,656.32
1996-04-29,653.38,657.07,653.03,655.02
1996-04-30,655.12,657.27,652.78,654.72
1996-05-01,654.47,658.82,653.77,656.32
1996-05-02,651.33,653.87,642.08,645.73
1996-05-03,648.38,650.58,639.38,643.38
1996-05-06,645.98,646.08,637.78,642.78
1996-05-07,642.58,643.43,638.18,638.93
1996-05-08,637.43,647.88,631.38,647.38
1996-05-09,645.98,650.23,644.43,647.23
1996-05-10,652.23,655.57,650.83,654.77
1996-05-13,654.37,665.77,653.87,663.62
1996-05-14,666.87,669.27,664.72,667.17
1996-05-15,667.37,672.37,665.97,667.22
1996-05-16,663.47,669.47,663.47,666.92
1996-05-17,668.57,672.57,668.57,671.37
1996-05-20,674.87,676.27,669.57,676.12
1996-05-21,676.32,677.97,674.17,675.67
1996-05-22,674.77,681.07,673.37,680.77
1996-05-23,681.37,683.07,674.97,678.32
1996-05-24,678.87,682.12,678.32,680.47
1996-05-28,681.97,682.22,671.77,673.67
1996-05-29,674.47,675.37,666.17,668.97
1996-05-30,668.32,675.57,665.57,673.27
1996-05-31,672.42,675.07,666.37,666.82
1996-06-03,666.97,669.67,665.47,669.32
1996-06-04,671.77,673.97,670.37,673.07
1996-06-05,673.17,679.57,672.62,678.62
1996-06-06,682.07,682.07,672.52,673.12
1996-06-07,661.12,674.17,661.12,673.67
1996-06-10,674.37,674.72,670.62,671.17
1996-06-11,673.77,677.87,670.27,671.32
1996-06-12,673.47,674.57,668.77,669.57
1996-06-13,670.67,671.87,665.52,668.62
1996-06-14,675.02,675.07,669.57,670.42
1996-06-17,671.17,674.77,669.77,671.37
1996-06-18,671.67,672.97,665.67,667.37
1996-06-19,668.17,671.87,666.42,668.57
1996-06-20,669.67,671.17,664.17,666.72
1996-06-21,670.87,673.52,669.07,673.32
1996-06-24,674.27,677.07,673.77,675.02
1996-06-25,676.17,676.77,672.87,674.02
1996-06-26,673.47,673.77,668.37,668.52
1996-06-27,668.12,674.82,666.57,672.92
1996-06-28,675.77,678.27,673.87,676.67
1996-07-01,677.37,681.27,676.27,680.67
1996-07-02,680.17,680.37,677.27,678.67
1996-07-03,677.47,678.57,674.87,675.97
1996-07-05,664.17,668.47,658.87,660.97
1996-07-08,660.57,662.77,655.02,656.17
1996-07-09,659.07,661.27,657.97,659.02
1996-07-10,658.17,661.97,652.28,661.57
1996-07-11,660.27,660.27,641.58,648.23
1996-07-12,650.28,652.38,643.38,647.93
1996-07-15,648.88,649.38,629.88,630.13
1996-07-16,632.38,636.28,610.13,631.98
1996-07-17,636.98,639.88,632.38,637.68
1996-07-18,638.38,647.78,635.88,647.33
1996-07-19,645.68,646.28,637.88,641.88
1996-07-22,638.38,639.78,631.98,637.43
1996-07-23,639.18,640.98,627.88,628.03
1996-07-24,621.98,632.88,619.88,630.58
1996-07-25,635.58,637.08,631.98,635.08
1996-07-26,636.58,639.38,634.78,639.23
1996-07-29,636.78,638.68,630.68,630.88
1996-07-30,634.88,637.68,631.18,637.58
1996-07-31,636.88,643.58,636.08,642.28
1996-08-01,641.68,654.27,641.38,652.93
1996-08-02,659.87,666.47,657.97,666.22
1996-08-05,664.27,666.47,660.97,661.57
1996-08-06,661.77,665.57,659.07,664.12
1996-08-07,666.17,667.57,661.67,666.07
1996-08-08,665.57,666.37,662.77,666.07
1996-08-09,666.87,668.07,661.27,662.32
1996-08-12,662.97,668.62,660.62,667.62
1996-08-13,665.87,666.57,660.07,661.67
1996-08-14,662.47,664.87,659.67,663.47
1996-08-15,662.67,666.37,662.07,663.47
1996-08-16,664.37,668.92,664.37,667.97
1996-08-19,668.27,669.07,666.27,668.07
1996-08-20,668.17,668.37,666.37,667.82
1996-08-21,666.57,667.27,663.27,665.87
1996-08-22,667.27,672.42,665.67,671.72
1996-08-23,669.42,671.12,665.87,668.67
1996-08-26,666.87,667.07,662.97,664.07
1996-08-27,665.87,667.12,664.27,666.57
1996-08-28,667.37,668.02,664.67,665.57
1996-08-29,664.17,664.17,654.67,657.02
1996-08-30,657.47,657.87,649.08,651.23
1996-09-03,642.88,656.27,642.58,655.72
1996-09-04,654.87,656.97,652.63,656.47
1996-09-05,653.77,655.62,648.48,648.88
1996-09-06,650.88,659.47,649.38,658.12
1996-09-09,658.57,665.07,658.02,664.92
1996-09-10,664.57,666.47,661.47,664.97
1996-09-11,662.37,668.37,661.57,666.87
1996-09-12,670.37,674.17,668.67,672.02
1996-09-13,683.87,688.87,683.62,688.72
1996-09-16,688.07,694.07,688.07,690.62
1996-09-17,692.37,692.37,685.77,689.82
1996-09-18,688.87,690.32,685.27,687.07
1996-09-19,685.87,690.42,684.87,689.72
1996-09-20,691.17,693.37,689.77,691.77
1996-09-23,689.87,692.87,686.87,692.27
1996-09-24,690.87,697.37,689.07,691.92
1996-09-25,693.67,694.32,690.07,690.92
1996-09-26,692.27,696.27,688.47,691.82
1996-09-27,691.77,692.07,688.47,691.27
1996-09-30,691.87,695.87,690.57,691.27
1996-10-01,690.97,695.17,689.07,694.97
1996-10-02,697.67,699.87,696.12,699.22
1996-10-03,698.77,699.97,696.37,697.57
1996-10-04,700.37,707.36,699.37,707.06
1996-10-07,706.76,709.76,706.36,708.06
1996-10-08,707.76,710.46,704.27,704.62
1996-10-09,706.86,707.06,698.57,700.37
1996-10-10,698.27,701.87,697.37,698.27
1996-10-11,701.27,705.96,700.77,705.76
1996-10-14,705.27,709.76,705.27,707.36
1996-10-15,712.36,712.36,702.67,706.51
1996-10-16,707.11,708.86,702.27,708.46
1996-10-17,711.06,713.06,708.51,710.86
1996-10-18,711.86,715.86,709.71,715.71
1996-10-21,714.86,718.56,711.66,714.26
1996-10-22,712.76,713.26,708.16,708.96
1996-10-23,707.56,711.26,703.97,710.91
1996-10-24,710.46,712.06,703.37,703.62
1996-10-25,703.67,707.66,703.07,705.22
1996-10-28,705.07,709.16,699.57,700.22
1996-10-29,702.47,707.26,698.67,706.11
1996-10-30,707.86,707.86,702.47,702.67
1996-10-31,703.47,710.36,703.07,709.51
1996-11-01,710.46,712.16,703.92,706.36
1996-11-04,707.66,711.36,706.06,711.11
1996-11-05,713.16,718.21,712.66,715.26
1996-11-06,715.86,729.66,714.76,729.26
1996-11-07,726.86,732.96,725.46,730.81
1996-11-08,730.51,734.36,727.76,734.11
1996-11-11,733.81,735.91,732.71,733.96
1996-11-12,735.56,736.06,730.56,731.86
1996-11-13,731.56,735.36,730.26,734.01
1996-11-14,731.46,739.26,731.36,739.11
1996-11-15,740.36,745.36,736.86,740.71
1996-11-18,740.86,742.36,736.86,740.21
1996-11-19,740.66,746.36,739.81,746.16
1996-11-20,744.76,749.66,742.26,746.01
1996-11-21,747.16,747.51,742.91,745.31
1996-11-22,745.66,751.66,745.66,751.06
1996-11-25,750.91,760.45,750.06,759.8
1996-11-26,761.05,765.15,753.86,757.21
1996-11-27,758.85,760.05,754.96,755.81
1996-11-29,757.86,760.55,757.36,758.1
1996-12-02,757.36,759.35,752.66,757.86
1996-12-03,759.15,763.8,744.86,745.36
1996-12-04,746.66,748.76,739.41,747.51
1996-12-05,747.66,749.16,743.06,745.21
1996-12-06,733.21,745.36,725.36,740.36
1996-12-09,742.86,751.76,742.86,751.36
1996-12-10,752.46,754.86,747.66,747.86
1996-12-11,735.86,743.86,731.86,739.41
1996-12-12,744.11,745.36,725.86,727.41
1996-12-13,732.86,739.66,728.86,736.26
1996-12-16,737.86,740.06,724.86,727.61
1996-12-17,725.11,736.26,722.86,733.11
1996-12-18,734.86,740.46,734.86,738.01
1996-12-19,744.61,753.66,741.61,753.36
1996-12-20,757.86,764.85,754.86,757.11
1996-12-23,756.11,758.15,749.16,753.96
1996-12-24,754.06,759.0,754.06,758.9
1996-12-26,759.85,764.85,759.45,764.45
1996-12-27,765.25,765.95,761.05,764.45
1996-12-30,766.65,766.65,757.86,758.95
1996-12-31,758.85,759.45,743.86,744.36
1997-01-02,749.36,749.36,733.11,744.56
1997-01-03,747.86,757.46,746.36,757.06
1997-01-06,755.86,759.65,748.96,750.56
1997-01-07,750.56,760.05,746.46,759.5
1997-01-08,761.85,762.35,751.16,755.36
1997-01-09,756.36,764.2,754.26,758.75
1997-01-10,748.46,766.85,747.76,766.45
1997-01-13,768.15,769.05,761.05,764.15
1997-01-14,769.15,778.05,768.75,773.05
1997-01-15,771.1,776.15,767.65,771.5
1997-01-16,773.75,776.95,769.05,775.1
1997-01-17,775.85,781.55,775.25,780.6
1997-01-20,780.75,784.45,778.15,780.0
1997-01-21,777.35,789.15,775.35,786.8
1997-01-22,786.35,791.75,782.75,791.45
1997-01-23,793.25,799.55,773.85,780.1
1997-01-24,780.15,782.05,768.35,769.6
1997-01-27,771.6,775.65,766.85,768.8
1997-01-28,778.35,780.85,763.35,771.35
1997-01-29,771.35,778.35,768.85,778.15
1997-01-30,779.85,788.1,777.35,787.8
1997-01-31,791.35,796.05,785.85,787.35
1997-02-03,789.1,791.15,785.65,789.6
1997-02-04,788.85,794.05,786.45,793.55
1997-02-05,794.25,796.45,770.85,780.35
1997-02-06,781.35,783.35,776.35,782.5
1997-02-07,788.85,794.55,779.35,794.2
1997-02-10,794.35,796.8,786.35,787.9
1997-02-11,790.35,794.95,782.75,794.7
1997-02-12,793.85,807.35,793.45,807.1
1997-02-13,808.15,816.14,807.65,813.99
1997-02-14,814.99,815.44,810.1,812.04
1997-02-18,813.64,819.34,808.1,818.19
1997-02-19,817.14,820.24,812.34,814.14
1997-02-20,811.84,814.04,801.65,804.2
1997-02-21,803.85,807.25,801.65,804.3
1997-02-24,800.35,813.24,799.95,812.39
1997-02-25,813.14,814.84,808.65,813.99
1997-02-26,813.64,813.99,794.85,803.6
1997-02-27,806.85,807.25,791.85,792.35
1997-02-28,792.15,797.65,789.85,790.25
1997-03-03,787.35,796.15,786.85,795.1
1997-03-04,796.85,799.85,789.95,791.9
1997-03-05,794.65,804.5,793.65,804.1
1997-03-06,805.35,805.65,797.95,800.45
1997-03-07,802.85,809.85,800.85,807.05
1997-03-10,807.15,815.34,803.95,814.84
1997-03-11,815.24,815.84,810.74,811.14
1997-03-12,810.15,811.09,801.15,803.55
1997-03-13,800.85,801.85,788.55,790.25
1997-03-14,801.35,805.15,797.85,802.85
1997-03-17,798.85,805.35,789.85,804.25
1997-03-18,803.75,805.45,792.05,794.85
1997-03-19,793.85,800.25,785.85,792.1
1997-03-20,793.55,793.85,782.35,788.25
1997-03-21,791.85,794.15,790.45,791.6
1997-03-24,792.6,802.05,787.85,801.1
1997-03-25,800.35,805.85,794.35,795.05
1997-03-26,796.55,802.55,793.55,798.05
1997-03-27,799.65,799.75,768.35,775.35
1997-03-31,775.85,776.85,756.86,757.86
1997-04-01,758.35,767.1,756.36,764.85
1997-04-02,762.35,764.05,750.46,751.16
1997-04-03,750.61,755.86,747.86,753.71
1997-04-04,748.86,763.15,747.11,762.45
1997-04-07,765.85,770.55,765.55,767.15
1997-04-08,766.95,772.4,763.45,771.9
1997-04-09,773.35,774.45,763.45,765.45
1997-04-10,765.1,769.35,761.35,763.2
1997-04-11,756.21,756.86,737.86,738.36
1997-04-14,739.86,748.06,737.46,747.16
1997-04-15,753.86,759.65,749.36,759.55
1997-04-16,756.36,769.15,755.61,768.15
1997-04-17,767.75,773.45,764.25,765.95
1997-04-18,770.85,772.85,766.55,770.1
1997-04-21,769.85,772.35,758.15,764.0
1997-04-22,765.2,781.0,763.45,780.6
1997-04-23,780.35,782.65,775.15,780.05
1997-04-24,782.35,785.05,771.85,776.2
1997-04-25,774.35,774.6,767.35,768.75
1997-04-28,768.35,777.95,767.0,775.05
1997-04-29,786.35,799.85,785.85,799.65
1997-04-30,795.85,809.85,795.1,802.65
1997-05-01,802.85,807.25,795.7,801.9
1997-05-02,804.85,818.64,803.05,816.39
1997-05-05,818.09,837.84,815.14,836.44
1997-05-06,832.09,837.04,827.54,834.69
1997-05-07,831.54,831.64,815.84,817.49
1997-05-08,814.34,834.04,814.09,822.39
1997-05-09,829.39,832.34,818.34,829.49
1997-05-12,830.54,844.04,829.94,841.19
1997-05-13,840.84,842.34,832.04,837.69
1997-05-14,843.34,846.14,835.34,839.79
1997-05-15,838.09,846.34,835.94,844.59
1997-05-16,842.59,844.04,830.44,831.89
1997-05-19,832.84,839.84,831.74,835.89
1997-05-20,835.54,846.34,828.34,844.39
1997-05-21,846.34,849.34,836.34,842.74
1997-05-22,843.34,844.24,835.44,840.09
1997-05-23,842.59,851.84,841.44,847.59
1997-05-27,844.59,854.54,842.44,851.19
1997-05-28,849.84,853.74,844.44,850.39
1997-05-29,850.54,851.24,843.84,845.34
1997-05-30,831.84,854.34,831.34,850.44
1997-06-02,853.09,853.74,845.84,846.04
1997-06-03,843.34,853.14,842.34,842.99
1997-06-04,843.84,846.04,839.24,841.94
1997-06-05,843.34,851.14,842.44,845.84
1997-06-06,844.24,862.54,843.94,862.34
1997-06-09,861.64,867.03,861.54,865.68
1997-06-10,866.23,872.08,862.68,868.53
1997-06-11,867.33,871.63,865.83,870.38
1997-06-12,875.83,887.53,871.83,885.93
1997-06-13,896.23,906.23,895.03,903.28
1997-06-16,904.53,905.63,901.13,903.98
1997-06-17,901.43,908.33,895.08,902.58
1997-06-18,898.08,901.58,895.63,899.13
1997-06-19,901.83,911.03,899.53,907.33
1997-06-20,907.83,912.23,903.83,904.68
1997-06-23,903.33,907.73,880.83,881.58
1997-06-24,889.93,907.53,888.08,904.83
1997-06-25,903.93,911.03,889.83,896.08
1997-06-26,895.53,902.33,884.83,894.08
1997-06-27,897.03,904.83,894.53,896.73
1997-06-30,896.93,901.53,885.83,890.08
1997-07-01,892.08,903.08,891.43,901.08
1997-07-02,901.83,915.82,899.58,915.32
1997-07-03,922.32,928.82,921.82,927.57
1997-07-07,929.82,932.07,915.67,918.17
1997-07-08,918.92,928.62,918.52,927.62
1997-07-09,929.82,930.32,906.33,917.82
1997-07-10,917.32,924.62,910.83,921.32
1997-07-11,921.62,928.12,919.62,924.22
1997-07-14,925.42,929.52,917.92,926.67
1997-07-15,929.12,933.82,920.62,931.57
1997-07-16,935.67,946.57,934.72,942.12
1997-07-17,942.82,944.02,933.32,937.77
1997-07-18,936.12,937.52,915.82,916.82
1997-07-21,918.32,920.82,912.33,917.57
1997-07-22,921.07,942.42,920.82,942.07
1997-07-23,942.82,949.07,939.82,941.07
1997-07-24,943.57,947.82,930.82,945.67
1997-07-25,947.32,951.57,940.62,944.72
1997-07-28,947.82,949.17,939.52,943.47
1997-07-29,940.82,948.82,937.62,946.82
1997-07-30,948.32,960.12,947.12,956.97
1997-07-31,957.97,963.72,953.42,957.77
1997-08-01,957.77,960.07,941.32,952.82
1997-08-04,951.57,958.42,947.52,955.22
1997-08-05,954.82,959.52,952.52,956.32
1997-08-06,956.32,967.81,953.52,963.42
1997-08-07,966.32,969.01,954.07,956.07
1997-08-08,947.32,949.57,926.57,936.22
1997-08-11,941.82,943.82,928.57,942.37
1997-08-12,942.92,947.32,926.82,927.47
1997-08-13,937.82,939.32,915.82,925.62
1997-08-14,931.82,933.82,918.32,927.87
1997-08-15,923.32,923.32,897.88,898.63
1997-08-18,903.33,918.82,895.08,918.57
1997-08-19,920.82,931.82,916.82,930.82
1997-08-20,929.32,944.92,927.32,944.37
1997-08-21,942.07,942.82,922.07,926.47
1997-08-22,911.48,926.82,905.83,925.97
1997-08-25,927.82,934.32,918.82,923.17
1997-08-26,918.82,925.72,906.73,906.83
1997-08-27,910.83,918.82,903.83,913.83
1997-08-28,910.58,918.32,898.83,899.63
1997-08-29,900.33,909.58,895.83,902.93
1997-09-02,904.83,933.82,903.83,933.32
1997-09-03,931.62,938.62,926.32,927.82
1997-09-04,926.82,935.52,926.07,932.82
1997-09-05,938.32,942.32,923.32,931.57
1997-09-08,934.82,938.57,931.57,933.17
1997-09-09,943.32,950.82,941.32,943.82
1997-09-10,942.57,943.07,916.82,924.82
1997-09-11,923.82,929.57,910.08,918.07
1997-09-12,917.82,936.32,913.33,933.57
1997-09-15,933.32,939.57,928.82,931.32
1997-09-16,931.07,959.82,930.07,955.82
1997-09-17,955.82,962.32,951.32,955.82
1997-09-18,955.57,970.31,954.57,957.57
1997-09-19,957.57,963.07,952.82,960.32
1997-09-22,960.07,971.81,960.07,966.07
1997-09-23,965.07,967.07,956.32,961.82
1997-09-24,961.32,970.31,951.82,954.32
1997-09-25,953.57,957.32,945.32,946.32
1997-09-26,946.07,956.32,946.07,953.07
1997-09-29,953.07,964.32,950.07,961.57
1997-09-30,954.82,955.32,954.57,955.32
1997-10-01,955.32,966.32,954.32,963.32
1997-10-02,963.07,969.31,960.82,968.81
1997-10-03,969.06,985.31,961.57,975.31
1997-10-06,976.56,983.56,976.31,981.31
1997-10-07,981.31,992.06,977.31,989.31
1997-10-08,989.31,991.56,974.56,982.06
1997-10-09,982.06,983.06,969.06,977.81
1997-10-10,978.56,980.81,963.82,976.56
1997-10-13,976.56,981.56,973.81,976.06
1997-10-14,976.06,981.31,968.31,977.31
1997-10-15,975.56,976.56,967.81,973.31
1997-10-16,973.31,981.06,955.07,959.57
1997-10-17,958.82,959.82,935.32,948.57
1997-10-20,963.32,963.32,962.07,962.07
1997-10-21,964.07,980.31,964.07,979.31
1997-10-22,973.06,973.81,973.06,973.31
1997-10-23,955.07,955.07,954.07,954.32
1997-10-24,955.82,968.81,941.32,943.82
1997-10-27,942.32,943.82,873.83,873.83
1997-10-28,861.84,932.82,843.84,924.32
1997-10-29,924.32,941.82,916.07,924.32
1997-10-30,924.32,928.32,901.83,902.83
1997-10-31,901.83,926.07,889.58,923.82
1997-11-03,923.57,947.82,921.07,945.57
1997-11-04,945.82,946.57,936.07,945.57
1997-11-05,941.32,955.82,938.07,946.82
1997-11-06,946.32,947.32,937.07,942.07
1997-11-07,942.07,942.82,916.32,931.07
1997-11-10,929.82,940.32,922.57,926.07
1997-11-11,925.82,929.57,924.07,926.32
1997-11-12,926.32,929.32,905.33,908.08
1997-11-13,906.83,922.32,902.33,919.07
1997-11-14,919.82,932.32,919.82,932.32
1997-11-17,931.82,954.32,931.82,949.82
1997-11-18,949.82,954.32,939.82,942.32
1997-11-19,942.07,951.32,936.07,947.57
1997-11-20,947.82,965.32,946.82,962.82
1997-11-21,962.32,970.81,957.32,969.31
1997-11-24,968.31,968.81,946.82,949.57
1997-11-25,949.82,957.32,944.57,951.57
1997-11-26,951.82,959.57,948.57,954.82
1997-11-28,954.57,962.07,953.57,954.82
1997-12-01,955.32,979.31,955.32,979.31
1997-12-02,979.81,981.81,971.81,974.81
1997-12-03,974.56,981.06,968.81,977.31
1997-12-04,977.31,985.56,972.31,976.81
1997-12-05,976.06,988.81,962.82,986.31
1997-12-08,986.31,989.56,980.31,984.31
1997-12-09,984.56,986.06,974.31,978.81
1997-12-10,978.56,979.56,963.32,970.06
1997-12-11,969.56,970.06,951.07,954.32
1997-12-12,948.32,964.82,946.57,955.32
1997-12-15,955.82,967.07,950.82,963.07
1997-12-16,973.31,985.56,973.06,980.31
1997-12-17,980.06,987.81,974.31,975.31
1997-12-18,975.06,976.31,960.32,964.82
1997-12-19,963.82,963.82,957.32,957.32
1997-12-22,956.57,962.57,956.57,962.57
1997-12-23,962.57,964.82,943.82,944.82
1997-12-24,944.57,953.32,941.32,942.07
1997-12-26,943.82,949.32,942.82,945.82
1997-12-29,945.32,966.32,941.07,965.57
1997-12-30,966.32,980.31,965.32,979.06
1997-12-31,979.31,983.81,975.06,978.81
1998-01-02,979.06,984.56,972.31,984.56
1998-01-05,986.81,992.56,976.31,986.81
1998-01-06,986.81,987.56,970.31,970.81
1998-01-07,970.56,974.56,960.32,973.81
1998-01-08,973.56,977.06,960.32,961.07
1998-01-09,961.82,962.82,925.32,929.32
1998-01-12,928.82,948.07,914.33,945.32
1998-01-13,945.32,959.82,944.32,959.32
1998-01-14,959.82,966.07,953.57,963.07
1998-01-15,963.32,963.82,954.57,954.82
1998-01-16,954.82,972.56,952.32,968.31
1998-01-20,968.31,985.81,966.57,985.06
1998-01-21,984.31,985.06,967.31,975.31
1998-01-22,977.06,977.31,964.07,966.07
1998-01-23,965.82,972.31,954.82,964.32
1998-01-26,960.82,969.56,953.32,963.32
1998-01-27,963.07,979.56,960.57,973.56
1998-01-28,973.81,984.81,972.81,981.81
1998-01-29,981.81,998.81,979.56,986.81
1998-01-30,987.56,993.31,983.81,987.56
1998-02-02,987.81,1008.81,987.56,1003.81
1998-02-03,1002.56,1011.56,1001.06,1010.56
1998-02-04,1010.81,1014.56,1002.56,1009.56
1998-02-05,1009.31,1019.06,1003.81,1009.31
1998-02-06,1008.81,1018.81,1007.81,1018.31
1998-02-09,1018.81,1021.8,1010.06,1014.81
1998-02-10,1014.56,1027.55,1012.31,1024.05
1998-02-11,1023.8,1026.3,1019.31,1023.55
1998-02-12,1023.3,1031.3,1011.06,1026.55
1998-02-13,1026.55,1028.05,1020.55,1022.05
1998-02-17,1022.3,1033.3,1017.31,1027.3
1998-02-18,1027.3,1035.8,1023.8,1035.05
1998-02-19,1035.3,1037.8,1024.55,1030.55
1998-02-20,1030.05,1037.8,1024.55,1037.3
1998-02-23,1037.05,1045.55,1033.55,1041.05
1998-02-24,1041.3,1041.55,1030.05,1033.55
1998-02-25,1033.05,1049.3,1032.55,1045.3
1998-02-26,1045.3,1052.3,1041.8,1051.8
1998-02-27,1050.3,1054.8,1045.8,1050.3
1998-03-02,1049.05,1056.8,1046.3,1049.8
1998-03-03,1049.3,1056.3,1044.55,1055.3
1998-03-04,1055.05,1055.3,1043.3,1047.8
1998-03-05,1045.55,1045.8,1031.8,1038.55
1998-03-06,1038.3,1057.8,1034.3,1057.05
1998-03-09,1053.8,1061.3,1050.8,1053.8
1998-03-10,1053.8,1067.05,1053.05,1064.8
1998-03-11,1064.8,1070.8,1064.05,1068.3
1998-03-12,1068.3,1073.29,1063.3,1072.29
1998-03-13,1072.04,1079.79,1066.8,1069.3
1998-03-16,1069.05,1080.79,1065.05,1079.79
1998-03-17,1091.04,1094.04,1085.79,1094.04
1998-03-18,1093.79,1097.79,1089.04,1097.54
1998-03-19,1097.04,1101.79,1095.54,1101.54
1998-03-20,1103.54,1113.54,1100.29,1111.04
1998-03-23,1110.29,1113.29,1103.79,1108.04
1998-03-24,1108.29,1119.04,1107.29,1116.79
1998-03-25,1116.79,1125.03,1102.29,1113.54
1998-03-26,1113.54,1117.79,1106.79,1110.54
1998-03-27,1110.54,1119.29,1098.54,1107.29
1998-03-30,1106.04,1110.79,1100.04,1105.54
1998-03-31,1105.29,1122.04,1104.04,1110.29
1998-04-01,1109.54,1121.04,1104.04,1118.04
1998-04-02,1118.79,1132.53,1115.79,1130.78
1998-04-03,1130.78,1137.28,1127.78,1134.53
1998-04-06,1134.28,1142.28,1126.53,1126.78
1998-04-07,1127.03,1130.78,1110.29,1118.79
1998-04-08,1118.29,1123.29,1104.79,1111.54
1998-04-09,1112.29,1121.04,1111.29,1119.29
1998-04-13,1118.79,1124.03,1107.29,1117.04
1998-04-14,1117.04,1125.78,1116.04,1124.78
1998-04-15,1123.54,1128.53,1119.29,1128.03
1998-04-16,1128.03,1128.78,1111.54,1115.29
1998-04-17,1116.29,1131.28,1105.54,1130.28
1998-04-20,1130.28,1132.53,1124.78,1128.78
1998-04-21,1128.78,1137.28,1125.53,1135.28
1998-04-22,1134.78,1139.78,1133.03,1136.28
1998-04-23,1135.78,1136.03,1123.29,1126.28
1998-04-24,1125.28,1130.28,1108.79,1112.54
1998-04-27,1111.79,1113.54,1081.29,1093.29
1998-04-28,1093.29,1102.79,1086.79,1090.79
1998-04-29,1091.04,1103.79,1088.54,1096.54
1998-04-30,1096.54,1123.79,1094.29,1119.04
1998-05-01,1119.04,1130.03,1117.54,1129.28
1998-05-04,1129.28,1136.78,1125.78,1127.78
1998-05-05,1127.53,1128.03,1114.54,1119.79
1998-05-06,1119.79,1124.28,1106.04,1106.54
1998-05-07,1098.54,1110.79,1097.04,1098.04
1998-05-08,1098.54,1116.54,1095.79,1115.29
1998-05-11,1115.29,1124.53,1107.04,1112.04
1998-05-12,1111.29,1122.79,1106.29,1121.79
1998-05-13,1121.79,1127.78,1118.29,1123.79
1998-05-14,1123.79,1129.03,1115.79,1119.29
1998-05-15,1119.29,1123.29,1109.79,1112.29
1998-05-18,1110.29,1117.04,1100.29,1108.04
1998-05-19,1109.29,1118.54,1107.29,1115.29
1998-05-20,1114.54,1124.53,1110.29,1123.79
1998-05-21,1124.78,1128.53,1114.29,1118.04
1998-05-22,1117.79,1121.04,1110.54,1113.79
1998-05-26,1112.29,1120.54,1091.79,1093.79
1998-05-27,1094.79,1098.29,1074.79,1096.29
1998-05-28,1097.04,1103.04,1090.79,1100.54
1998-05-29,1100.79,1107.54,1090.54,1090.54
1998-06-01,1089.79,1101.29,1084.29,1095.04
1998-06-02,1095.04,1102.29,1090.79,1095.54
1998-06-03,1095.29,1100.04,1077.79,1078.04
1998-06-04,1077.79,1098.79,1077.04,1097.54
1998-06-05,1097.29,1117.79,1094.29,1117.29
1998-06-08,1117.04,1122.29,1114.29,1116.79
1998-06-09,1116.54,1121.79,1112.54,1119.29
1998-06-10,1119.29,1127.53,1109.29,1112.79
1998-06-11,1113.04,1115.79,1089.79,1091.79
1998-06-12,1092.79,1101.79,1080.79,1100.29
1998-06-15,1101.29,1103.29,1073.29,1073.54
1998-06-16,1084.79,1100.29,1082.54,1099.29
1998-06-17,1099.04,1126.53,1098.29,1121.79
1998-06-18,1121.79,1126.78,1115.79,1117.79
1998-06-19,1118.04,1123.79,1107.54,1112.04
1998-06-22,1110.29,1121.29,1107.54,1116.54
1998-06-23,1116.29,1131.53,1114.54,1129.78
1998-06-24,1129.78,1147.28,1126.03,1145.28
1998-06-25,1146.53,1154.28,1138.28,1143.28
1998-06-26,1143.28,1148.78,1141.28,1147.28
1998-06-29,1147.53,1157.78,1147.28,1151.28
1998-06-30,1151.53,1153.28,1140.78,1142.78
1998-07-01,1142.78,1158.78,1142.28,1156.28
1998-07-02,1156.28,1159.28,1151.53,1157.78
1998-07-06,1158.03,1169.53,1155.53,1169.28
1998-07-07,1169.28,1171.03,1162.28,1167.03
1998-07-08,1166.78,1177.52,1164.78,1174.78
1998-07-09,1174.78,1176.52,1164.53,1167.28
1998-07-10,1167.28,1177.27,1159.28,1172.28
1998-07-13,1170.03,1176.52,1163.78,1173.53
1998-07-14,1173.28,1189.52,1172.78,1185.52
1998-07-15,1183.52,1190.27,1182.52,1183.27
1998-07-16,1183.27,1193.27,1178.02,1191.02
1998-07-17,1190.77,1196.77,1190.27,1193.52
1998-07-20,1193.52,1199.52,1186.77,1193.27
1998-07-21,1193.52,1196.52,1170.03,1172.53
1998-07-22,1172.28,1176.77,1161.78,1171.78
1998-07-23,1172.28,1174.78,1145.78,1147.28
1998-07-24,1147.28,1156.53,1135.03,1147.28
1998-07-27,1145.78,1154.78,1133.78,1153.03
1998-07-28,1153.28,1154.53,1121.54,1135.28
1998-07-29,1135.28,1145.53,1126.28,1129.03
1998-07-30,1129.53,1150.28,1128.78,1145.78
1998-07-31,1146.03,1149.03,1116.04,1122.79
1998-08-03,1122.04,1128.03,1114.04,1117.29
1998-08-04,1118.04,1126.53,1073.29,1073.79
1998-08-05,1073.54,1091.79,1059.8,1088.29
1998-08-06,1089.29,1097.29,1078.29,1092.29
1998-08-07,1093.29,1108.29,1087.54,1094.54
1998-08-10,1093.29,1097.79,1085.29,1088.29
1998-08-11,1088.04,1090.04,1057.8,1070.8
1998-08-12,1071.3,1091.04,1069.8,1090.29
1998-08-13,1090.04,1097.54,1075.29,1075.54
1998-08-14,1075.04,1088.79,1059.55,1062.05
1998-08-17,1063.05,1087.29,1047.8,1084.29
1998-08-18,1084.79,1106.79,1080.54,1105.79
1998-08-19,1106.54,1112.79,1097.79,1102.54
1998-08-20,1102.54,1105.29,1092.54,1094.29
1998-08-21,1094.04,1095.79,1055.05,1086.54
1998-08-24,1086.54,1098.54,1080.29,1093.04
1998-08-25,1092.79,1110.79,1088.04,1095.29
1998-08-26,1093.29,1096.29,1077.29,1087.54
1998-08-27,1087.54,1089.79,1033.8,1035.8
1998-08-28,1035.3,1056.8,1019.8,1030.8
1998-08-31,1030.55,1040.8,951.82,953.82
1998-09-01,951.57,1004.56,934.82,999.31
1998-09-02,999.56,1014.81,985.81,990.56
1998-09-03,991.06,991.56,964.82,985.31
1998-09-04,984.81,994.06,954.32,975.81
1998-09-08,977.31,1027.3,976.81,1027.3
1998-09-09,1026.3,1028.8,1001.81,1002.81
1998-09-10,1002.31,1003.56,965.82,969.31
1998-09-11,971.81,1015.81,957.82,1013.06
1998-09-14,1016.81,1041.3,1011.06,1030.05
1998-09-15,1039.3,1048.8,1030.3,1046.3
1998-09-16,1046.55,1059.3,1038.3,1058.05
1998-09-17,1057.55,1059.05,1024.55,1029.3
1998-09-18,1028.3,1037.8,1021.05,1030.8
1998-09-21,1030.3,1030.3,1030.3,1030.3
1998-09-22,1030.8,1044.55,1030.05,1039.3
1998-09-23,1039.05,1079.04,1034.55,1077.54
1998-09-24,1077.79,1080.54,1040.8,1053.55
1998-09-25,1052.8,1063.3,1031.8,1050.8
1998-09-28,1050.05,1071.79,1048.8,1063.05
1998-09-29,1060.8,1067.8,1042.8,1057.3
1998-09-30,1057.3,1057.3,1021.8,1025.8
1998-10-01,1026.3,1032.8,987.31,994.56
1998-10-02,994.06,1016.31,978.31,1012.81
1998-10-05,1011.56,1013.31,969.81,994.31
1998-10-06,994.31,1018.81,981.81,994.06
1998-10-07,993.81,1017.81,964.32,978.81
1998-10-08,979.31,984.81,929.07,969.06
1998-10-09,969.81,994.56,957.82,991.31
1998-10-12,991.31,1018.81,986.31,1005.06
1998-10-13,1005.06,1013.81,993.31,1002.81
1998-10-14,1001.56,1022.8,992.81,1010.56
1998-10-15,1010.56,1063.8,1003.81,1063.8
1998-10-16,1061.3,1071.79,1054.55,1066.05
1998-10-19,1065.8,1073.79,1058.3,1069.3
1998-10-20,1068.3,1092.79,1067.3,1073.79
1998-10-21,1072.54,1081.54,1063.3,1072.54
1998-10-22,1072.54,1088.04,1066.8,1086.54
1998-10-23,1086.79,1087.54,1072.54,1073.79
1998-10-26,1071.79,1089.79,1069.55,1080.29
1998-10-27,1080.29,1093.79,1067.55,1074.29
1998-10-28,1073.29,1079.04,1064.8,1070.8
1998-10-29,1070.8,1097.29,1068.8,1096.29
1998-10-30,1096.54,1110.04,1094.79,1105.04
1998-11-02,1104.79,1121.29,1101.54,1121.04
1998-11-03,1120.29,1121.54,1111.29,1113.79
1998-11-04,1113.54,1133.28,1113.29,1124.28
1998-11-05,1123.79,1142.53,1113.29,1140.53
1998-11-06,1140.53,1148.53,1135.03,1147.78
1998-11-09,1146.28,1149.03,1127.28,1136.28
1998-11-10,1136.03,1140.28,1127.78,1128.78
1998-11-11,1130.03,1141.78,1121.04,1126.03
1998-11-12,1125.78,1131.78,1118.04,1123.54
1998-11-13,1123.29,1133.78,1120.79,1133.03
1998-11-16,1134.53,1144.28,1129.53,1142.03
1998-11-17,1141.78,1157.28,1132.28,1143.28
1998-11-18,1143.28,1150.78,1135.78,1149.78
1998-11-19,1149.28,1158.78,1147.03,1158.53
1998-11-20,1157.53,1167.53,1156.28,1167.28
1998-11-23,1167.28,1194.77,1167.28,1193.77
1998-11-24,1193.52,1197.77,1184.02,1186.52
1998-11-25,1187.27,1190.77,1181.77,1185.77
1998-11-27,1186.02,1196.02,1185.27,1194.02
1998-11-30,1195.02,1197.27,1161.78,1162.28
1998-12-01,1162.53,1178.77,1151.03,1174.03
1998-12-02,1174.53,1177.52,1158.28,1172.03
1998-12-03,1171.78,1180.52,1149.28,1152.78
1998-12-04,1151.78,1185.02,1150.28,1180.02
1998-12-07,1180.52,1191.52,1177.02,1187.27
1998-12-08,1187.02,1195.27,1173.03,1181.27
1998-12-09,1181.77,1187.27,1176.27,1184.27
1998-12-10,1184.77,1189.27,1163.53,1166.28
1998-12-11,1165.28,1169.28,1153.78,1163.28
1998-12-14,1160.78,1160.78,1135.28,1136.28
1998-12-15,1148.78,1176.27,1147.78,1174.78
1998-12-16,1174.78,1179.52,1165.53,1174.53
1998-12-17,1174.53,1193.77,1166.78,1192.02
1998-12-18,1191.77,1201.77,1186.52,1197.02
1998-12-21,1195.27,1225.02,1191.27,1214.27
1998-12-22,1214.02,1222.77,1203.27,1215.77
1998-12-23,1214.27,1243.26,1211.77,1242.26
1998-12-24,1241.26,1242.51,1236.76,1239.26
1998-12-28,1237.51,1248.76,1231.26,1233.26
1998-12-29,1233.51,1255.01,1231.26,1254.26
1998-12-30,1254.26,1256.51,1240.51,1241.76
1998-12-31,1241.76,1248.76,1234.01,1245.26
1999-01-04,1246.76,1260.76,1226.77,1240.66
1999-01-05,1238.76,1257.76,1238.76,1252.96
1999-01-06,1262.76,1285.45,1262.76,1279.96
1999-01-07,1267.26,1280.56,1266.26,1277.56
1999-01-08,1288.75,1290.25,1270.76,1286.75
1999-01-11,1284.75,1284.75,1261.76,1273.76
1999-01-12,1268.26,1269.56,1245.76,1250.86
1999-01-13,1223.87,1257.76,1209.77,1238.76
1999-01-14,1238.76,1244.76,1214.77,1218.77
1999-01-15,1229.76,1249.56,1225.97,1248.36
1999-01-19,1258.26,1261.76,1241.06,1256.76
1999-01-20,1267.76,1283.25,1257.26,1267.96
1999-01-21,1260.76,1263.26,1230.76,1232.76
1999-01-22,1225.77,1243.56,1223.27,1231.76
1999-01-25,1233.76,1243.76,1224.47,1243.26
1999-01-26,1244.26,1265.76,1241.36,1264.76
1999-01-27,1267.26,1269.46,1252.96,1253.76
1999-01-28,1257.76,1273.36,1256.76,1265.46
1999-01-29,1274.26,1287.45,1259.26,1281.25
1999-02-01,1288.25,1290.25,1273.26,1274.06
1999-02-02,1272.26,1275.56,1251.26,1265.06
1999-02-03,1261.76,1282.25,1259.26,1278.26
1999-02-04,1276.86,1277.26,1251.76,1259.06
1999-02-05,1258.76,1258.76,1235.76,1243.26
1999-02-08,1249.76,1252.76,1236.26,1246.96
1999-02-09,1247.76,1247.76,1217.77,1218.77
1999-02-10,1217.27,1231.26,1215.27,1225.17
1999-02-11,1228.66,1262.76,1226.27,1262.26
1999-02-12,1252.76,1255.26,1227.77,1238.06
1999-02-16,1245.26,1256.76,1235.26,1241.96
1999-02-17,1233.26,1253.66,1223.27,1229.06
1999-02-18,1232.76,1243.26,1223.77,1237.96
1999-02-19,1239.26,1251.76,1234.46,1243.26
1999-02-22,1242.76,1276.26,1240.26,1274.26
1999-02-23,1274.76,1284.25,1265.76,1275.26
1999-02-24,1277.26,1287.25,1248.96,1253.06
1999-02-25,1247.76,1251.56,1226.27,1241.26
1999-02-26,1247.76,1249.76,1226.87,1235.26
1999-03-01,1236.76,1241.26,1222.77,1238.76
1999-03-02,1242.76,1250.76,1220.87,1229.26
1999-03-03,1229.76,1234.26,1216.87,1233.76
1999-03-04,1236.76,1252.26,1230.76,1249.46
1999-03-05,1269.76,1278.76,1263.46,1278.26
1999-03-08,1278.26,1285.15,1272.36,1283.05
1999-03-09,1279.76,1295.95,1275.26,1279.56
1999-03-10,1281.75,1289.65,1275.46,1288.75
1999-03-11,1290.75,1308.75,1284.75,1304.25
1999-03-12,1307.75,1307.75,1289.25,1291.05
1999-03-15,1293.75,1309.75,1291.75,1306.25
1999-03-16,1319.75,1324.75,1314.75,1318.65
1999-03-17,1317.25,1317.55,1303.95,1311.55
1999-03-18,1305.75,1332.25,1305.75,1330.95
1999-03-19,1336.74,1336.74,1307.75,1309.25
1999-03-22,1310.85,1316.25,1305.25,1310.95
1999-03-23,1306.25,1306.25,1266.76,1272.06
1999-03-24,1274.76,1281.25,1267.26,1279.36
1999-03-25,1289.25,1304.65,1287.25,1303.75
1999-03-26,1295.25,1300.75,1287.25,1296.75
1999-03-29,1302.55,1323.55,1301.75,1315.45
1999-03-30,1311.75,1320.25,1305.15,1315.45
1999-03-31,1321.75,1324.25,1292.25,1293.05
1999-04-01,1304.75,1304.75,1291.25,1302.45
1999-04-05,1315.75,1333.64,1310.55,1333.14
1999-04-06,1328.75,1337.24,1320.25,1330.25
1999-04-07,1335.74,1340.24,1321.75,1338.24
1999-04-08,1338.74,1356.74,1330.75,1355.34
1999-04-09,1351.24,1362.24,1343.74,1357.94
1999-04-12,1339.54,1372.24,1339.54,1371.74
1999-04-13,1367.74,1371.74,1352.74,1362.04
1999-04-14,1366.24,1367.64,1334.24,1339.04
1999-04-15,1342.24,1343.24,1315.25,1331.75
1999-04-16,1332.75,1335.74,1317.75,1322.75
1999-04-19,1330.75,1350.24,1290.25,1301.55
1999-04-20,1301.75,1317.75,1295.25,1314.75
1999-04-21,1312.75,1354.74,1309.25,1351.44
1999-04-22,1353.24,1369.64,1348.74,1368.84
1999-04-23,1363.24,1372.24,1355.24,1364.74
1999-04-26,1367.74,1371.74,1360.24,1371.24
1999-04-27,1377.74,1379.54,1363.24,1376.24
1999-04-28,1368.74,1376.04,1354.74,1358.74
1999-04-29,1358.24,1364.24,1341.74,1347.24
1999-04-30,1353.74,1359.04,1318.75,1336.24
1999-05-03,1338.74,1362.14,1335.74,1358.94
1999-05-04,1355.74,1360.74,1335.24,1342.74
1999-05-05,1341.74,1352.94,1321.75,1351.74
1999-05-06,1345.74,1353.24,1326.85,1342.04
1999-05-07,1343.74,1353.74,1337.04,1350.94
1999-05-10,1350.24,1358.24,1337.74,1346.74
1999-05-11,1352.24,1366.24,1349.74,1357.94
1999-05-12,1356.74,1373.24,1328.75,1368.84
1999-05-13,1373.74,1381.74,1370.24,1374.74
1999-05-14,1346.74,1355.74,1336.24,1339.04
1999-05-17,1334.74,1345.74,1324.85,1340.74
1999-05-18,1343.74,1349.64,1325.75,1340.94
1999-05-19,1343.24,1350.04,1332.85,1348.94
1999-05-20,1349.24,1355.54,1341.24,1342.24
1999-05-21,1341.24,1344.64,1328.75,1334.54
1999-05-24,1336.74,1338.64,1305.95,1312.25
1999-05-25,1308.85,1321.75,1282.75,1284.25
1999-05-26,1292.25,1308.25,1280.56,1304.25
1999-05-27,1294.75,1300.75,1278.76,1285.75
1999-05-28,1285.75,1305.75,1285.25,1296.95
1999-06-01,1298.5,1302.75,1282.25,1295.75
1999-06-02,1295.5,1299.0,1277.76,1295.75
1999-06-03,1296.5,1306.25,1292.25,1304.5
1999-06-04,1304.5,1330.75,1295.25,1329.25
1999-06-07,1328.75,1338.74,1326.75,1331.75
1999-06-08,1332.25,1334.74,1314.0,1320.0
1999-06-09,1320.25,1327.25,1315.25,1318.25
1999-06-10,1318.75,1319.5,1293.0,1306.25
1999-06-11,1305.5,1314.0,1288.0,1294.25
1999-06-14,1294.25,1308.25,1292.25,1295.25
1999-06-15,1309.25,1325.25,1306.5,1318.0
1999-06-16,1318.0,1346.99,1317.75,1342.74
1999-06-17,1342.49,1357.74,1335.74,1355.49
1999-06-18,1354.24,1362.24,1346.49,1356.49
1999-06-21,1355.24,1364.24,1349.24,1359.74
1999-06-22,1359.74,1364.24,1347.74,1349.49
1999-06-23,1348.99,1350.24,1335.49,1341.74
1999-06-24,1341.99,1345.49,1318.75,1333.0
1999-06-25,1332.0,1341.74,1324.0,1329.25
1999-06-28,1329.5,1346.49,1329.25,1343.74
1999-06-29,1343.24,1362.24,1338.99,1356.99
1999-06-30,1356.74,1386.23,1349.24,1381.24
1999-07-01,1381.49,1395.23,1371.74,1392.23
1999-07-02,1389.98,1403.23,1383.99,1400.98
1999-07-06,1408.73,1416.98,1400.48,1410.98
1999-07-07,1403.23,1404.73,1394.98,1399.48
1999-07-08,1405.73,1415.48,1395.48,1404.73
1999-07-09,1403.98,1412.98,1403.23,1410.73
1999-07-12,1413.98,1417.48,1404.23,1408.48
1999-07-13,1405.98,1406.73,1395.98,1398.98
1999-07-14,1402.73,1416.73,1395.48,1406.23
1999-07-15,1408.98,1421.23,1407.48,1419.48
1999-07-16,1419.23,1427.98,1415.48,1425.73
1999-07-19,1427.23,1431.48,1413.48,1413.73
1999-07-20,1416.73,1418.23,1385.98,1388.23
1999-07-21,1388.48,1395.23,1379.99,1383.24
1999-07-22,1383.99,1385.73,1360.99,1367.49
1999-07-23,1367.24,1377.49,1358.24,1360.74
1999-07-26,1362.49,1367.24,1352.49,1358.74
1999-07-27,1355.99,1374.49,1355.99,1372.24
1999-07-28,1364.74,1378.24,1361.49,1372.74
1999-07-29,1367.24,1367.74,1337.99,1344.99
1999-07-30,1347.74,1357.99,1335.49,1339.24
1999-08-02,1332.25,1353.74,1325.25,1345.24
1999-08-03,1335.99,1342.99,1320.0,1326.0
1999-08-04,1327.0,1336.99,1318.25,1325.5
1999-08-05,1313.0,1317.75,1291.25,1316.25
1999-08-06,1323.0,1327.25,1300.5,1305.75
1999-08-09,1305.0,1314.25,1303.5,1308.5
1999-08-10,1302.5,1305.25,1270.76,1279.76
1999-08-11,1293.0,1303.25,1288.5,1301.5
1999-08-12,1304.5,1319.25,1302.5,1308.5
1999-08-13,1298.75,1332.25,1298.5,1331.25
1999-08-16,1333.0,1335.74,1327.5,1328.75
1999-08-17,1338.24,1350.49,1332.75,1338.99
1999-08-18,1346.99,1348.49,1333.49,1334.24
1999-08-19,1332.75,1335.99,1318.25,1327.0
1999-08-20,1328.75,1338.74,1327.0,1338.24
1999-08-23,1340.74,1358.74,1339.99,1355.49
1999-08-24,1365.74,1381.74,1354.99,1371.24
1999-08-25,1369.49,1387.48,1361.74,1383.24
1999-08-26,1381.99,1383.74,1365.24,1367.49
1999-08-27,1367.24,1371.49,1350.24,1351.24
1999-08-30,1350.24,1353.99,1323.75,1326.0
1999-08-31,1326.25,1336.74,1308.0,1319.5
1999-09-01,1319.75,1334.74,1319.75,1333.74
1999-09-02,1333.49,1334.49,1304.5,1319.75
1999-09-03,1319.75,1362.99,1319.75,1362.99
1999-09-07,1361.49,1365.24,1350.49,1351.99
1999-09-08,1352.49,1357.49,1337.24,1345.74
1999-09-09,1345.99,1349.24,1333.99,1344.74
1999-09-10,1345.99,1360.74,1336.74,1352.24
1999-09-13,1352.99,1355.49,1340.74,1346.24
1999-09-14,1361.99,1364.74,1345.24,1352.74
1999-09-15,1352.49,1367.99,1330.0,1331.0
1999-09-16,1331.75,1337.74,1312.25,1333.99
1999-09-17,1333.74,1352.99,1333.0,1351.24
1999-09-20,1351.49,1356.74,1343.99,1348.24
1999-09-21,1347.99,1350.24,1315.25,1321.0
1999-09-22,1322.5,1330.75,1310.0,1321.0
1999-09-23,1322.0,1329.0,1288.0,1291.0
1999-09-24,1290.5,1294.75,1274.76,1289.0
1999-09-27,1290.25,1308.25,1290.25,1296.75
1999-09-28,1297.0,1302.75,1267.26,1294.5
1999-09-29,1295.25,1301.75,1278.51,1279.76
1999-09-30,1279.51,1304.0,1279.01,1297.5
1999-10-01,1296.75,1298.75,1276.26,1293.75
1999-10-04,1293.75,1319.25,1293.25,1318.5
1999-10-05,1318.5,1331.0,1296.5,1315.25
1999-10-06,1315.5,1337.49,1312.25,1334.24
1999-10-07,1335.24,1340.49,1324.25,1328.25
1999-10-08,1328.5,1347.99,1318.0,1346.49
1999-10-11,1346.49,1350.24,1341.74,1345.49
1999-10-12,1346.74,1347.74,1321.25,1325.75
1999-10-13,1321.75,1321.75,1289.25,1289.25
1999-10-14,1290.5,1299.75,1275.51,1290.0
1999-10-15,1289.75,1290.25,1252.26,1256.26
1999-10-18,1254.26,1266.51,1241.26,1265.26
1999-10-19,1265.01,1288.75,1261.26,1274.51
1999-10-20,1275.26,1299.5,1275.01,1292.0
1999-10-21,1291.5,1296.25,1272.26,1295.75
1999-10-22,1295.5,1317.75,1293.0,1306.25
1999-10-25,1306.0,1312.25,1293.5,1301.0
1999-10-26,1300.5,1312.0,1284.25,1284.75
1999-10-27,1284.75,1308.25,1276.51,1305.75
1999-10-28,1305.5,1353.99,1303.0,1350.24
1999-10-29,1349.74,1382.74,1347.49,1375.99
1999-11-01,1374.74,1376.74,1361.49,1361.99
1999-11-02,1361.99,1377.74,1351.74,1351.99
1999-11-03,1353.74,1367.74,1351.99,1360.24
1999-11-04,1363.74,1377.24,1359.99,1368.99
1999-11-05,1368.49,1394.48,1366.74,1383.74
1999-11-08,1376.49,1387.73,1362.24,1383.74
1999-11-09,1382.49,1395.48,1365.74,1370.99
1999-11-10,1372.24,1385.98,1360.99,1380.24
1999-11-11,1379.49,1388.23,1377.24,1387.48
1999-11-12,1387.98,1402.98,1373.74,1402.48
1999-11-15,1401.73,1405.48,1396.98,1402.98
1999-11-16,1401.98,1432.23,1400.73,1430.98
1999-11-17,1430.23,1430.48,1416.23,1417.48
1999-11-18,1417.23,1431.48,1416.98,1428.23
1999-11-19,1427.98,1431.23,1421.73,1427.73
1999-11-22,1427.73,1430.48,1416.23,1426.48
1999-11-23,1426.73,1429.48,1405.48,1411.98
1999-11-24,1411.48,1424.23,1402.23,1420.98
1999-11-26,1423.73,1428.73,1407.98,1414.48
1999-11-29,1414.73,1419.73,1405.48,1410.73
1999-11-30,1411.23,1414.23,1390.48,1391.48
1999-12-01,1391.23,1403.98,1385.98,1402.48
1999-12-02,1402.23,1412.48,1400.23,1411.73
1999-12-03,1411.48,1451.97,1408.23,1437.48
1999-12-06,1437.48,1441.72,1420.98,1425.73
1999-12-07,1424.73,1430.73,1411.73,1414.48
1999-12-08,1414.98,1417.48,1403.23,1404.73
1999-12-09,1404.98,1421.98,1390.98,1410.73
1999-12-10,1410.73,1423.98,1406.23,1416.48
1999-12-13,1416.23,1422.73,1410.23,1416.73
1999-12-14,1435.48,1447.22,1420.98,1424.48
1999-12-15,1425.48,1437.72,1414.98,1428.23
1999-12-16,1431.98,1440.97,1426.73,1437.48
1999-12-17,1437.23,1450.47,1434.48,1443.97
1999-12-20,1441.22,1448.47,1428.98,1434.98
1999-12-21,1433.98,1455.97,1430.23,1454.22
1999-12-22,1453.97,1457.97,1444.97,1457.97
1999-12-23,1455.22,1480.97,1454.97,1479.97
1999-12-27,1477.72,1486.22,1469.22,1478.22
1999-12-28,1477.47,1481.97,1470.72,1477.97
1999-12-29,1477.72,1483.22,1475.97,1482.72
1999-12-30,1482.72,1499.21,1476.22,1480.47
1999-12-31,1480.47,1488.47,1475.72,1484.72
2000-01-03,1488.72,1495.71,1451.97,1466.47
2000-01-04,1466.72,1468.47,1409.23,1411.23
2000-01-05,1411.23,1426.98,1384.74,1412.73
2000-01-06,1410.73,1425.98,1395.48,1404.48
2000-01-07,1403.48,1461.22,1397.23,1459.47
2000-01-10,1459.47,1480.72,1454.97,1473.97
2000-01-11,1473.47,1474.72,1446.72,1453.72
2000-01-12,1453.22,1459.22,1438.47,1441.22
2000-01-13,1441.22,1466.47,1440.97,1458.72
2000-01-14,1461.97,1484.72,1455.22,1478.22
2000-01-18,1477.72,1479.97,1461.72,1468.97
2000-01-19,1468.47,1473.72,1449.97,1472.22
2000-01-20,1481.47,1484.72,1447.72,1455.97
2000-01-21,1454.97,1462.97,1448.97,1453.97
2000-01-24,1453.72,1468.22,1402.98,1412.48
2000-01-25,1410.73,1424.48,1397.23,1418.73
2000-01-26,1417.23,1422.48,1407.98,1415.73
2000-01-27,1412.23,1428.23,1387.73,1410.48
2000-01-28,1413.48,1419.73,1360.99,1366.74
2000-01-31,1364.99,1402.73,1356.74,1400.48
2000-02-01,1402.48,1421.48,1390.98,1416.48
2000-02-02,1416.48,1429.23,1409.73,1413.98
2000-02-03,1416.48,1437.97,1404.98,1435.48
2000-02-04,1436.23,1449.22,1426.23,1430.98
2000-02-07,1429.23,1431.48,1418.73,1426.73
2000-02-08,1426.23,1449.22,1425.23,1445.47
2000-02-09,1449.47,1454.47,1416.73,1418.23
2000-02-10,1416.73,1428.98,1411.98,1418.23
2000-02-11,1418.23,1426.23,1383.99,1395.73
2000-02-14,1395.98,1403.23,1386.48,1397.98
2000-02-15,1398.73,1414.48,1380.74,1408.98
2000-02-16,1411.23,1413.23,1389.98,1392.48
2000-02-17,1392.98,1406.73,1383.99,1385.24
2000-02-18,1386.48,1393.23,1348.74,1353.74
2000-02-22,1351.99,1363.49,1336.24,1348.24
2000-02-23,1351.24,1373.99,1344.24,1363.74
2000-02-24,1365.74,1369.74,1330.75,1355.24
2000-02-25,1356.24,1366.24,1330.75,1337.49
2000-02-28,1337.24,1365.74,1327.25,1348.24
2000-02-29,1349.74,1373.74,1347.74,1371.74
2000-03-01,1373.24,1388.48,1370.74,1384.24
2000-03-02,1383.74,1390.23,1372.24,1384.74
2000-03-03,1385.24,1414.23,1383.49,1410.23
2000-03-06,1410.73,1412.48,1385.98,1394.73
2000-03-07,1394.73,1404.23,1350.74,1351.49
2000-03-08,1352.99,1375.74,1348.24,1365.74
2000-03-09,1367.24,1404.73,1357.24,1403.73
2000-03-10,1405.73,1415.23,1393.98,1398.73
2000-03-13,1397.73,1415.48,1364.49,1383.49
2000-03-14,1379.99,1395.48,1359.24,1359.24
2000-03-15,1378.49,1417.23,1374.24,1412.23
2000-03-16,1412.98,1481.22,1411.98,1479.22
2000-03-17,1476.97,1497.46,1467.97,1488.22
2000-03-20,1485.72,1490.21,1466.47,1477.72
2000-03-21,1478.72,1513.96,1462.97,1507.46
2000-03-22,1506.21,1524.96,1503.71,1517.71
2000-03-23,1515.96,1552.7,1509.71,1543.7
2000-03-24,1542.45,1573.95,1534.96,1555.2
2000-03-27,1551.95,1554.2,1535.71,1538.71
2000-03-28,1538.71,1549.2,1522.96,1528.96
2000-03-29,1528.96,1540.96,1514.71,1529.71
2000-03-30,1494.71,1534.71,1493.21,1504.21
2000-03-31,1508.46,1538.46,1500.71,1517.21
2000-04-03,1513.71,1528.46,1501.71,1528.21
2000-04-04,1527.96,1544.45,1430.73,1517.96
2000-04-05,1513.96,1521.46,1490.96,1504.46
2000-04-06,1502.21,1530.46,1501.46,1516.21
2000-04-07,1518.21,1534.71,1513.46,1529.21
2000-04-10,1530.21,1543.7,1517.71,1521.21
2000-04-11,1519.96,1528.96,1497.21,1517.46
2000-04-12,1518.21,1524.21,1474.72,1475.72
2000-04-13,1476.22,1492.21,1450.97,1453.97
2000-04-14,1456.47,1462.47,1346.74,1367.24
2000-04-17,1366.49,1414.23,1341.99,1412.48
2000-04-18,1412.98,1455.22,1400.73,1452.47
2000-04-19,1449.97,1459.72,1434.98,1439.97
2000-04-20,1439.72,1446.97,1431.23,1446.97
2000-04-24,1442.47,1442.47,1416.73,1436.73
2000-04-25,1437.97,1489.47,1436.98,1488.97
2000-04-26,1487.97,1494.96,1466.72,1475.22
2000-04-27,1474.72,1480.47,1440.22,1466.97
2000-04-28,1467.72,1486.97,1457.72,1459.72
2000-05-01,1458.72,1492.46,1457.72,1476.72
2000-05-02,1476.22,1478.47,1448.72,1451.22
2000-05-03,1450.47,1451.22,1404.23,1422.23
2000-05-04,1423.73,1428.48,1411.23,1422.98
2000-05-05,1423.23,1445.72,1405.73,1438.72
2000-05-08,1438.22,1439.22,1424.23,1429.73
2000-05-09,1429.98,1439.47,1409.23,1419.48
2000-05-10,1418.48,1425.48,1382.74,1387.48
2000-05-11,1387.98,1418.73,1382.24,1414.73
2000-05-12,1417.73,1438.47,1413.98,1430.48
2000-05-15,1429.23,1459.22,1422.98,1457.47
2000-05-16,1457.22,1478.47,1455.97,1471.47
2000-05-17,1470.47,1470.47,1447.97,1456.47
2000-05-18,1455.72,1465.47,1441.22,1441.72
2000-05-19,1441.47,1446.72,1406.73,1414.73
2000-05-22,1412.73,1422.98,1372.24,1404.23
2000-05-23,1403.73,1411.23,1378.49,1382.24
2000-05-24,1381.74,1407.73,1365.24,1401.48
2000-05-25,1403.73,1417.48,1377.74,1388.73
2000-05-26,1387.73,1396.23,1372.99,1380.99
2000-05-30,1383.24,1428.48,1381.24,1426.98
2000-05-31,1426.98,1438.72,1419.23,1421.98
2000-06-01,1421.73,1453.47,1419.98,1451.22
2000-06-02,1450.47,1491.71,1446.72,1475.22
2000-06-05,1476.72,1480.22,1467.47,1470.22
2000-06-06,1470.97,1476.47,1456.97,1462.72
2000-06-07,1463.22,1477.22,1457.22,1471.72
2000-06-08,1471.72,1477.47,1457.97,1466.72
2000-06-09,1465.72,1483.72,1455.22,1461.72
2000-06-12,1461.47,1467.47,1445.72,1446.47
2000-06-13,1444.72,1472.72,1442.47,1471.72
2000-06-14,1493.96,1507.21,1489.22,1497.71
2000-06-15,1496.71,1505.96,1485.97,1497.96
2000-06-16,1497.71,1503.71,1479.22,1487.72
2000-06-19,1487.22,1513.96,1482.97,1504.21
2000-06-20,1505.46,1508.96,1490.46,1498.46
2000-06-21,1497.21,1503.21,1487.97,1498.21
2000-06-22,1497.71,1499.46,1468.22,1475.97
2000-06-23,1475.22,1479.22,1456.72,1463.22
2000-06-26,1463.22,1479.97,1463.22,1478.72
2000-06-27,1478.97,1483.97,1469.22,1470.72
2000-06-28,1470.72,1487.72,1469.72,1470.97
2000-06-29,1471.47,1473.47,1450.72,1457.72
2000-06-30,1456.22,1470.72,1454.72,1467.72
2000-07-03,1471.97,1490.46,1467.22,1490.21
2000-07-05,1489.47,1492.96,1458.22,1462.97
2000-07-06,1463.22,1478.72,1455.97,1473.47
2000-07-07,1473.97,1501.96,1472.97,1494.46
2000-07-10,1493.71,1502.46,1489.72,1491.46
2000-07-11,1490.71,1505.21,1485.72,1494.46
2000-07-12,1496.71,1514.46,1496.71,1505.46
2000-07-13,1505.96,1516.46,1502.21,1509.21
2000-07-14,1509.71,1525.71,1509.21,1523.71
2000-07-17,1522.96,1532.71,1519.21,1521.71
2000-07-18,1521.21,1524.21,1505.71,1511.21
2000-07-19,1511.71,1513.71,1492.96,1499.96
2000-07-20,1500.21,1516.96,1497.71,1515.96
2000-07-21,1515.46,1515.96,1488.22,1489.47
2000-07-24,1488.97,1499.21,1475.97,1481.22
2000-07-25,1480.47,1487.72,1477.47,1484.22
2000-07-26,1484.47,1484.97,1465.72,1469.72
2000-07-27,1467.72,1475.47,1455.72,1463.47
2000-07-28,1462.97,1468.72,1423.23,1431.73
2000-07-31,1431.23,1448.97,1428.48,1438.72
2000-08-01,1439.22,1454.22,1436.73,1447.22
2000-08-02,1446.72,1461.47,1442.22,1452.22
2000-08-03,1450.47,1464.72,1432.98,1461.72
2000-08-04,1461.72,1473.22,1458.72,1471.47
2000-08-07,1470.97,1490.21,1469.22,1485.97
2000-08-08,1485.97,1493.96,1478.72,1491.46
2000-08-09,1492.21,1499.21,1478.97,1480.72
2000-08-10,1480.97,1484.47,1467.97,1473.97
2000-08-11,1472.97,1484.47,1460.22,1478.22
2000-08-14,1478.97,1499.21,1475.47,1497.71
2000-08-15,1497.71,1500.71,1490.71,1494.46
2000-08-16,1493.71,1502.46,1481.72,1491.21
2000-08-17,1491.46,1506.71,1486.22,1503.21
2000-08-18,1503.21,1507.71,1494.71,1500.46
2000-08-21,1500.71,1509.46,1496.96,1506.46
2000-08-22,1506.71,1514.46,1502.71,1506.96
2000-08-23,1507.21,1513.21,1494.46,1509.96
2000-08-24,1510.21,1515.96,1505.96,1514.96
2000-08-25,1514.96,1518.71,1509.71,1513.21
2000-08-28,1513.21,1529.71,1510.71,1518.46
2000-08-29,1518.71,1519.21,1508.96,1517.96
2000-08-30,1518.21,1518.71,1502.71,1503.21
2000-08-31,1504.21,1529.21,1503.46,1520.96
2000-09-01,1522.46,1539.71,1518.96,1522.96
2000-09-05,1522.71,1557.2,1506.21,1511.96
2000-09-06,1511.96,1514.71,1492.46,1493.96
2000-09-07,1493.71,1507.46,1493.21,1506.96
2000-09-08,1505.96,1506.21,1490.71,1496.46
2000-09-11,1496.71,1508.46,1483.72,1489.72
2000-09-12,1491.71,1497.96,1480.72,1481.47
2000-09-13,1503.21,1510.46,1494.21,1507.21
2000-09-14,1507.71,1516.46,1498.71,1502.71
2000-09-15,1501.96,1509.46,1480.72,1483.47
2000-09-18,1484.97,1489.47,1461.97,1467.22
2000-09-19,1466.72,1482.47,1466.47,1478.22
2000-09-20,1478.47,1480.22,1449.97,1469.22
2000-09-21,1469.97,1473.72,1455.22,1469.22
2000-09-22,1454.47,1470.72,1436.48,1468.22
2000-09-25,1469.22,1477.47,1455.22,1460.72
2000-09-26,1460.72,1466.72,1442.22,1442.72
2000-09-27,1443.72,1455.72,1437.97,1446.47
2000-09-28,1447.47,1480.72,1444.72,1475.72
2000-09-29,1472.72,1472.97,1453.72,1453.72
2000-10-02,1453.47,1463.97,1447.22,1455.97
2000-10-03,1456.97,1473.72,1438.47,1441.22
2000-10-04,1441.72,1456.97,1432.23,1449.97
2000-10-05,1449.22,1461.72,1446.97,1455.72
2000-10-06,1455.72,1460.22,1411.23,1425.98
2000-10-09,1424.98,1426.48,1407.73,1416.23
2000-10-10,1417.23,1424.23,1389.73,1390.73
2000-10-11,1393.23,1397.73,1361.49,1378.24
2000-10-12,1379.24,1387.48,1338.74,1343.74
2000-10-13,1345.99,1387.48,1339.24,1385.98
2000-10-16,1385.73,1393.48,1377.99,1391.73
2000-10-17,1390.73,1395.23,1354.74,1359.49
2000-10-18,1362.49,1371.74,1323.75,1353.49
2000-10-19,1355.74,1403.73,1355.74,1401.48
2000-10-20,1401.73,1421.73,1394.23,1410.73
2000-10-23,1410.73,1419.48,1399.48,1416.73
2000-10-24,1414.98,1428.48,1398.73,1403.98
2000-10-25,1404.98,1405.23,1370.24,1373.74
2000-10-26,1374.49,1383.99,1348.24,1370.74
2000-10-27,1369.74,1401.73,1367.74,1400.73
2000-10-30,1397.73,1419.23,1386.73,1410.98
2000-10-31,1412.98,1445.22,1407.98,1440.47
2000-11-01,1440.72,1440.72,1419.23,1432.23
2000-11-02,1431.98,1444.22,1429.73,1434.73
2000-11-03,1433.98,1444.22,1430.23,1436.48
2000-11-06,1435.73,1452.22,1435.73,1445.22
2000-11-07,1444.22,1445.72,1431.73,1443.72
2000-11-08,1443.47,1454.72,1410.23,1411.73
2000-11-09,1413.48,1420.48,1378.24,1403.23
2000-11-10,1404.48,1407.73,1370.24,1371.99
2000-11-13,1368.74,1372.74,1334.74,1358.49
2000-11-14,1358.74,1399.48,1358.24,1393.73
2000-11-15,1393.98,1404.23,1381.24,1397.23
2000-11-16,1396.48,1402.48,1376.24,1378.99
2000-11-17,1378.49,1393.23,1359.99,1370.24
2000-11-20,1369.49,1373.24,1344.99,1347.49
2000-11-21,1347.99,1362.49,1336.24,1355.74
2000-11-22,1355.74,1360.74,1321.75,1322.75
2000-11-24,1323.0,1349.24,1320.0,1346.24
2000-11-27,1348.24,1367.49,1348.24,1358.74
2000-11-28,1358.24,1364.24,1337.24,1338.24
2000-11-29,1337.74,1357.24,1332.75,1334.99
2000-11-30,1332.5,1333.49,1296.5,1320.75
2000-12-01,1321.25,1337.99,1309.75,1320.5
2000-12-04,1322.75,1337.24,1313.0,1329.25
2000-12-05,1331.25,1379.99,1328.75,1373.99
2000-12-06,1372.74,1379.24,1338.99,1354.24
2000-12-07,1353.99,1361.74,1334.99,1336.74
2000-12-08,1331.75,1383.99,1331.75,1352.99
2000-12-11,1368.24,1391.73,1362.24,1382.74
2000-12-12,1380.24,1380.99,1354.74,1377.99
2000-12-13,1400.23,1408.98,1375.24,1376.99
2000-12-14,1377.74,1383.24,1355.74,1357.99
2000-12-15,1349.99,1358.49,1323.25,1325.5
2000-12-18,1329.75,1352.49,1329.25,1345.74
2000-12-19,1346.49,1366.49,1317.0,1317.5
2000-12-20,1318.5,1325.75,1275.76,1280.01
2000-12-21,1280.26,1304.0,1270.01,1288.25
2000-12-22,1289.5,1327.25,1289.5,1327.0
2000-12-26,1323.75,1337.74,1318.25,1336.24
2000-12-27,1337.24,1351.24,1327.25,1350.24
2000-12-28,1349.49,1353.99,1341.24,1352.74
2000-12-29,1352.49,1356.24,1325.75,1326.75
2001-01-02,1330.75,1336.49,1289.0,1299.75
2001-01-03,1300.75,1366.99,1288.5,1358.74
2001-01-04,1359.74,1365.24,1341.24,1348.74
2001-01-05,1345.49,1379.74,1302.75,1303.75
2001-01-08,1308.0,1312.25,1287.25,1309.25
2001-01-09,1311.75,1325.25,1303.5,1308.5
2001-01-10,1309.25,1328.5,1297.0,1326.75
2001-01-11,1325.5,1343.24,1319.25,1334.74
2001-01-12,1331.75,1344.49,1321.75,1329.75
2001-01-16,1328.5,1339.24,1323.25,1334.99
2001-01-17,1336.99,1357.49,1334.24,1341.24
2001-01-18,1342.24,1363.74,1336.74,1355.74
2001-01-19,1358.74,1371.49,1345.49,1348.24
2001-01-22,1345.74,1363.74,1340.99,1357.74
2001-01-23,1356.49,1372.49,1348.24,1365.74
2001-01-24,1365.99,1378.74,1364.99,1369.99
2001-01-25,1369.49,1378.49,1362.49,1364.74
2001-01-26,1363.99,1366.49,1349.99,1362.99
2001-01-29,1362.74,1373.74,1358.24,1369.74
2001-01-30,1369.99,1383.99,1362.99,1382.49
2001-01-31,1380.74,1393.73,1370.99,1373.24
2001-02-01,1373.24,1383.24,1365.99,1382.24
2001-02-02,1382.24,1385.73,1352.49,1352.99
2001-02-05,1353.99,1362.74,1350.99,1361.74
2001-02-06,1362.49,1370.24,1355.74,1355.99
2001-02-07,1354.74,1356.24,1339.24,1349.24
2001-02-08,1348.49,1356.24,1333.49,1334.99
2001-02-09,1335.99,1338.24,1318.5,1320.75
2001-02-12,1321.5,1337.74,1319.0,1333.49
2001-02-13,1333.99,1341.74,1322.0,1325.75
2001-02-14,1326.0,1326.5,1308.25,1319.5
2001-02-15,1319.75,1335.49,1318.25,1332.75
2001-02-16,1330.0,1330.0,1296.0,1304.75
2001-02-20,1304.0,1311.25,1281.5,1285.0
2001-02-21,1284.25,1288.25,1254.76,1256.26
2001-02-22,1257.76,1264.51,1230.01,1257.01
2001-02-23,1257.26,1261.51,1216.77,1246.01
2001-02-26,1251.01,1274.01,1243.51,1273.01
2001-02-27,1272.76,1276.76,1254.01,1263.76
2001-02-28,1263.51,1268.76,1230.51,1241.76
2001-03-01,1239.01,1243.76,1215.27,1243.26
2001-03-02,1242.76,1254.01,1220.77,1233.76
2001-03-05,1236.01,1244.26,1234.51,1243.51
2001-03-06,1243.26,1270.26,1242.26,1256.51
2001-03-07,1256.76,1266.51,1254.51,1265.51
2001-03-08,1266.76,1269.01,1258.01,1265.26
2001-03-09,1266.26,1266.26,1227.02,1231.51
2001-03-12,1229.76,1233.01,1172.78,1177.77
2001-03-13,1178.02,1199.02,1171.03,1196.27
2001-03-14,1209.77,1211.27,1165.78,1180.77
2001-03-15,1180.52,1194.27,1174.28,1185.02
2001-03-16,1186.27,1192.77,1157.78,1161.28
2001-03-19,1164.53,1186.52,1158.03,1180.27
2001-03-20,1180.27,1193.02,1151.03,1152.28
2001-03-21,1152.78,1161.03,1126.78,1132.53
2001-03-22,1132.78,1136.53,1087.79,1118.79
2001-03-23,1122.04,1154.78,1120.29,1153.03
2001-03-26,1153.03,1170.53,1150.53,1166.28
2001-03-27,1166.03,1194.27,1160.53,1189.52
2001-03-28,1189.02,1189.02,1155.28,1159.28
2001-03-29,1160.28,1173.03,1143.53,1161.28
2001-03-30,1160.78,1174.78,1151.28,1173.78
2001-04-02,1172.78,1178.52,1145.03,1149.53
2001-04-03,1150.53,1153.53,1106.29,1108.29
2001-04-04,1108.79,1126.03,1098.29,1112.29
2001-04-05,1112.79,1161.03,1112.79,1154.78
2001-04-06,1155.78,1165.03,1126.28,1140.28
2001-04-09,1137.78,1155.03,1133.28,1139.78
2001-04-10,1149.53,1182.27,1149.28,1179.27
2001-04-11,1172.78,1193.77,1165.78,1169.78
2001-04-12,1173.28,1193.77,1162.78,1192.02
2001-04-16,1192.27,1195.02,1173.53,1181.77
2001-04-17,1180.02,1200.52,1166.78,1195.27
2001-04-18,1205.77,1267.26,1205.77,1246.01
2001-04-19,1248.76,1262.26,1238.26,1258.51
2001-04-20,1260.01,1267.76,1240.01,1251.26
2001-04-23,1250.76,1251.76,1222.27,1225.77
2001-04-24,1225.77,1239.26,1213.52,1216.27
2001-04-25,1216.27,1238.26,1212.52,1231.76
2001-04-26,1230.76,1253.76,1225.27,1240.26
2001-04-27,1240.76,1259.51,1237.76,1257.76
2001-04-30,1258.51,1274.51,1248.01,1254.01
2001-05-01,1253.01,1273.01,1245.51,1272.01
2001-05-02,1271.26,1278.01,1261.26,1270.76
2001-05-03,1270.51,1272.01,1243.26,1254.01
2001-05-04,1253.51,1273.76,1234.76,1272.51
2001-05-07,1273.26,1274.51,1262.51,1263.26
2001-05-08,1266.01,1276.76,1255.76,1263.26
2001-05-09,1265.26,1265.26,1250.51,1257.51
2001-05-10,1256.76,1273.51,1256.01,1261.26
2001-05-11,1261.26,1265.01,1243.26,1251.51
2001-05-14,1251.76,1253.76,1243.76,1251.76
2001-05-15,1252.01,1261.76,1245.51,1257.26
2001-05-16,1256.26,1291.0,1235.76,1288.25
2001-05-17,1288.75,1299.25,1284.5,1291.25
2001-05-18,1291.25,1295.75,1283.25,1295.5
2001-05-21,1295.25,1316.75,1290.0,1314.5
2001-05-22,1314.5,1319.0,1308.75,1312.25
2001-05-23,1312.25,1313.0,1290.0,1290.25
2001-05-24,1290.0,1297.25,1282.75,1294.25
2001-05-25,1295.0,1299.75,1275.51,1279.26
2001-05-29,1280.01,1283.25,1266.26,1268.26
2001-05-30,1267.01,1268.01,1246.51,1250.26
2001-05-31,1250.76,1264.01,1249.01,1254.26
2001-06-01,1255.51,1267.01,1247.01,1264.76
2001-06-04,1264.26,1269.76,1256.76,1269.01
2001-06-05,1269.01,1288.25,1267.01,1284.25
2001-06-06,1284.5,1286.0,1269.26,1273.26
2001-06-07,1271.51,1278.76,1265.51,1276.76
2001-06-08,1277.01,1285.0,1256.26,1268.51
2001-06-11,1264.01,1266.76,1248.76,1255.01
2001-06-12,1255.51,1261.51,1235.26,1253.51
2001-06-13,1264.76,1270.01,1250.51,1252.26
2001-06-14,1252.51,1253.01,1221.27,1223.27
2001-06-15,1223.27,1230.76,1211.52,1225.52
2001-06-18,1225.77,1230.26,1215.52,1220.02
2001-06-19,1219.77,1235.26,1215.27,1224.27
2001-06-20,1223.27,1234.51,1216.27,1229.26
2001-06-21,1228.76,1249.01,1226.02,1242.76
2001-06-22,1242.26,1244.01,1227.77,1234.76
2001-06-25,1233.76,1239.76,1220.52,1223.27
2001-06-26,1223.52,1229.26,1205.77,1220.52
2001-06-27,1220.52,1227.27,1213.52,1218.77
2001-06-28,1219.77,1244.51,1213.02,1227.02
2001-06-29,1227.52,1245.26,1227.52,1237.51
2001-07-02,1233.26,1248.01,1228.76,1245.76
2001-07-03,1245.76,1247.01,1235.51,1245.01
2001-07-05,1245.01,1245.01,1221.27,1222.02
2001-07-06,1221.77,1223.27,1192.77,1193.27
2001-07-09,1194.27,1209.02,1188.77,1200.52
2001-07-10,1202.27,1210.52,1185.77,1186.27
2001-07-11,1185.02,1193.02,1173.78,1185.02
2001-07-12,1187.27,1217.27,1186.02,1214.02
2001-07-13,1214.27,1225.52,1209.27,1224.77
2001-07-16,1224.27,1225.27,1205.52,1210.27
2001-07-17,1210.02,1222.27,1201.27,1220.27
2001-07-18,1219.02,1220.77,1202.27,1211.77
2001-07-19,1209.77,1231.26,1207.52,1222.77
2001-07-20,1217.52,1221.02,1211.02,1214.52
2001-07-23,1214.77,1223.27,1191.27,1191.77
2001-07-24,1193.52,1196.52,1168.28,1178.27
2001-07-25,1178.77,1195.52,1175.78,1191.27
2001-07-26,1192.27,1209.52,1185.77,1205.02
2001-07-27,1205.52,1214.02,1199.77,1209.77
2001-07-30,1209.77,1214.27,1202.77,1209.52
2001-07-31,1210.02,1227.52,1208.77,1215.02
2001-08-01,1213.77,1227.27,1210.52,1221.27
2001-08-02,1220.02,1234.01,1218.77,1225.77
2001-08-03,1226.02,1227.52,1208.77,1219.52
2001-08-06,1219.52,1220.77,1200.52,1202.77
2001-08-07,1203.52,1212.02,1198.02,1207.52
2001-08-08,1209.77,1211.27,1183.52,1185.27
2001-08-09,1185.52,1189.02,1177.52,1187.52
2001-08-10,1187.77,1197.27,1171.78,1191.02
2001-08-13,1192.77,1197.52,1186.52,1192.27
2001-08-14,1192.77,1202.52,1187.02,1192.02
2001-08-15,1192.27,1195.02,1179.27,1180.77
2001-08-16,1181.02,1185.77,1168.03,1184.52
2001-08-17,1184.77,1184.77,1158.03,1165.78
2001-08-20,1164.53,1176.77,1160.78,1175.53
2001-08-21,1176.03,1183.27,1155.53,1156.53
2001-08-22,1156.03,1171.78,1155.03,1167.53
2001-08-23,1168.78,1172.53,1162.03,1162.78
2001-08-24,1164.53,1188.77,1164.53,1187.27
2001-08-27,1187.52,1191.77,1179.27,1180.02
2001-08-28,1180.27,1182.27,1162.53,1163.03
2001-08-29,1162.78,1168.53,1148.03,1151.78
2001-08-30,1152.03,1156.03,1125.28,1129.28
2001-08-31,1129.53,1144.03,1126.78,1138.28
2001-09-04,1137.28,1158.28,1128.03,1130.78
2001-09-05,1130.78,1138.28,1114.79,1132.78
2001-09-06,1133.28,1136.78,1102.79,1103.29
2001-09-07,1106.54,1108.79,1081.54,1083.04
2001-09-10,1083.79,1098.79,1067.3,1095.54
2001-09-11,1096.04,1102.79,1067.8,1095.54
2001-09-17,1035.55,1058.05,1018.31,1038.8
2001-09-18,1042.8,1051.05,1032.05,1038.8
2001-09-19,1038.8,1049.05,983.31,1017.31
2001-09-20,1016.81,1021.8,977.31,984.06
2001-09-21,982.31,991.31,938.32,973.31
2001-09-24,976.06,1012.06,973.06,1007.56
2001-09-25,1007.81,1020.8,996.81,1018.06
2001-09-26,1017.81,1025.05,1004.31,1014.31
2001-09-27,1013.81,1023.55,1000.06,1022.3
2001-09-28,1022.55,1045.05,1021.55,1043.55
2001-10-01,1044.05,1044.05,1028.55,1043.05
2001-10-02,1041.8,1055.8,1034.05,1055.3
2001-10-03,1054.05,1078.54,1041.05,1074.29
2001-10-04,1072.29,1087.29,1068.3,1075.29
2001-10-05,1073.54,1081.54,1055.05,1071.55
2001-10-08,1066.8,1072.54,1055.55,1065.05
2001-10-09,1064.05,1071.3,1055.55,1059.8
2001-10-10,1059.8,1085.04,1054.55,1083.04
2001-10-11,1083.54,1102.54,1079.29,1099.54
2001-10-12,1102.04,1105.79,1072.79,1093.79
2001-10-15,1092.54,1093.54,1080.04,1092.29
2001-10-16,1091.04,1104.79,1088.54,1098.54
2001-10-17,1097.29,1114.29,1075.29,1075.79
2001-10-18,1075.54,1080.79,1065.55,1073.54
2001-10-19,1073.54,1077.79,1058.55,1072.29
2001-10-22,1072.29,1094.29,1067.8,1093.29
2001-10-23,1092.79,1101.54,1081.29,1088.04
2001-10-24,1086.79,1099.04,1080.04,1084.79
2001-10-25,1085.54,1104.29,1065.55,1102.79
2001-10-26,1102.79,1112.29,1094.79,1101.79
2001-10-29,1103.04,1103.04,1072.04,1072.79
2001-10-30,1074.04,1074.54,1053.3,1059.05
2001-10-31,1058.8,1076.04,1055.3,1056.05
2001-11-01,1057.3,1087.54,1053.05,1081.79
2001-11-02,1082.29,1091.04,1074.79,1089.29
2001-11-05,1089.04,1108.04,1087.79,1103.54
2001-11-06,1105.79,1121.54,1095.04,1120.79
2001-11-07,1120.29,1127.78,1108.54,1118.79
2001-11-08,1118.29,1137.28,1115.79,1123.29
2001-11-09,1122.54,1126.28,1111.04,1123.29
2001-11-12,1122.29,1126.78,1096.29,1117.04
2001-11-13,1116.54,1141.78,1115.04,1141.53
2001-11-14,1141.28,1152.03,1133.53,1143.28
2001-11-15,1142.03,1151.78,1135.03,1145.03
2001-11-16,1145.28,1151.28,1130.03,1139.78
2001-11-19,1140.28,1154.53,1140.03,1153.78
2001-11-20,1154.03,1155.28,1142.03,1144.03
2001-11-21,1143.03,1148.78,1130.78,1136.78
2001-11-23,1136.78,1153.53,1131.28,1152.53
2001-11-26,1152.28,1158.78,1146.03,1154.78
2001-11-27,1155.28,1164.53,1140.53,1150.28
2001-11-28,1149.78,1150.78,1128.03,1129.03
2001-11-29,1129.53,1144.28,1124.78,1144.28
2001-11-30,1144.28,1144.28,1134.78,1135.03
2001-12-03,1137.03,1138.03,1125.03,1129.28
2001-12-04,1128.78,1147.78,1127.53,1147.53
2001-12-05,1147.28,1175.03,1145.28,1168.78
2001-12-06,1168.28,1174.28,1163.78,1168.28
2001-12-07,1168.53,1170.28,1152.03,1160.28
2001-12-10,1160.28,1162.28,1138.28,1138.53
2001-12-11,1139.03,1151.53,1133.28,1136.03
2001-12-12,1136.53,1143.28,1125.53,1137.53
2001-12-13,1139.03,1140.03,1115.54,1116.29
2001-12-14,1117.54,1130.03,1114.79,1126.53
2001-12-17,1126.03,1139.03,1121.54,1138.03
2001-12-18,1137.53,1147.03,1135.03,1145.03
2001-12-19,1144.78,1154.28,1135.28,1153.03
2001-12-20,1152.53,1153.03,1140.78,1141.53
2001-12-21,1141.28,1150.28,1139.28,1148.53
2001-12-24,1148.03,1149.03,1142.53,1146.53
2001-12-26,1145.03,1160.78,1143.03,1152.78
2001-12-27,1152.28,1159.53,1150.28,1159.28
2001-12-28,1158.78,1166.03,1157.53,1159.03
2001-12-31,1159.03,1162.78,1141.03,1142.03
2002-01-02,1143.53,1156.03,1136.28,1153.78
2002-01-03,1153.78,1167.78,1150.53,1166.53
2002-01-04,1166.78,1178.02,1163.53,1175.03
2002-01-07,1173.03,1178.27,1163.53,1166.53
2002-01-08,1166.28,1170.03,1157.78,1163.28
2002-01-09,1162.78,1175.53,1151.28,1154.28
2002-01-10,1153.53,1161.28,1150.78,1159.28
2002-01-11,1158.78,1163.28,1145.03,1147.53
2002-01-14,1147.28,1147.78,1137.28,1140.28
2002-01-15,1140.03,1149.78,1136.53,1148.28
2002-01-16,1143.78,1145.03,1124.53,1125.53
2002-01-17,1126.28,1139.78,1126.28,1134.28
2002-01-18,1131.03,1135.78,1124.03,1128.78
2002-01-22,1129.03,1136.53,1117.54,1121.04
2002-01-23,1122.29,1132.53,1117.29,1128.78
2002-01-24,1129.03,1139.53,1128.53,1133.03
2002-01-25,1132.53,1138.78,1127.28,1133.03
2002-01-28,1132.28,1138.78,1126.03,1135.28
2002-01-29,1135.78,1138.03,1097.29,1100.29
2002-01-30,1100.29,1115.54,1080.54,1115.04
2002-01-31,1115.29,1130.28,1112.79,1130.28
2002-02-01,1128.53,1132.03,1118.29,1123.04
2002-02-04,1123.04,1123.79,1090.79,1095.29
2002-02-05,1095.29,1101.29,1082.04,1088.79
2002-02-06,1089.04,1094.29,1076.79,1083.04
2002-02-07,1086.04,1094.79,1076.04,1076.79
2002-02-08,1076.04,1096.54,1075.29,1095.04
2002-02-11,1096.79,1112.54,1094.04,1109.79
2002-02-12,1110.29,1113.04,1102.29,1107.29
2002-02-13,1107.04,1121.29,1105.04,1118.54
2002-02-14,1118.79,1125.28,1111.54,1116.54
2002-02-15,1116.29,1117.79,1102.79,1104.54
2002-02-18,1103.79,1107.79,1103.29,1104.54
2002-02-19,1103.79,1107.79,1081.54,1083.54
2002-02-20,1083.79,1101.29,1073.54,1100.79
2002-02-21,1100.29,1101.79,1078.04,1078.79
2002-02-22,1079.04,1094.79,1074.04,1091.54
2002-02-25,1091.79,1113.29,1086.79,1109.54
2002-02-26,1109.04,1115.79,1100.29,1107.79
2002-02-27,1107.79,1123.54,1101.54,1111.54
2002-02-28,1111.79,1122.54,1105.54,1106.79
2002-03-01,1106.04,1133.28,1105.79,1132.53
2002-03-04,1130.78,1154.53,1129.78,1152.03
2002-03-05,1152.28,1158.53,1144.28,1148.78
2002-03-06,1148.28,1166.03,1145.03,1162.53
2002-03-07,1164.78,1171.28,1152.53,1162.03
2002-03-08,1160.78,1176.03,1160.53,1166.53
2002-03-11,1165.78,1176.03,1161.53,1168.78
2002-03-12,1168.78,1169.78,1156.53,1168.78
2002-03-13,1169.28,1173.78,1153.03,1157.03
2002-03-14,1157.28,1160.78,1153.03,1156.03
2002-03-15,1155.78,1169.53,1154.28,1166.53
2002-03-18,1165.78,1175.53,1160.78,1167.03
2002-03-19,1166.78,1177.27,1166.53,1174.03
2002-03-20,1174.03,1175.03,1151.53,1152.03
2002-03-21,1152.03,1158.28,1141.03,1152.53
2002-03-22,1152.78,1158.78,1146.53,1149.53
2002-03-25,1148.78,1153.03,1132.78,1135.28
2002-03-26,1135.28,1149.28,1133.78,1142.28
2002-03-27,1141.78,1149.03,1136.53,1144.78
2002-03-28,1144.28,1156.53,1143.03,1144.53
2002-04-01,1145.03,1149.78,1134.03,1144.28
2002-04-02,1144.78,1144.78,1136.78,1138.28
2002-04-03,1137.28,1141.03,1120.54,1130.03
2002-04-04,1129.53,1132.53,1120.79,1125.78
2002-04-05,1127.03,1134.78,1120.29,1125.28
2002-04-08,1125.78,1128.53,1109.79,1127.78
2002-04-09,1129.03,1131.28,1117.54,1120.29
2002-04-10,1120.29,1133.28,1118.79,1132.03
2002-04-11,1131.78,1132.78,1102.79,1103.79
2002-04-12,1103.29,1114.29,1103.29,1111.79
2002-04-15,1112.29,1116.54,1099.79,1104.04
2002-04-16,1103.79,1130.78,1103.79,1129.53
2002-04-17,1131.28,1135.53,1123.54,1127.78
2002-04-18,1127.03,1132.53,1108.29,1122.79
2002-04-19,1118.79,1130.53,1116.29,1126.28
2002-04-22,1127.28,1127.78,1105.79,1108.29
2002-04-23,1109.04,1113.54,1099.04,1102.54
2002-04-24,1102.54,1109.54,1091.29,1091.54
2002-04-25,1092.54,1094.79,1083.29,1092.29
2002-04-26,1092.79,1097.54,1070.05,1071.05
2002-04-29,1072.04,1079.54,1063.3,1064.8
2002-04-30,1065.3,1083.04,1063.3,1075.79
2002-05-01,1076.54,1089.04,1064.55,1088.04
2002-05-02,1088.04,1092.04,1079.04,1084.54
2002-05-03,1084.79,1087.79,1068.55,1072.79
2002-05-06,1073.54,1076.29,1049.8,1051.55
2002-05-07,1051.55,1059.55,1045.55,1047.3
2002-05-08,1051.55,1089.79,1051.05,1085.79
2002-05-09,1085.29,1089.79,1072.04,1074.04
2002-05-10,1073.79,1079.29,1052.3,1053.8
2002-05-13,1053.8,1075.79,1053.3,1075.29
2002-05-14,1075.29,1099.54,1074.04,1098.04
2002-05-15,1098.54,1105.04,1088.79,1094.04
2002-05-16,1093.29,1100.54,1089.04,1098.79
2002-05-17,1099.29,1108.79,1096.79,1105.04
2002-05-20,1104.54,1106.29,1090.54,1093.29
2002-05-21,1093.04,1100.54,1079.04,1082.54
2002-05-22,1082.79,1086.54,1075.29,1084.79
2002-05-23,1084.29,1099.04,1080.29,1096.29
2002-05-24,1097.29,1100.79,1081.79,1082.29
2002-05-27,1083.04,1089.79,1082.54,1085.29
2002-05-28,1083.04,1089.79,1069.8,1076.29
2002-05-29,1076.29,1077.29,1066.55,1068.05
2002-05-30,1068.05,1072.79,1054.05,1065.3
2002-05-31,1065.3,1080.54,1062.55,1063.8
2002-06-03,1066.05,1070.8,1036.3,1038.3
2002-06-04,1038.55,1046.8,1030.55,1041.8
2002-06-05,1042.3,1051.3,1038.3,1050.3
2002-06-06,1051.3,1053.55,1025.05,1029.3
2002-06-07,1015.81,1033.8,1010.06,1028.05
2002-06-10,1029.05,1039.05,1024.8,1032.05
2002-06-11,1031.55,1044.8,1011.81,1013.81
2002-06-12,1015.06,1023.55,1003.31,1021.55
2002-06-13,1023.8,1027.8,1008.56,1011.06
2002-06-14,1011.06,1011.31,978.81,1009.31
2002-06-17,1008.81,1038.55,1008.06,1035.8
2002-06-18,1036.3,1045.3,1030.55,1045.05
2002-06-19,1042.05,1042.3,1017.56,1020.8
2002-06-20,1020.8,1025.8,1004.56,1007.56
2002-06-21,1007.31,1013.56,984.81,991.31
2002-06-24,992.31,1005.31,970.81,996.56
2002-06-25,995.56,1007.06,973.56,974.31
2002-06-26,974.81,979.56,945.32,974.56
2002-06-27,975.31,992.81,963.82,991.56
2002-06-28,992.06,1003.06,985.81,987.81
2002-07-01,988.81,996.06,966.82,968.81
2002-07-02,969.56,974.06,945.32,947.57
2002-07-03,948.07,955.32,934.57,952.82
2002-07-04,953.07,954.07,950.07,952.32
2002-07-05,953.07,990.81,950.07,990.81
2002-07-08,990.31,995.56,973.06,978.06
2002-07-09,978.06,981.56,951.32,954.57
2002-07-10,954.32,961.32,917.57,918.57
2002-07-11,919.57,930.32,900.33,926.82
2002-07-12,927.82,937.82,912.58,916.57
2002-07-15,916.57,921.57,875.58,920.32
2002-07-16,920.32,923.82,894.58,903.08
2002-07-17,900.83,929.57,891.33,904.33
2002-07-18,906.33,918.57,874.08,875.33
2002-07-19,874.33,878.83,839.59,844.34
2002-07-22,842.59,856.09,810.59,818.84
2002-07-23,820.34,836.09,794.1,796.1
2002-07-24,795.1,847.34,770.85,844.59
2002-07-25,844.59,854.59,812.34,836.34
2002-07-26,837.09,855.59,824.59,852.59
2002-07-29,854.84,899.83,852.34,893.33
2002-07-30,894.08,910.08,883.33,905.33
2002-07-31,904.33,915.82,888.58,907.83
2002-08-01,909.08,911.33,878.83,883.58
2002-08-02,883.33,885.33,852.34,863.83
2002-08-05,864.83,867.58,831.34,833.59
2002-08-06,833.09,874.83,828.34,861.59
2002-08-07,859.34,880.33,853.34,876.08
2002-08-08,876.33,906.58,873.58,905.33
2002-08-09,904.58,914.58,889.58,907.58
2002-08-12,906.33,908.08,891.08,902.08
2002-08-13,902.33,912.08,881.83,885.33
2002-08-14,884.08,921.07,875.58,917.82
2002-08-15,918.57,935.57,915.57,929.82
2002-08-16,929.57,935.82,914.83,927.32
2002-08-19,928.07,952.32,921.32,948.57
2002-08-20,948.07,949.32,931.32,939.57
2002-08-21,939.57,952.82,930.82,951.82
2002-08-22,951.07,965.82,945.82,960.82
2002-08-23,960.82,962.07,936.32,940.57
2002-08-26,940.07,951.32,929.57,947.57
2002-08-27,947.07,956.32,929.57,936.07
2002-08-28,936.57,936.82,912.83,916.32
2002-08-29,916.32,925.07,902.33,916.32
2002-08-30,915.32,928.57,908.83,912.08
2002-09-02,913.08,913.08,907.33,908.33
2002-09-03,913.08,913.08,875.83,877.58
2002-09-04,877.08,896.58,874.83,890.33
2002-09-05,889.83,890.83,869.08,883.08
2002-09-06,884.33,899.83,881.33,894.58
2002-09-09,892.33,907.83,882.33,900.58
2002-09-10,900.08,912.08,898.33,911.08
2002-09-11,911.08,927.57,901.33,906.08
2002-09-12,906.08,908.83,883.83,889.08
2002-09-13,889.08,893.08,876.08,891.58
2002-09-16,891.08,894.08,878.58,892.83
2002-09-17,892.33,915.82,871.58,872.58
2002-09-18,867.83,878.83,856.59,863.83
2002-09-19,863.08,863.58,840.84,841.34
2002-09-20,842.84,850.84,838.09,841.84
2002-09-23,843.34,845.84,824.34,833.59
2002-09-24,835.34,835.59,815.34,820.59
2002-09-25,821.59,844.84,810.1,841.09
2002-09-26,842.59,857.09,837.09,854.34
2002-09-27,852.84,856.84,824.09,825.09
2002-09-30,825.09,825.84,798.1,814.84
2002-10-01,816.34,854.34,810.1,854.34
2002-10-02,853.59,854.59,822.84,830.59
2002-10-03,828.84,840.34,816.09,819.84
2002-10-04,819.59,830.09,792.1,805.85
2002-10-07,804.6,808.6,781.85,788.35
2002-10-08,788.1,809.85,778.35,800.35
2002-10-09,801.35,803.35,774.35,778.1
2002-10-10,778.35,807.1,767.1,802.85
2002-10-11,802.85,843.84,799.1,838.09
2002-10-14,836.59,844.84,827.34,842.09
2002-10-15,842.09,883.83,841.34,883.58
2002-10-16,874.33,885.08,855.34,862.58
2002-10-17,865.33,888.58,863.33,878.58
2002-10-18,885.33,889.33,865.58,883.08
2002-10-21,881.83,901.58,872.33,898.58
2002-10-22,897.08,897.08,881.33,891.33
2002-10-23,890.33,898.83,872.83,898.08
2002-10-24,897.58,904.83,877.33,880.33
2002-10-25,878.83,899.83,875.08,898.58
2002-10-28,900.08,909.08,884.83,891.58
2002-10-29,891.58,893.08,865.83,881.33
2002-10-30,881.33,895.58,876.83,889.58
2002-10-31,888.83,898.58,877.58,885.33
2002-11-01,881.83,903.83,874.83,898.33
2002-11-04,905.58,924.82,904.58,907.33
2002-11-05,906.33,915.57,903.58,913.83
2002-11-06,915.07,926.32,902.83,925.57
2002-11-07,925.82,926.07,896.83,902.33
2002-11-08,905.58,910.58,890.33,891.33
2002-11-11,891.83,893.83,872.83,877.58
2002-11-12,877.58,894.33,875.58,884.58
2002-11-13,884.83,892.58,870.08,885.58
2002-11-14,885.83,905.58,881.08,902.33
2002-11-15,902.08,910.33,894.33,908.83
2002-11-18,908.83,917.32,898.33,899.83
2002-11-19,899.33,905.58,892.08,897.83
2002-11-20,898.08,919.07,893.08,918.57
2002-11-21,918.82,936.57,916.32,935.32
2002-11-22,935.57,937.32,927.07,928.57
2002-11-25,928.82,937.07,922.32,929.57
2002-11-26,929.82,932.32,910.58,911.33
2002-11-27,912.58,940.82,911.83,937.57
2002-11-28,938.07,941.32,934.82,939.32
2002-11-29,938.07,942.32,930.57,935.82
2002-12-02,933.82,955.07,926.57,935.07
2002-12-03,935.57,939.32,917.57,923.57
2002-12-04,923.07,925.57,908.58,918.82
2002-12-05,919.07,926.07,905.08,908.33
2002-12-06,909.58,915.82,891.58,913.58
2002-12-09,913.58,917.57,888.83,889.33
2002-12-10,889.33,905.08,888.58,901.83
2002-12-11,900.83,908.83,894.83,901.08
2002-12-12,901.58,907.83,895.08,900.83
2002-12-13,900.58,902.58,885.58,886.33
2002-12-16,885.83,911.08,883.83,909.33
2002-12-17,909.33,911.08,900.08,901.83
2002-12-18,903.08,903.33,885.83,891.33
2002-12-19,891.83,900.08,878.58,884.58
2002-12-20,884.33,897.08,884.08,896.58
2002-12-23,896.08,901.83,890.08,896.83
2002-12-24,896.83,899.83,889.83,891.33
2002-12-26,890.08,903.08,885.58,890.58
2002-12-27,890.08,891.33,871.08,871.58
2002-12-30,872.08,881.33,868.83,877.33
2002-12-31,877.83,880.83,867.83,878.83
2003-01-02,882.83,909.58,882.33,907.33
2003-01-03,907.33,910.58,901.58,909.83
2003-01-06,910.83,931.32,903.58,926.32
2003-01-07,925.82,930.32,918.57,923.57
2003-01-08,923.57,923.57,907.08,909.83
2003-01-09,910.08,928.32,907.83,924.57
2003-01-10,925.57,932.82,914.83,926.32
2003-01-13,926.32,936.82,920.57,926.32
2003-01-14,926.07,931.32,920.32,929.07
2003-01-15,927.07,932.57,915.32,920.82
2003-01-16,919.57,925.57,910.58,916.32
2003-01-17,916.82,923.32,897.58,902.83
2003-01-20,903.08,907.08,901.58,903.58
2003-01-21,903.08,907.08,885.83,888.33
2003-01-22,888.33,891.58,875.83,877.33
2003-01-23,878.08,889.58,875.33,882.83
2003-01-24,882.83,885.33,857.34,860.09
2003-01-27,860.09,863.58,842.09,847.09
2003-01-28,848.09,859.84,844.84,854.34
2003-01-29,855.09,867.58,835.84,860.59
2003-01-30,860.84,866.58,839.59,839.84
2003-01-31,840.34,857.59,836.34,854.59
2003-02-03,854.59,863.83,853.84,858.34
2003-02-04,858.34,860.84,838.09,849.09
2003-02-05,847.34,860.84,840.34,844.34
2003-02-06,844.09,845.34,831.84,840.34
2003-02-07,839.34,849.34,825.09,830.34
2003-02-10,831.34,836.59,822.09,835.84
2003-02-11,836.34,842.59,823.34,829.59
2003-02-12,829.59,831.34,816.09,816.59
2003-02-13,817.34,822.34,805.1,818.84
2003-02-14,819.59,837.09,813.59,836.84
2003-02-17,839.09,841.84,835.84,841.09
2003-02-18,839.09,853.09,835.84,851.34
2003-02-19,851.09,851.84,837.59,846.59
2003-02-20,846.59,851.59,835.59,838.59
2003-02-21,838.59,852.09,829.59,847.09
2003-02-24,847.34,850.34,830.84,832.34
2003-02-25,832.34,839.84,817.09,839.59
2003-02-26,839.59,843.09,825.59,827.59
2003-02-27,827.34,842.59,825.09,838.09
2003-02-28,838.09,846.84,833.59,840.84
2003-03-03,843.84,852.84,831.84,835.34
2003-03-04,835.09,836.59,821.09,822.09
2003-03-05,822.09,829.84,818.09,829.34
2003-03-06,829.34,830.34,818.84,821.59
2003-03-07,819.59,829.59,808.85,828.34
2003-03-10,827.34,828.09,805.35,807.6
2003-03-11,807.35,814.59,799.35,800.1
2003-03-12,798.85,804.35,787.85,804.35
2003-03-13,804.35,832.34,802.85,832.09
2003-03-14,831.84,842.09,826.59,832.84
2003-03-17,830.59,862.58,821.84,860.84
2003-03-18,861.09,872.58,855.84,866.08
2003-03-19,866.33,874.33,860.09,872.58
2003-03-20,872.58,879.08,857.09,874.58
2003-03-21,874.58,895.58,872.83,893.08
2003-03-24,885.33,885.33,860.34,863.33
2003-03-25,863.58,879.08,855.84,872.08
2003-03-26,872.58,875.33,864.58,867.83
2003-03-27,867.83,873.33,856.59,867.33
2003-03-28,867.33,869.33,859.09,862.83
2003-03-31,858.34,859.59,839.84,846.84
2003-04-01,844.34,860.34,842.84,856.59
2003-04-02,855.84,884.08,854.84,877.08
2003-04-03,877.58,888.58,872.83,873.08
2003-04-04,873.33,884.08,870.58,878.33
2003-04-07,882.83,904.83,876.08,876.83
2003-04-08,877.08,887.83,873.33,878.08
2003-04-09,878.33,887.08,864.08,866.58
2003-04-10,866.83,872.33,861.34,871.58
2003-04-11,871.58,883.33,864.58,868.08
2003-04-14,870.83,886.33,865.33,885.83
2003-04-15,886.33,893.83,879.83,893.58
2003-04-16,896.08,903.33,876.33,878.58
2003-04-17,879.33,893.33,877.58,891.08
2003-04-21,892.83,897.58,886.58,892.83
2003-04-22,892.33,911.83,884.83,909.33
2003-04-23,910.08,919.32,908.33,917.32
2003-04-24,917.32,918.32,905.33,909.58
2003-04-25,909.58,912.58,895.83,898.33
2003-04-28,898.83,917.82,895.08,913.33
2003-04-29,913.08,923.57,909.58,915.82
2003-04-30,916.07,921.32,909.83,915.82
2003-05-01,915.32,915.82,900.33,914.83
2003-05-02,916.57,930.07,910.58,927.32
2003-05-05,926.82,933.32,923.32,926.07
2003-05-06,925.57,939.32,924.07,934.57
2003-05-07,934.32,936.82,925.07,929.32
2003-05-08,928.82,929.07,918.07,920.32
2003-05-09,920.07,933.32,919.07,932.07
2003-05-12,933.07,946.57,928.07,944.07
2003-05-13,943.57,947.07,938.07,942.57
2003-05-14,942.32,948.07,934.32,940.07
2003-05-15,939.82,948.57,937.82,946.07
2003-05-16,945.57,949.57,937.82,944.07
2003-05-19,941.57,941.57,919.32,922.32
2003-05-20,922.32,925.57,911.08,919.07
2003-05-21,919.57,924.07,913.08,921.82
2003-05-22,922.32,935.32,919.57,930.57
2003-05-23,930.32,935.07,926.32,932.07
2003-05-26,932.07,934.82,931.32,934.32
2003-05-27,932.07,953.07,926.82,949.32
2003-05-28,949.32,959.32,948.57,951.82
2003-05-29,951.32,962.07,945.57,949.07
2003-05-30,948.82,965.82,948.07,963.07
2003-06-02,963.57,979.31,963.32,968.06
2003-06-03,966.57,973.06,963.32,972.06
2003-06-04,972.31,987.81,970.06,986.06
2003-06-05,985.81,991.06,977.31,990.56
2003-06-06,990.31,1008.31,985.81,987.56
2003-06-09,986.06,991.81,972.06,976.81
2003-06-10,976.81,986.81,976.06,986.56
2003-06-11,985.06,996.81,980.56,995.81
2003-06-12,995.81,1003.31,989.06,999.31
2003-06-13,998.56,1001.06,982.56,988.31
2003-06-16,988.06,1009.81,985.31,1009.06
2003-06-17,1009.06,1015.56,1005.31,1009.31
2003-06-18,1009.31,1014.31,1002.81,1008.06
2003-06-19,1008.06,1012.56,991.06,993.56
2003-06-20,993.31,1001.31,990.56,991.31
2003-06-23,992.06,992.56,975.31,980.81
2003-06-24,980.81,986.56,976.81,981.31
2003-06-25,981.56,990.06,969.81,971.81
2003-06-26,971.31,986.06,971.06,983.31
2003-06-27,983.56,987.81,971.81,973.06
2003-06-30,974.31,982.56,970.81,973.06
2003-07-01,972.56,982.31,960.07,981.06
2003-07-02,981.31,993.56,981.06,992.81
2003-07-03,992.81,994.06,974.31,982.31
2003-07-07,983.56,1004.81,983.06,1002.31
2003-07-08,1002.56,1008.31,997.06,1007.31
2003-07-09,1007.06,1009.81,995.81,1000.81
2003-07-10,999.31,999.81,981.81,988.56
2003-07-11,988.56,1000.06,985.06,997.06
2003-07-14,997.06,1014.56,995.81,1002.56
2003-07-15,1002.06,1010.81,994.81,1000.81
2003-07-16,1002.31,1007.06,987.31,994.81
2003-07-17,993.56,993.81,976.56,980.56
2003-07-18,981.81,993.06,977.31,990.31
2003-07-21,991.06,992.06,973.31,977.81
2003-07-22,977.31,989.31,974.06,986.56
2003-07-23,987.56,990.81,977.56,987.31
2003-07-24,987.06,998.06,978.56,980.06
2003-07-25,978.81,997.56,974.81,996.56
2003-07-28,997.81,1000.31,991.31,993.81
2003-07-29,993.56,997.81,981.31,988.81
2003-07-30,988.56,993.56,983.81,986.31
2003-07-31,986.06,1003.81,985.31,989.06
2003-08-01,988.56,992.56,976.81,979.31
2003-08-04,979.06,984.81,964.57,980.06
2003-08-05,980.06,982.06,958.07,959.32
2003-08-06,958.82,975.06,958.32,964.82
2003-08-07,964.82,975.06,961.82,974.31
2003-08-08,973.81,979.81,972.06,977.81
2003-08-11,977.81,984.56,972.56,981.06
2003-08-12,981.06,990.31,978.56,989.81
2003-08-13,989.31,993.31,979.56,984.56
2003-08-14,984.06,991.56,979.06,987.56
2003-08-15,979.56,992.31,973.06,990.31
2003-08-18,989.81,1000.06,989.56,998.56
2003-08-19,998.56,1003.06,994.06,1002.81
2003-08-20,1001.56,1003.06,995.56,998.81
2003-08-21,998.81,1009.31,998.06,1001.81
2003-08-22,1002.06,1012.06,991.56,992.31
2003-08-25,991.56,994.06,986.81,993.56
2003-08-26,993.56,997.81,982.31,995.31
2003-08-27,995.56,997.56,992.31,995.56
2003-08-28,995.06,1003.81,990.06,1001.06
2003-08-29,1001.06,1009.06,998.81,1007.56
2003-09-01,1008.06,1012.31,1006.06,1011.81
2003-09-02,1008.06,1022.55,1004.31,1021.8
2003-09-03,1021.8,1029.3,1020.05,1026.8
2003-09-04,1026.8,1029.3,1021.05,1028.05
2003-09-05,1028.8,1029.55,1017.56,1022.05
2003-09-08,1021.55,1032.55,1021.05,1030.3
2003-09-09,1030.8,1034.55,1020.3,1023.8
2003-09-10,1023.05,1024.05,1009.06,1013.31
2003-09-11,1013.31,1019.55,1009.06,1015.06
2003-09-12,1015.06,1018.06,1005.06,1016.31
2003-09-15,1016.56,1018.56,1011.31,1012.31
2003-09-16,1012.31,1028.05,1011.81,1027.55
2003-09-17,1027.55,1029.55,1022.05,1025.3
2003-09-18,1025.3,1038.3,1023.3,1037.05
2003-09-19,1037.3,1038.8,1029.3,1032.8
2003-09-22,1031.55,1031.55,1015.56,1021.05
2003-09-23,1021.05,1028.3,1019.06,1025.3
2003-09-24,1025.3,1028.05,1006.06,1007.06
2003-09-25,1007.06,1014.31,997.06,997.56
2003-09-26,997.56,1001.81,993.81,994.31
2003-09-29,995.06,1005.31,992.56,1004.06
2003-09-30,1003.56,1004.81,987.56,993.81
2003-10-01,995.31,1016.81,994.81,1016.31
2003-10-02,1016.06,1020.8,1011.31,1019.31
2003-10-03,1019.31,1037.8,1017.81,1028.3
2003-10-06,1026.8,1034.8,1026.05,1033.3
2003-10-07,1033.3,1038.05,1024.05,1037.05
2003-10-08,1037.55,1039.55,1028.8,1034.8
2003-10-09,1034.8,1047.05,1032.8,1038.3
2003-10-10,1037.55,1042.3,1033.8,1040.3
2003-10-13,1040.3,1047.8,1039.3,1044.3
2003-10-14,1044.3,1049.3,1038.8,1047.3
2003-10-15,1048.05,1055.55,1041.3,1044.3
2003-10-16,1042.8,1052.05,1041.05,1049.05
2003-10-17,1047.55,1051.8,1034.55,1037.55
2003-10-20,1037.3,1045.3,1034.05,1045.05
2003-10-21,1045.05,1049.3,1040.55,1043.3
2003-10-22,1043.55,1044.05,1026.3,1030.3
2003-10-23,1029.55,1034.3,1019.55,1028.3
2003-10-24,1028.05,1030.05,1016.06,1029.8
2003-10-27,1028.05,1036.55,1027.05,1030.55
2003-10-28,1029.8,1045.8,1029.55,1044.55
2003-10-29,1044.05,1048.55,1039.8,1046.05
2003-10-30,1045.8,1054.3,1042.05,1048.3
2003-10-31,1048.3,1052.05,1046.3,1049.3
2003-11-03,1047.05,1060.3,1046.3,1054.05
2003-11-04,1054.05,1056.8,1049.8,1052.05
2003-11-05,1052.05,1054.3,1043.05,1053.3
2003-11-06,1053.55,1058.55,1045.05,1058.3
2003-11-07,1058.05,1064.3,1049.8,1050.3
2003-11-10,1051.05,1053.55,1044.05,1046.05
2003-11-11,1046.05,1047.55,1041.3,1045.55
2003-11-12,1045.05,1058.8,1044.3,1056.8
2003-11-13,1056.55,1059.8,1051.8,1057.8
2003-11-14,1058.05,1064.05,1046.8,1048.8
2003-11-17,1047.8,1047.8,1034.05,1043.3
2003-11-18,1043.05,1048.3,1030.8,1032.55
2003-11-19,1032.8,1043.55,1030.8,1040.8
2003-11-20,1041.05,1046.05,1030.8,1031.8
2003-11-21,1031.55,1036.8,1030.05,1036.05
2003-11-24,1035.55,1051.3,1035.05,1049.3
2003-11-25,1049.3,1057.55,1047.3,1053.05
2003-11-26,1052.8,1058.3,1047.05,1056.55
2003-11-27,1057.05,1059.55,1055.3,1058.8
2003-11-28,1057.05,1060.05,1053.55,1057.55
2003-12-01,1058.8,1070.3,1055.55,1068.8
2003-12-02,1068.8,1070.8,1064.05,1066.8
2003-12-03,1066.3,1074.04,1064.05,1064.8
2003-12-04,1064.55,1070.3,1062.55,1069.3
2003-12-05,1066.8,1068.55,1059.3,1062.05
2003-12-08,1060.8,1069.3,1057.55,1068.8
2003-12-09,1069.05,1072.54,1058.55,1060.3
2003-12-10,1061.8,1061.8,1052.8,1059.3
2003-12-11,1059.05,1072.29,1057.8,1070.8
2003-12-12,1070.8,1073.29,1065.3,1072.79
2003-12-15,1086.29,1088.54,1066.05,1067.3
2003-12-16,1067.3,1074.54,1065.3,1073.29
2003-12-17,1073.29,1076.54,1069.3,1076.04
2003-12-18,1076.04,1088.54,1074.54,1088.29
2003-12-19,1087.79,1090.04,1082.04,1085.29
2003-12-22,1082.29,1092.79,1080.29,1092.54
2003-12-23,1092.29,1095.54,1090.04,1093.29
2003-12-24,1093.29,1095.04,1089.29,1092.79
2003-12-26,1093.29,1096.79,1092.29,1093.29
2003-12-29,1093.29,1109.04,1092.79,1107.54
2003-12-30,1107.54,1108.79,1104.79,1107.54
2003-12-31,1107.54,1111.29,1104.54,1108.79
2004-01-02,1110.79,1117.79,1103.29,1108.79
2004-01-05,1108.54,1121.29,1108.54,1119.79
2004-01-06,1119.54,1123.29,1115.29,1121.79
2004-01-07,1121.54,1126.53,1114.54,1125.28
2004-01-08,1125.28,1130.28,1123.54,1129.28
2004-01-09,1129.28,1130.78,1118.79,1119.79
2004-01-12,1119.29,1128.28,1118.04,1128.03
2004-01-13,1128.03,1129.03,1113.54,1121.04
2004-01-14,1121.04,1132.28,1119.04,1131.03
2004-01-15,1129.53,1136.28,1122.79,1133.03
2004-01-16,1132.78,1138.78,1131.78,1137.78
2004-01-19,1137.53,1140.53,1135.28,1136.03
2004-01-20,1137.53,1142.03,1133.78,1137.28
2004-01-21,1137.03,1148.53,1132.53,1145.78
2004-01-22,1145.78,1149.03,1141.28,1143.78
2004-01-23,1141.53,1149.03,1135.03,1140.03
2004-01-26,1139.78,1154.78,1137.78,1154.03
2004-01-27,1154.03,1154.53,1141.78,1142.28
2004-01-28,1142.03,1147.78,1124.53,1129.03
2004-01-29,1128.28,1133.53,1120.54,1130.03
2004-01-30,1130.78,1132.03,1125.78,1129.78
2004-02-02,1130.03,1142.03,1126.28,1134.28
2004-02-03,1134.28,1136.28,1129.28,1132.78
2004-02-04,1132.78,1133.28,1121.79,1123.79
2004-02-05,1123.54,1130.03,1122.29,1126.28
2004-02-06,1126.53,1141.78,1124.78,1138.78
2004-02-09,1139.03,1143.53,1137.53,1139.78
2004-02-10,1140.03,1146.53,1137.28,1143.03
2004-02-11,1143.03,1158.53,1141.03,1155.03
2004-02-12,1155.03,1157.28,1150.28,1150.78
2004-02-13,1151.28,1156.53,1141.78,1145.53
2004-02-16,1145.28,1148.03,1145.03,1147.78
2004-02-17,1145.28,1158.53,1145.03,1156.28
2004-02-18,1156.28,1158.53,1148.03,1151.03
2004-02-19,1151.03,1158.28,1145.03,1147.03
2004-02-20,1146.53,1150.78,1137.53,1143.53
2004-02-23,1143.78,1147.28,1135.78,1140.03
2004-02-24,1143.78,1144.03,1133.03,1138.28
2004-02-25,1138.78,1144.78,1136.78,1142.78
2004-02-26,1143.03,1147.03,1137.53,1143.03
2004-02-27,1143.53,1151.78,1140.28,1144.28
2004-03-01,1144.03,1157.28,1144.03,1155.28
2004-03-02,1155.28,1156.53,1146.28,1148.78
2004-03-03,1149.03,1152.53,1143.03,1150.53
2004-03-04,1150.28,1155.03,1149.03,1154.03
2004-03-05,1153.03,1163.53,1146.28,1157.53
2004-03-08,1157.78,1159.78,1143.03,1143.78
2004-03-09,1143.78,1146.78,1136.03,1139.28
2004-03-10,1138.53,1140.28,1118.04,1119.04
2004-03-11,1119.29,1125.03,1103.04,1104.04
2004-03-12,1104.29,1119.54,1100.79,1117.79
2004-03-15,1117.04,1118.54,1101.29,1104.79
2004-03-16,1104.79,1112.79,1100.79,1110.04
2004-03-17,1110.04,1124.78,1109.29,1122.29
2004-03-18,1122.29,1126.28,1111.29,1122.54
2004-03-19,1122.79,1127.03,1106.29,1107.04
2004-03-22,1107.29,1107.29,1087.29,1093.04
2004-03-23,1093.04,1100.04,1089.54,1091.04
2004-03-24,1091.29,1097.29,1084.54,1091.29
2004-03-25,1091.54,1109.04,1089.79,1105.79
2004-03-26,1106.04,1113.79,1104.04,1105.79
2004-03-29,1105.79,1123.29,1105.79,1121.54
2004-03-30,1121.54,1126.53,1117.29,1125.78
2004-03-31,1125.78,1129.53,1119.54,1124.78
2004-04-01,1126.53,1134.53,1123.29,1133.28
2004-04-02,1133.03,1144.78,1131.78,1141.78
2004-04-05,1141.28,1149.28,1137.78,1148.03
2004-04-06,1148.03,1148.28,1141.28,1144.53
2004-04-07,1144.28,1146.28,1136.78,1142.03
2004-04-08,1142.03,1154.28,1132.78,1139.28
2004-04-12,1138.78,1146.28,1135.78,1143.78
2004-04-13,1144.03,1149.78,1126.03,1128.03
2004-04-14,1127.78,1131.78,1120.54,1129.53
2004-04-15,1129.03,1133.28,1118.79,1124.78
2004-04-16,1124.28,1135.78,1121.79,1133.78
2004-04-19,1132.28,1135.03,1128.03,1133.53
2004-04-20,1133.28,1138.28,1113.04,1114.29
2004-04-21,1115.29,1124.53,1114.04,1122.29
2004-04-22,1123.79,1141.78,1118.04,1136.53
2004-04-23,1139.78,1142.03,1133.03,1139.28
2004-04-26,1138.03,1144.03,1130.78,1137.78
2004-04-27,1137.53,1146.03,1134.53,1137.78
2004-04-28,1137.78,1138.03,1119.79,1123.29
2004-04-29,1122.79,1127.78,1106.29,1113.79
2004-04-30,1113.04,1118.79,1103.54,1105.79
2004-05-03,1105.04,1117.79,1104.04,1115.79
2004-05-04,1115.79,1127.28,1111.29,1115.29
2004-05-05,1115.29,1124.28,1112.29,1121.79
2004-05-06,1121.79,1122.04,1104.54,1112.79
2004-05-07,1112.79,1116.79,1094.29,1095.29
2004-05-10,1094.79,1096.79,1077.79,1083.29
2004-05-11,1083.29,1095.04,1081.04,1092.04
2004-05-12,1092.29,1099.54,1075.04,1098.54
2004-05-13,1098.29,1102.29,1090.54,1093.54
2004-05-14,1093.29,1101.79,1085.54,1094.54
2004-05-17,1093.79,1094.54,1078.04,1085.29
2004-05-18,1085.04,1094.29,1084.29,1090.04
2004-05-19,1090.54,1105.54,1085.54,1086.54
2004-05-20,1086.79,1092.54,1083.79,1090.29
2004-05-21,1089.79,1099.54,1088.54,1092.29
2004-05-24,1092.54,1101.54,1090.79,1096.29
2004-05-25,1096.29,1113.54,1089.79,1112.29
2004-05-26,1111.79,1116.79,1108.54,1115.79
2004-05-27,1115.79,1124.28,1114.29,1122.54
2004-05-28,1122.04,1123.54,1117.29,1120.04
2004-05-31,1121.29,1122.79,1118.54,1121.29
2004-06-01,1121.04,1122.54,1112.29,1121.04
2004-06-02,1121.29,1128.28,1118.04,1125.28
2004-06-03,1125.03,1125.78,1114.29,1114.79
2004-06-04,1115.79,1129.28,1115.29,1123.04
2004-06-07,1122.29,1141.78,1122.29,1140.03
2004-06-08,1140.03,1142.53,1135.28,1141.78
2004-06-09,1141.03,1142.28,1130.03,1130.78
2004-06-10,1131.28,1136.28,1129.03,1136.03
2004-06-11,1136.28,1136.28,1132.28,1136.03
2004-06-14,1133.53,1134.28,1121.54,1125.28
2004-06-15,1125.28,1137.53,1125.03,1133.53
2004-06-16,1133.03,1136.78,1129.78,1132.78
2004-06-17,1132.78,1133.78,1126.03,1131.28
2004-06-18,1131.03,1139.28,1126.28,1133.78
2004-06-21,1134.53,1139.03,1128.03,1129.03
2004-06-22,1129.03,1135.53,1123.54,1134.78
2004-06-23,1134.53,1145.03,1130.78,1143.78
2004-06-24,1143.78,1146.03,1139.28,1141.03
2004-06-25,1141.28,1145.78,1133.28,1135.03
2004-06-28,1136.53,1145.53,1130.78,1131.53
2004-06-29,1131.78,1138.28,1127.53,1135.53
2004-06-30,1135.53,1144.28,1132.78,1140.28
2004-07-01,1140.53,1143.53,1122.04,1126.03
2004-07-02,1126.28,1129.28,1122.29,1125.53
2004-07-05,1125.53,1126.03,1122.54,1124.03
2004-07-06,1125.53,1128.78,1112.29,1114.79
2004-07-07,1114.79,1121.79,1113.29,1117.79
2004-07-08,1117.29,1119.04,1107.79,1110.54
2004-07-09,1110.54,1115.29,1109.79,1112.54
2004-07-12,1113.54,1116.04,1105.79,1113.29
2004-07-13,1113.29,1115.79,1110.79,1114.04
2004-07-14,1111.54,1119.54,1106.54,1111.04
2004-07-15,1111.29,1114.79,1102.79,1103.29
2004-07-16,1104.79,1112.29,1099.79,1102.54
2004-07-19,1102.79,1105.79,1095.29,1098.54
2004-07-20,1098.54,1114.54,1095.54,1111.79
2004-07-21,1111.79,1115.79,1089.29,1090.29
2004-07-22,1090.04,1099.04,1082.79,1093.54
2004-07-23,1091.79,1093.79,1082.04,1085.29
2004-07-26,1085.54,1089.29,1076.79,1082.79
2004-07-27,1082.79,1095.79,1082.54,1092.29
2004-07-28,1092.29,1098.29,1080.54,1095.29
2004-07-29,1095.54,1103.54,1092.29,1100.04
2004-07-30,1100.04,1103.79,1095.79,1100.79
2004-08-02,1097.79,1108.04,1095.29,1105.29
2004-08-03,1105.54,1106.29,1096.29,1097.04
2004-08-04,1097.29,1102.04,1088.79,1096.79
2004-08-05,1096.79,1098.54,1077.04,1078.29
2004-08-06,1078.54,1082.79,1060.55,1063.3
2004-08-09,1064.05,1069.05,1062.3,1064.05
2004-08-10,1064.3,1078.54,1063.8,1076.04
2004-08-11,1076.04,1077.04,1065.05,1075.54
2004-08-12,1075.54,1077.79,1059.8,1063.55
2004-08-13,1064.3,1067.55,1059.8,1066.05
2004-08-16,1065.3,1080.54,1060.8,1077.29
2004-08-17,1077.04,1086.79,1075.29,1082.79
2004-08-18,1082.79,1095.79,1077.79,1094.29
2004-08-19,1094.04,1095.29,1085.54,1091.04
2004-08-20,1091.04,1100.29,1087.04,1098.54
2004-08-23,1097.29,1101.54,1094.04,1096.04
2004-08-24,1096.04,1101.04,1092.04,1097.29
2004-08-25,1097.04,1106.29,1092.54,1103.54
2004-08-26,1103.54,1106.54,1101.79,1104.29
2004-08-27,1103.79,1109.54,1103.04,1108.04
2004-08-30,1107.29,1107.79,1097.79,1098.79
2004-08-31,1099.04,1105.04,1094.04,1103.79
2004-09-01,1104.79,1109.54,1097.79,1106.54
2004-09-02,1106.29,1120.04,1104.29,1119.29
2004-09-03,1116.04,1121.04,1112.54,1114.29
2004-09-06,1114.54,1118.29,1114.54,1118.04
2004-09-07,1114.54,1124.28,1114.54,1122.04
2004-09-08,1122.29,1123.79,1116.54,1119.04
2004-09-09,1118.79,1122.04,1113.54,1117.79
2004-09-10,1118.04,1126.03,1114.04,1123.79
2004-09-13,1123.79,1130.53,1123.04,1128.03
2004-09-14,1127.78,1130.28,1125.03,1129.78
2004-09-15,1129.53,1130.03,1119.79,1120.54
2004-09-16,1121.04,1126.78,1120.54,1124.28
2004-09-17,1124.28,1131.28,1122.54,1128.78
2004-09-20,1128.53,1128.78,1120.29,1122.04
2004-09-21,1122.29,1132.28,1121.04,1127.03
2004-09-22,1126.78,1127.28,1111.79,1112.79
2004-09-23,1112.54,1114.79,1106.79,1107.04
2004-09-24,1107.04,1114.29,1106.79,1111.29
2004-09-27,1111.04,1113.79,1103.04,1105.04
2004-09-28,1105.04,1112.29,1101.04,1109.54
2004-09-29,1109.54,1115.29,1107.04,1115.04
2004-09-30,1115.04,1116.79,1109.29,1114.79
2004-10-01,1114.79,1133.28,1111.54,1133.03
2004-10-04,1131.28,1141.03,1130.78,1135.28
2004-10-05,1135.03,1139.78,1132.03,1136.28
2004-10-06,1135.53,1143.53,1133.28,1142.53
2004-10-07,1142.78,1142.78,1130.28,1131.28
2004-10-08,1131.28,1135.78,1120.04,1121.79
2004-10-11,1121.79,1126.78,1121.79,1125.78
2004-10-12,1125.53,1126.53,1115.79,1122.29
2004-10-13,1123.29,1127.28,1109.29,1112.04
2004-10-14,1111.79,1115.29,1101.79,1102.79
2004-10-15,1102.79,1113.54,1101.79,1108.04
2004-10-18,1108.54,1115.04,1102.29,1112.79
2004-10-19,1113.29,1118.29,1101.79,1103.29
2004-10-20,1103.29,1104.04,1093.54,1101.54
2004-10-21,1101.54,1109.04,1097.79,1107.54
2004-10-22,1106.04,1109.54,1094.54,1095.79
2004-10-25,1095.29,1096.79,1087.79,1095.04
2004-10-26,1095.29,1111.79,1094.29,1111.29
2004-10-27,1110.79,1126.53,1106.54,1124.53
2004-10-28,1123.79,1131.03,1120.04,1127.28
2004-10-29,1127.53,1131.78,1124.28,1130.03
2004-11-01,1127.28,1133.78,1126.03,1130.53
2004-11-02,1130.53,1140.78,1127.53,1130.28
2004-11-03,1130.28,1148.78,1127.03,1144.78
2004-11-04,1144.03,1161.78,1141.78,1160.28
2004-11-05,1160.28,1171.53,1158.03,1167.53
2004-11-08,1166.78,1167.28,1162.03,1166.28
2004-11-09,1166.28,1169.78,1162.53,1164.03
2004-11-10,1164.28,1170.28,1162.53,1164.53
2004-11-11,1164.78,1175.78,1162.78,1173.53
2004-11-12,1173.03,1184.52,1171.53,1182.52
2004-11-15,1182.77,1185.77,1180.27,1185.77
2004-11-16,1185.02,1185.52,1175.53,1177.27
2004-11-17,1177.27,1189.52,1177.02,1184.02
2004-11-18,1183.77,1186.02,1180.27,1184.77
2004-11-19,1184.77,1185.52,1169.03,1172.03
2004-11-22,1171.78,1178.77,1166.28,1177.77
2004-11-23,1177.77,1180.27,1171.28,1179.02
2004-11-24,1178.52,1183.02,1177.77,1181.77
2004-11-25,1181.77,1186.27,1180.52,1186.02
2004-11-26,1181.77,1186.77,1179.02,1180.52
2004-11-29,1180.27,1191.02,1172.03,1175.78
2004-11-30,1176.27,1179.27,1172.78,1173.78
2004-12-01,1177.02,1192.02,1174.78,1189.52
2004-12-02,1189.27,1195.52,1186.77,1190.27
2004-12-03,1193.52,1198.27,1185.52,1189.02
2004-12-06,1189.02,1193.02,1185.02,1189.02
2004-12-07,1189.02,1193.27,1176.77,1177.52
2004-12-08,1179.77,1186.52,1177.77,1186.02
2004-12-09,1185.27,1193.27,1175.53,1190.52
2004-12-10,1190.27,1194.02,1186.77,1191.52
2004-12-13,1191.77,1202.52,1191.52,1202.27
2004-12-14,1202.02,1208.02,1199.02,1206.27
2004-12-15,1206.27,1209.27,1201.27,1207.02
2004-12-16,1206.77,1210.52,1200.02,1206.27
2004-12-17,1206.02,1208.77,1195.02,1198.02
2004-12-20,1197.27,1206.52,1195.02,1198.52
2004-12-21,1198.27,1208.27,1197.02,1207.77
2004-12-22,1207.02,1214.02,1206.52,1210.77
2004-12-23,1210.52,1216.27,1208.77,1211.52
2004-12-27,1212.02,1216.77,1207.02,1208.27
2004-12-28,1208.27,1216.52,1207.52,1215.27
2004-12-29,1215.27,1217.02,1212.52,1216.77
2004-12-30,1216.52,1218.77,1213.27,1214.52
2004-12-31,1214.52,1219.52,1210.52,1213.52
2005-01-03,1213.27,1221.02,1201.52,1206.02
2005-01-04,1206.02,1209.27,1186.52,1190.77
2005-01-05,1190.52,1194.77,1182.52,1183.02
2005-01-06,1183.02,1193.52,1182.52,1188.02
2005-01-07,1188.27,1194.27,1183.27,1186.02
2005-01-10,1186.77,1196.52,1185.02,1191.52
2005-01-11,1191.02,1192.52,1181.52,1183.77
2005-01-12,1185.77,1189.52,1176.52,1187.27
2005-01-13,1187.52,1190.02,1176.03,1177.77
2005-01-14,1178.02,1186.52,1176.52,1183.52
2005-01-18,1184.77,1197.52,1180.27,1195.52
2005-01-19,1195.77,1197.02,1183.02,1183.27
2005-01-20,1181.27,1182.77,1173.78,1176.27
2005-01-21,1177.02,1180.52,1167.03,1168.28
2005-01-24,1169.78,1174.03,1164.03,1166.03
2005-01-25,1166.03,1175.28,1165.78,1169.53
2005-01-26,1169.53,1176.52,1169.28,1173.03
2005-01-27,1172.78,1177.77,1170.03,1174.53
2005-01-28,1175.03,1177.27,1166.03,1174.53
2005-01-31,1176.52,1182.77,1176.52,1181.52
2005-02-01,1181.02,1190.77,1179.27,1189.02
2005-02-02,1189.52,1195.77,1188.77,1193.02
2005-02-03,1192.02,1193.27,1185.52,1189.27
2005-02-04,1189.52,1204.27,1188.02,1201.77
2005-02-07,1202.52,1204.77,1199.27,1200.52
2005-02-08,1200.77,1206.02,1199.77,1202.02
2005-02-09,1201.52,1204.27,1191.52,1192.77
2005-02-10,1192.27,1199.27,1191.52,1196.27
2005-02-11,1196.52,1209.77,1193.52,1206.77
2005-02-14,1207.52,1208.27,1203.77,1206.02
2005-02-15,1206.02,1213.27,1205.27,1210.52
2005-02-16,1210.27,1213.27,1203.27,1210.27
2005-02-17,1210.52,1211.77,1200.52,1200.77
2005-02-18,1201.02,1203.52,1197.27,1202.02
2005-02-22,1201.27,1203.02,1183.77,1184.52
2005-02-23,1184.77,1193.77,1183.27,1192.52
2005-02-24,1192.52,1201.27,1187.77,1200.52
2005-02-25,1200.52,1213.02,1199.52,1211.77
2005-02-28,1211.77,1214.52,1198.02,1203.77
2005-03-01,1204.27,1213.02,1202.77,1209.77
2005-03-02,1210.02,1216.77,1203.77,1209.27
2005-03-03,1209.52,1216.52,1204.27,1209.77
2005-03-04,1209.77,1225.52,1209.02,1224.02
2005-03-07,1225.52,1229.51,1223.02,1225.02
2005-03-08,1225.52,1226.27,1218.27,1220.27
2005-03-09,1220.52,1223.77,1206.27,1206.77
2005-03-10,1210.77,1216.02,1205.27,1213.77
2005-03-11,1215.27,1218.27,1202.27,1205.27
2005-03-14,1205.52,1212.27,1203.52,1211.77
2005-03-15,1212.02,1216.02,1201.52,1202.52
2005-03-16,1202.27,1206.02,1189.27,1191.77
2005-03-17,1192.27,1197.77,1190.02,1193.77
2005-03-18,1194.02,1196.77,1186.27,1190.52
2005-03-21,1191.27,1193.27,1182.27,1186.02
2005-03-22,1186.02,1193.52,1171.78,1174.03
2005-03-23,1172.78,1180.02,1168.53,1174.28
2005-03-24,1174.53,1184.02,1174.28,1175.28
2005-03-28,1175.78,1183.27,1175.78,1177.27
2005-03-29,1177.52,1183.02,1166.53,1169.78
2005-03-30,1169.78,1185.52,1168.78,1185.27
2005-03-31,1185.27,1188.02,1181.77,1183.77
2005-04-01,1183.02,1193.27,1172.28,1177.52
2005-04-04,1177.02,1181.77,1170.53,1179.52
2005-04-05,1179.77,1186.77,1178.27,1185.02
2005-04-06,1184.52,1192.77,1183.77,1189.02
2005-04-07,1189.02,1195.52,1186.02,1195.02
2005-04-08,1195.02,1195.27,1182.52,1183.27
2005-04-11,1182.52,1187.02,1181.02,1183.52
2005-04-12,1183.52,1193.02,1172.78,1189.77
2005-04-13,1189.52,1190.27,1173.28,1175.78
2005-04-14,1175.53,1178.27,1159.78,1160.28
2005-04-15,1160.03,1163.78,1142.78,1143.28
2005-04-18,1143.78,1151.28,1135.53,1146.53
2005-04-19,1146.78,1156.78,1146.28,1155.53
2005-04-20,1157.53,1159.53,1136.53,1139.53
2005-04-21,1139.03,1163.53,1137.53,1161.28
2005-04-22,1160.78,1161.03,1143.53,1157.03
2005-04-25,1156.78,1166.03,1155.28,1163.78
2005-04-26,1164.03,1165.78,1152.28,1153.53
2005-04-27,1152.78,1161.28,1145.03,1157.03
2005-04-28,1157.28,1158.28,1142.28,1142.78
2005-04-29,1143.78,1159.28,1140.03,1158.28
2005-05-02,1157.53,1164.28,1155.28,1163.28
2005-05-03,1163.78,1168.53,1157.03,1165.78
2005-05-04,1165.53,1177.52,1162.53,1175.03
2005-05-05,1175.28,1179.77,1167.28,1174.78
2005-05-06,1174.28,1182.02,1170.78,1171.03
2005-05-09,1172.28,1180.52,1169.78,1178.02
2005-05-10,1178.02,1178.27,1163.28,1165.53
2005-05-11,1165.78,1173.28,1157.78,1172.28
2005-05-12,1171.78,1175.03,1158.28,1159.03
2005-05-13,1160.03,1165.28,1146.53,1156.53
2005-05-16,1156.53,1167.53,1154.53,1166.78
2005-05-17,1166.78,1176.03,1160.53,1175.03
2005-05-18,1174.78,1189.27,1172.03,1186.52
2005-05-19,1186.52,1192.52,1185.02,1191.02
2005-05-20,1191.27,1192.77,1185.77,1190.02
2005-05-23,1190.52,1198.77,1189.02,1196.02
2005-05-24,1196.02,1196.52,1190.27,1193.52
2005-05-25,1192.02,1193.52,1186.02,1192.27
2005-05-26,1192.02,1200.02,1191.52,1197.77
2005-05-27,1197.77,1200.27,1195.77,1200.02
2005-05-31,1199.77,1201.77,1191.27,1192.02
2005-06-01,1192.27,1206.77,1191.52,1201.02
2005-06-02,1201.27,1205.52,1198.27,1205.02
2005-06-03,1204.77,1206.77,1194.52,1198.27
2005-06-06,1198.02,1199.27,1192.77,1197.77
2005-06-07,1197.77,1209.52,1197.27,1198.77
2005-06-08,1199.02,1203.27,1193.27,1200.77
2005-06-09,1200.52,1207.52,1196.02,1205.77
2005-06-10,1205.52,1208.52,1197.27,1203.77
2005-06-13,1203.77,1212.27,1199.52,1207.27
2005-06-14,1207.02,1213.27,1205.02,1209.77
2005-06-15,1209.52,1214.02,1203.27,1211.52
2005-06-16,1211.52,1217.52,1210.02,1215.52
2005-06-17,1215.52,1225.02,1215.02,1220.27
2005-06-20,1220.27,1224.27,1215.02,1219.77
2005-06-21,1219.77,1222.27,1216.02,1220.77
2005-06-22,1220.77,1224.77,1215.77,1220.77
2005-06-23,1221.02,1222.27,1203.52,1203.77
2005-06-24,1203.77,1206.02,1193.02,1195.52
2005-06-27,1195.27,1199.02,1192.27,1196.02
2005-06-28,1195.77,1207.02,1195.52,1206.52
2005-06-29,1206.52,1208.52,1201.77,1202.77
2005-06-30,1202.77,1207.52,1193.77,1195.27
2005-07-01,1195.52,1202.02,1195.02,1199.77
2005-07-05,1199.77,1210.52,1195.27,1208.77
2005-07-06,1208.52,1210.52,1197.77,1198.27
2005-07-07,1198.02,1203.02,1170.53,1202.52
2005-07-08,1202.52,1217.02,1200.52,1216.27
2005-07-11,1216.27,1224.52,1215.27,1223.27
2005-07-12,1223.02,1229.51,1219.52,1225.27
2005-07-13,1225.52,1228.27,1222.52,1227.77
2005-07-14,1227.52,1237.26,1226.77,1231.51
2005-07-15,1231.01,1233.26,1226.27,1231.01
2005-07-18,1230.26,1231.26,1223.77,1226.27
2005-07-19,1226.27,1233.76,1226.27,1233.01
2005-07-20,1231.51,1239.76,1225.27,1236.26
2005-07-21,1238.01,1245.76,1226.77,1229.76
2005-07-22,1229.01,1237.76,1227.02,1236.76
2005-07-25,1236.51,1241.51,1230.26,1233.76
2005-07-26,1233.76,1237.26,1231.26,1234.76
2005-07-27,1234.76,1240.26,1232.01,1239.51
2005-07-28,1239.26,1248.01,1238.01,1246.76
2005-07-29,1246.76,1248.51,1236.26,1236.51
2005-08-01,1239.01,1241.76,1235.51,1237.26
2005-08-02,1237.01,1247.26,1236.76,1244.76
2005-08-03,1244.51,1248.26,1242.01,1247.51
2005-08-04,1247.51,1248.26,1236.26,1237.76
2005-08-05,1238.01,1240.76,1227.02,1229.51
2005-08-08,1229.51,1234.26,1224.02,1227.02
2005-08-09,1226.52,1236.01,1225.27,1234.01
2005-08-10,1233.76,1245.01,1228.02,1233.51
2005-08-11,1233.26,1240.26,1229.76,1238.26
2005-08-12,1238.01,1238.26,1227.02,1230.76
2005-08-15,1230.51,1238.26,1227.52,1237.26
2005-08-16,1237.01,1238.76,1219.77,1221.27
2005-08-17,1221.27,1227.52,1218.02,1221.27
2005-08-18,1221.27,1224.52,1216.52,1220.77
2005-08-19,1220.52,1227.02,1219.77,1223.52
2005-08-22,1223.02,1230.76,1217.27,1223.77
2005-08-23,1223.02,1224.77,1215.27,1221.27
2005-08-24,1220.77,1225.52,1208.77,1209.77
2005-08-25,1209.02,1214.77,1208.27,1213.27
2005-08-26,1213.52,1215.02,1204.52,1205.77
2005-08-29,1203.27,1215.52,1193.77,1214.27
2005-08-30,1214.27,1214.77,1201.27,1208.27
2005-08-31,1208.27,1224.02,1204.52,1221.27
2005-09-01,1222.02,1228.51,1216.27,1221.52
2005-09-02,1221.52,1226.02,1217.27,1219.52
2005-09-06,1219.27,1234.76,1219.02,1234.01
2005-09-07,1234.01,1241.76,1231.01,1241.76
2005-09-08,1241.26,1242.51,1235.51,1238.01
2005-09-09,1237.76,1250.01,1237.26,1248.26
2005-09-12,1248.51,1250.76,1245.01,1246.26
2005-09-13,1245.76,1246.51,1237.26,1238.76
2005-09-14,1238.51,1242.01,1231.76,1234.26
2005-09-15,1234.26,1238.26,1230.51,1233.26
2005-09-16,1233.26,1244.51,1232.51,1242.01
2005-09-19,1242.26,1242.76,1233.01,1237.76
2005-09-20,1237.76,1242.76,1225.27,1227.27
2005-09-21,1227.27,1229.26,1214.02,1215.77
2005-09-22,1215.77,1222.52,1210.52,1219.52
2005-09-23,1219.27,1224.52,1214.77,1220.27
2005-09-26,1223.77,1228.76,1216.52,1221.27
2005-09-27,1221.27,1225.77,1215.77,1221.52
2005-09-28,1221.52,1226.77,1217.27,1222.52
2005-09-29,1222.27,1234.26,1216.02,1231.51
2005-09-30,1231.26,1235.76,1229.76,1234.01
2005-10-03,1235.01,1238.76,1229.51,1231.51
2005-10-04,1231.26,1235.26,1216.27,1216.52
2005-10-05,1216.52,1218.27,1199.77,1200.52
2005-10-06,1200.52,1206.77,1185.52,1196.77
2005-10-07,1196.52,1204.52,1194.77,1199.77
2005-10-10,1199.27,1204.27,1189.27,1189.77
2005-10-11,1190.02,1197.77,1186.77,1188.27
2005-10-12,1189.02,1194.77,1177.02,1178.27
2005-10-13,1178.77,1184.27,1171.53,1177.77
2005-10-14,1178.27,1191.27,1178.27,1189.77
2005-10-17,1189.52,1195.52,1186.02,1194.02
2005-10-18,1194.02,1196.52,1180.52,1181.27
2005-10-19,1182.02,1200.77,1173.53,1200.27
2005-10-20,1198.77,1200.77,1175.03,1179.27
2005-10-21,1179.52,1189.77,1175.53,1183.52
2005-10-24,1183.52,1203.02,1183.02,1202.27
2005-10-25,1201.77,1204.52,1191.52,1198.77
2005-10-26,1198.52,1207.02,1193.52,1195.77
2005-10-27,1195.27,1195.77,1180.52,1182.27
2005-10-28,1181.27,1201.02,1179.27,1199.52
2005-10-31,1199.52,1214.27,1199.27,1209.52
2005-11-01,1205.02,1210.27,1202.77,1206.02
2005-11-02,1206.02,1218.27,1202.27,1217.77
2005-11-03,1217.77,1227.52,1215.77,1223.52
2005-11-04,1223.27,1225.52,1216.27,1221.77
2005-11-07,1222.27,1226.77,1219.02,1222.52
2005-11-08,1222.27,1224.27,1218.27,1222.52
2005-11-09,1222.27,1229.26,1218.52,1223.52
2005-11-10,1223.27,1235.26,1217.02,1233.51
2005-11-11,1233.51,1238.51,1232.26,1237.76
2005-11-14,1237.76,1240.01,1233.76,1237.01
2005-11-15,1236.76,1240.76,1228.27,1232.26
2005-11-16,1232.26,1235.01,1229.01,1234.51
2005-11-17,1234.26,1246.01,1233.51,1245.01
2005-11-18,1244.76,1252.01,1242.26,1250.01
2005-11-21,1250.01,1258.01,1248.26,1256.76
2005-11-22,1256.51,1263.76,1252.76,1261.76
2005-11-23,1261.51,1272.76,1260.51,1268.26
2005-11-24,1268.26,1268.26,1265.51,1267.26
2005-11-25,1267.26,1270.51,1265.76,1269.76
2005-11-28,1269.51,1272.76,1258.51,1260.76
2005-11-29,1260.51,1267.76,1258.51,1259.01
2005-11-30,1259.01,1262.76,1250.26,1250.76
2005-12-01,1252.76,1267.76,1251.51,1264.26
2005-12-02,1264.76,1268.01,1262.26,1265.76
2005-12-05,1265.76,1266.76,1258.76,1263.26
2005-12-06,1263.26,1274.26,1262.76,1265.26
2005-12-07,1265.51,1267.01,1253.26,1257.76
2005-12-08,1265.26,1272.51,1259.01,1264.51
2005-12-09,1263.51,1272.26,1262.01,1267.26
2005-12-12,1268.26,1273.51,1263.51,1269.01
2005-12-13,1269.26,1281.25,1267.01,1276.76
2005-12-14,1277.26,1284.75,1273.01,1281.75
2005-12-15,1281.75,1283.5,1275.26,1277.51
2005-12-16,1277.26,1284.25,1273.51,1274.01
2005-12-19,1275.01,1279.51,1266.51,1267.26
2005-12-20,1267.51,1271.76,1264.51,1267.76
2005-12-21,1267.76,1276.76,1266.51,1269.76
2005-12-22,1269.01,1275.76,1268.76,1275.26
2005-12-23,1275.51,1277.51,1272.76,1276.26
2005-12-27,1276.76,1280.76,1262.26,1263.76
2005-12-28,1263.26,1268.01,1262.76,1265.01
2005-12-29,1265.01,1267.51,1258.26,1259.76
2005-12-30,1260.01,1261.26,1251.01,1254.51
2006-01-03,1255.01,1277.26,1251.26,1274.51
2006-01-04,1274.26,1282.0,1270.51,1280.26
2006-01-05,1280.26,1283.0,1275.51,1281.0
2006-01-06,1281.0,1292.75,1280.01,1291.5
2006-01-09,1291.0,1297.25,1290.0,1294.75
2006-01-10,1294.0,1296.5,1289.0,1295.75
2006-01-11,1295.5,1300.75,1293.25,1299.5
2006-01-12,1299.25,1299.5,1290.25,1293.25
2006-01-13,1293.25,1295.5,1287.5,1292.5
2006-01-16,1292.5,1295.0,1288.5,1294.5
2006-01-17,1292.5,1295.0,1283.25,1289.25
2006-01-18,1286.5,1287.5,1275.01,1283.5
2006-01-19,1282.25,1292.75,1280.01,1288.0
2006-01-20,1287.75,1289.0,1264.01,1264.51
2006-01-23,1265.01,1272.51,1263.51,1269.01
2006-01-24,1269.01,1276.01,1267.01,1270.26
2006-01-25,1270.26,1275.76,1262.01,1270.76
2006-01-26,1270.01,1280.51,1269.51,1277.51
2006-01-27,1278.01,1290.25,1277.01,1289.0
2006-01-30,1288.75,1291.5,1286.5,1288.25
2006-01-31,1288.0,1290.25,1278.26,1283.25
2006-02-01,1278.01,1287.25,1276.01,1287.0
2006-02-02,1286.5,1287.0,1270.26,1271.76
2006-02-03,1271.51,1276.26,1263.26,1265.26
2006-02-06,1265.51,1270.26,1263.76,1268.51
2006-02-07,1268.26,1269.76,1255.76,1257.26
2006-02-08,1257.26,1269.51,1255.51,1268.01
2006-02-09,1267.76,1277.51,1265.01,1265.51
2006-02-10,1265.76,1272.76,1256.76,1268.01
2006-02-13,1268.01,1269.01,1260.26,1265.51
2006-02-14,1265.51,1281.25,1262.76,1278.01
2006-02-15,1278.01,1283.5,1272.51,1282.0
2006-02-16,1281.75,1292.5,1280.76,1291.5
2006-02-17,1291.5,1292.0,1285.75,1288.75
2006-02-20,1288.0,1289.5,1286.25,1288.5
2006-02-21,1288.0,1294.0,1282.75,1285.0
2006-02-22,1285.0,1296.0,1283.5,1292.0
2006-02-23,1292.0,1295.75,1286.25,1290.0
2006-02-24,1289.75,1294.0,1286.75,1292.75
2006-02-27,1292.75,1299.5,1291.75,1293.75
2006-02-28,1294.0,1294.75,1279.76,1282.25
2006-03-01,1281.5,1293.25,1281.25,1291.75
2006-03-02,1291.5,1292.75,1284.0,1291.25
2006-03-03,1291.25,1298.75,1279.76,1286.25
2006-03-06,1286.5,1291.0,1276.01,1279.26
2006-03-07,1279.26,1279.26,1271.51,1277.26
2006-03-08,1288.0,1291.5,1279.01,1289.5
2006-03-09,1289.75,1293.75,1281.25,1281.75
2006-03-10,1281.75,1295.25,1280.51,1292.75
2006-03-13,1292.5,1298.5,1292.0,1295.5
2006-03-14,1295.5,1309.5,1292.25,1308.5
2006-03-15,1308.5,1315.25,1305.0,1314.0
2006-03-16,1313.75,1321.25,1311.25,1316.5
2006-03-17,1316.25,1320.5,1314.5,1317.25
2006-03-20,1317.25,1320.75,1313.25,1315.25
2006-03-21,1315.0,1321.25,1305.25,1307.25
2006-03-22,1307.0,1315.75,1304.5,1314.25
2006-03-23,1314.5,1315.75,1306.75,1311.5
2006-03-24,1311.5,1316.0,1307.25,1312.5
2006-03-27,1312.75,1314.25,1307.5,1310.75
2006-03-28,1310.5,1315.25,1300.0,1302.25
2006-03-29,1302.0,1314.75,1300.5,1309.75
2006-03-30,1310.25,1319.0,1304.5,1307.25
2006-03-31,1307.5,1311.5,1302.5,1307.25
2006-04-03,1306.75,1317.75,1304.0,1305.5
2006-04-04,1305.75,1316.0,1302.0,1314.5
2006-04-05,1314.5,1321.0,1312.0,1318.75
2006-04-06,1318.75,1320.25,1309.75,1317.25
2006-04-07,1316.75,1323.75,1301.0,1303.75
2006-04-10,1303.5,1308.5,1300.0,1305.25
2006-04-11,1305.5,1307.5,1289.0,1293.75
2006-04-12,1293.75,1298.0,1292.25,1295.25
2006-04-13,1295.25,1299.0,1289.25,1294.0
2006-04-17,1294.0,1299.0,1286.25,1292.75
2006-04-18,1292.5,1315.75,1292.25,1313.25
2006-04-19,1313.25,1318.5,1308.0,1315.0
2006-04-20,1314.5,1324.5,1311.5,1316.75
2006-04-21,1317.0,1323.75,1311.75,1316.75
2006-04-24,1316.0,1318.25,1308.75,1314.25
2006-04-25,1314.25,1316.5,1304.0,1309.25
2006-04-26,1309.0,1316.25,1307.5,1308.75
2006-04-27,1308.75,1320.75,1300.0,1314.75
2006-04-28,1314.5,1321.75,1310.5,1315.75
2006-05-01,1318.25,1322.25,1306.75,1308.0
2006-05-02,1308.0,1318.75,1308.0,1317.75
2006-05-03,1317.75,1318.5,1307.75,1312.0
2006-05-04,1311.75,1319.75,1311.0,1316.75
2006-05-05,1316.75,1331.0,1316.0,1328.75
2006-05-08,1329.0,1330.75,1326.5,1327.0
2006-05-09,1327.25,1330.75,1325.5,1329.0
2006-05-10,1329.0,1329.75,1320.5,1327.5
2006-05-11,1327.25,1330.25,1307.0,1311.5
2006-05-12,1311.0,1312.5,1293.25,1294.0
2006-05-15,1288.75,1298.75,1285.0,1297.0
2006-05-16,1296.75,1301.25,1291.5,1294.75
2006-05-17,1295.0,1299.5,1268.01,1268.76
2006-05-18,1269.51,1277.76,1261.26,1262.76
2006-05-19,1263.51,1275.26,1258.01,1270.51
2006-05-22,1270.51,1273.76,1255.01,1261.76
2006-05-23,1262.51,1276.26,1251.76,1252.26
2006-05-24,1252.76,1266.76,1246.51,1260.76
2006-05-25,1261.01,1276.26,1257.51,1275.76
2006-05-26,1275.76,1283.0,1273.76,1282.5
2006-05-29,1282.0,1283.0,1279.51,1279.76
2006-05-30,1279.51,1281.5,1259.01,1259.76
2006-05-31,1260.26,1273.01,1255.76,1271.76
2006-06-01,1272.76,1287.5,1266.01,1285.5
2006-06-02,1285.5,1293.75,1281.0,1288.0
2006-06-05,1287.5,1288.25,1265.51,1269.26
2006-06-06,1269.01,1273.51,1255.01,1265.51
2006-06-07,1265.76,1273.51,1254.51,1266.51
2006-06-08,1266.76,1271.76,1245.51,1266.01
2006-06-09,1265.76,1274.01,1260.26,1261.26
2006-06-12,1261.26,1268.51,1245.26,1246.76
2006-06-13,1247.26,1255.01,1231.76,1232.26
2006-06-14,1232.51,1242.51,1228.76,1241.01
2006-06-15,1240.76,1270.51,1240.76,1267.51
2006-06-16,1267.51,1267.76,1256.51,1259.76
2006-06-19,1260.76,1266.76,1247.01,1248.26
2006-06-20,1248.51,1259.76,1247.26,1252.26
2006-06-21,1252.26,1268.26,1248.76,1261.51
2006-06-22,1262.01,1266.51,1250.76,1255.76
2006-06-23,1255.26,1263.76,1250.76,1255.26
2006-06-26,1255.51,1261.01,1253.01,1260.01
2006-06-27,1260.51,1263.01,1247.76,1249.51
2006-06-28,1249.51,1257.76,1246.26,1257.51
2006-06-29,1257.51,1283.5,1256.76,1282.25
2006-06-30,1281.75,1287.0,1279.01,1279.26
2006-07-03,1281.5,1289.5,1281.25,1288.0
2006-07-04,1287.75,1288.0,1285.5,1287.5
2006-07-05,1287.75,1288.0,1273.76,1279.51
2006-07-06,1279.51,1287.25,1277.76,1282.5
2006-07-07,1282.5,1289.75,1270.76,1274.76
2006-07-10,1274.26,1282.5,1272.26,1276.76
2006-07-11,1276.26,1282.25,1267.26,1282.0
2006-07-12,1281.75,1283.5,1264.26,1268.01
2006-07-13,1268.26,1269.51,1246.51,1247.26
2006-07-14,1247.76,1251.26,1234.76,1242.01
2006-07-17,1242.76,1247.26,1234.51,1240.26
2006-07-18,1240.01,1246.51,1230.76,1245.51
2006-07-19,1245.76,1268.76,1243.76,1262.26
2006-07-20,1262.26,1268.76,1252.26,1254.01
2006-07-21,1255.76,1260.01,1243.26,1244.51
2006-07-24,1244.26,1268.76,1243.26,1267.26
2006-07-25,1267.01,1278.51,1262.26,1271.26
2006-07-26,1271.01,1279.51,1266.51,1273.01
2006-07-27,1273.26,1281.5,1266.51,1272.01
2006-07-28,1271.51,1285.75,1270.26,1284.0
2006-07-31,1283.5,1284.0,1278.76,1281.5
2006-08-01,1282.0,1282.75,1270.01,1276.51
2006-08-02,1276.26,1288.0,1275.51,1284.0
2006-08-03,1283.75,1288.75,1274.51,1287.0
2006-08-04,1287.0,1297.5,1277.76,1285.75
2006-08-07,1285.5,1285.5,1276.76,1282.0
2006-08-08,1281.75,1287.5,1271.76,1276.51
2006-08-09,1276.26,1288.0,1268.01,1271.26
2006-08-10,1271.26,1276.76,1262.26,1275.26
2006-08-11,1275.01,1276.76,1265.51,1272.01
2006-08-14,1274.01,1283.0,1270.51,1273.01
2006-08-15,1272.76,1290.25,1272.76,1287.5
2006-08-16,1287.5,1300.0,1286.5,1298.75
2006-08-17,1298.5,1304.5,1295.25,1300.75
2006-08-18,1300.5,1307.5,1296.5,1306.75
2006-08-21,1306.25,1306.5,1298.25,1302.0
2006-08-22,1301.25,1305.5,1297.0,1301.75
2006-08-23,1301.5,1304.0,1291.25,1297.5
2006-08-24,1297.25,1300.5,1293.25,1295.75
2006-08-25,1296.5,1301.5,1294.5,1297.25
2006-08-28,1297.5,1307.25,1294.25,1303.5
2006-08-29,1303.5,1307.25,1296.75,1304.75
2006-08-30,1304.75,1308.5,1303.5,1304.75
2006-08-31,1304.75,1308.0,1302.75,1305.25
2006-09-01,1304.75,1313.75,1304.5,1312.25
2006-09-04,1311.5,1316.5,1311.25,1316.0
2006-09-05,1311.5,1316.5,1309.75,1314.25
2006-09-06,1314.0,1314.0,1300.0,1313.75
2006-09-07,1313.25,1313.75,1303.75,1307.25
2006-09-08,1307.0,1312.25,1306.0,1310.25
2006-09-11,1310.75,1314.5,1302.25,1311.25
2006-09-12,1311.5,1326.0,1307.75,1324.75
2006-09-13,1324.0,1331.75,1322.0,1328.75
2006-09-14,1328.75,1330.75,1324.25,1329.25
2006-09-15,1329.0,1336.49,1327.75,1332.0
2006-09-18,1331.25,1336.24,1328.75,1333.99
2006-09-19,1333.49,1334.24,1322.5,1330.25
2006-09-20,1330.5,1339.49,1329.25,1336.24
2006-09-21,1336.24,1339.74,1325.25,1330.0
2006-09-22,1329.75,1331.25,1320.75,1325.75
2006-09-25,1325.5,1339.74,1321.25,1335.49
2006-09-26,1335.49,1346.99,1333.24,1346.49
2006-09-27,1346.24,1349.99,1342.74,1347.49
2006-09-28,1347.24,1350.24,1342.74,1346.99
2006-09-29,1346.99,1350.24,1344.49,1345.24
2006-10-02,1345.49,1348.49,1338.99,1340.24
2006-10-03,1340.24,1347.49,1335.74,1342.99
2006-10-04,1343.24,1358.74,1339.49,1357.99
2006-10-05,1357.74,1362.99,1356.24,1360.49
2006-10-06,1360.24,1361.24,1352.24,1358.49
2006-10-09,1357.49,1361.49,1353.99,1358.99
2006-10-10,1358.99,1362.99,1356.74,1360.49
2006-10-11,1360.49,1362.24,1350.74,1358.74
2006-10-12,1358.74,1371.74,1358.24,1370.49
2006-10-13,1370.49,1374.49,1367.74,1373.24
2006-10-16,1372.99,1377.99,1371.24,1375.74
2006-10-17,1375.74,1375.74,1363.74,1371.49
2006-10-18,1371.99,1379.99,1367.49,1372.24
2006-10-19,1372.49,1375.24,1368.74,1373.99
2006-10-20,1374.24,1376.49,1369.49,1374.74
2006-10-23,1374.49,1397.73,1369.74,1380.49
2006-10-24,1380.49,1385.24,1377.74,1384.49
2006-10-25,1383.74,1389.48,1380.99,1388.98
2006-10-26,1388.73,1394.98,1384.74,1392.73
2006-10-27,1392.23,1393.23,1380.74,1384.49
2006-10-30,1383.99,1386.73,1378.49,1382.99
2006-10-31,1382.99,1386.98,1376.74,1382.99
2006-11-01,1382.49,1387.23,1370.49,1372.74
2006-11-02,1372.49,1375.74,1366.99,1370.99
2006-11-03,1370.99,1376.99,1365.24,1368.24
2006-11-06,1368.74,1386.23,1366.99,1383.49
2006-11-07,1383.49,1392.73,1382.24,1388.73
2006-11-08,1388.73,1392.98,1379.99,1391.23
2006-11-09,1390.73,1393.48,1380.99,1383.74
2006-11-10,1383.74,1385.98,1378.99,1384.49
2006-11-13,1384.74,1391.98,1382.24,1387.73
2006-11-14,1387.73,1398.98,1382.74,1397.48
2006-11-15,1397.23,1405.48,1395.98,1401.23
2006-11-16,1400.98,1407.73,1398.98,1404.73
2006-11-17,1403.98,1404.98,1397.73,1404.48
2006-11-20,1404.73,1407.73,1398.73,1404.98
2006-11-21,1404.73,1406.73,1402.48,1405.98
2006-11-22,1406.23,1410.98,1404.23,1408.23
2006-11-23,1408.23,1408.48,1405.48,1406.98
2006-11-24,1408.23,1408.48,1399.73,1402.73
2006-11-27,1402.48,1405.98,1382.49,1383.24
2006-11-28,1383.49,1390.23,1378.24,1388.23
2006-11-29,1388.23,1403.23,1388.23,1401.98
2006-11-30,1401.73,1408.48,1395.23,1402.73
2006-12-01,1402.23,1406.23,1387.23,1400.23
2006-12-04,1398.98,1413.23,1397.48,1410.48
2006-12-05,1409.98,1417.23,1409.23,1416.48
2006-12-06,1416.48,1417.48,1411.73,1414.48
2006-12-07,1425.98,1431.73,1419.48,1420.48
2006-12-08,1420.48,1427.48,1415.98,1421.98
2006-12-11,1422.23,1428.98,1421.23,1426.48
2006-12-12,1426.48,1426.73,1416.73,1424.73
2006-12-13,1424.48,1430.73,1422.73,1426.23
2006-12-14,1426.23,1439.72,1424.23,1437.97
2006-12-15,1438.22,1444.72,1436.98,1437.97
2006-12-18,1437.97,1443.72,1431.98,1434.48
2006-12-19,1434.48,1440.22,1426.23,1435.98
2006-12-20,1436.23,1440.22,1433.73,1434.98
2006-12-21,1435.23,1439.22,1426.48,1429.48
2006-12-22,1429.73,1431.48,1419.48,1419.98
2006-12-26,1420.73,1429.23,1420.23,1428.48
2006-12-27,1428.48,1438.47,1428.23,1436.73
2006-12-28,1436.73,1437.72,1431.73,1433.48
2006-12-29,1433.98,1437.23,1425.23,1428.23
2007-01-03,1437.48,1439.72,1416.23,1424.48
2007-01-04,1424.98,1431.23,1416.48,1427.23
2007-01-05,1427.48,1428.23,1413.98,1416.23
2007-01-08,1416.98,1424.23,1412.73,1422.23
2007-01-09,1422.23,1426.73,1413.73,1420.23
2007-01-10,1420.48,1424.48,1411.98,1424.23
2007-01-11,1424.23,1435.48,1420.48,1430.73
2007-01-12,1430.98,1441.22,1427.98,1440.47
2007-01-16,1440.72,1444.22,1435.98,1438.47
2007-01-17,1438.22,1442.72,1434.98,1438.47
2007-01-18,1438.22,1441.97,1430.73,1432.98
2007-01-19,1431.98,1438.72,1430.98,1436.48
2007-01-22,1436.98,1438.97,1426.48,1430.73
2007-01-23,1430.98,1437.72,1427.48,1435.23
2007-01-24,1434.73,1446.22,1434.48,1445.97
2007-01-25,1445.97,1446.97,1427.23,1428.98
2007-01-26,1429.98,1432.73,1421.73,1427.23
2007-01-29,1427.73,1432.23,1422.98,1425.98
2007-01-30,1425.98,1434.23,1425.23,1433.73
2007-01-31,1433.73,1446.47,1428.73,1442.72
2007-02-01,1442.72,1451.47,1440.72,1450.47
2007-02-02,1450.47,1454.47,1448.47,1452.72
2007-02-05,1452.22,1453.97,1447.72,1453.47
2007-02-06,1452.97,1455.47,1447.22,1452.97
2007-02-07,1452.72,1457.47,1450.22,1455.47
2007-02-08,1455.22,1455.47,1446.47,1453.72
2007-02-09,1453.47,1456.72,1436.73,1442.72
2007-02-12,1442.47,1444.47,1434.73,1437.72
2007-02-13,1437.97,1449.47,1437.23,1449.22
2007-02-14,1448.72,1461.22,1448.47,1458.22
2007-02-15,1458.22,1461.47,1455.97,1459.22
2007-02-16,1459.22,1459.47,1454.22,1458.72
2007-02-19,1458.22,1462.47,1457.72,1459.22
2007-02-20,1458.22,1463.72,1451.97,1461.47
2007-02-21,1461.47,1462.72,1453.97,1460.22
2007-02-22,1459.97,1464.47,1452.47,1458.97
2007-02-23,1458.47,1458.97,1450.22,1453.47
2007-02-26,1453.72,1459.47,1447.47,1452.22
2007-02-27,1452.47,1452.47,1388.73,1394.98
2007-02-28,1395.48,1418.48,1390.23,1408.73
2007-03-01,1407.48,1413.23,1380.49,1404.73
2007-03-02,1404.48,1409.73,1384.74,1385.48
2007-03-05,1386.73,1393.48,1370.74,1371.99
2007-03-06,1372.74,1399.23,1368.49,1395.23
2007-03-07,1394.98,1402.23,1390.73,1392.98
2007-03-08,1404.23,1421.48,1402.23,1416.98
2007-03-09,1416.98,1425.98,1409.73,1417.23
2007-03-12,1417.23,1422.98,1410.73,1419.23
2007-03-13,1419.23,1419.73,1388.73,1391.73
2007-03-14,1391.98,1401.73,1374.99,1401.48
2007-03-15,1401.23,1408.23,1396.23,1403.23
2007-03-16,1402.73,1409.48,1394.98,1398.73
2007-03-19,1397.48,1415.73,1394.48,1415.48
2007-03-20,1415.23,1423.73,1412.23,1423.23
2007-03-21,1423.23,1449.47,1420.73,1444.72
2007-03-22,1444.72,1450.72,1440.72,1444.72
2007-03-23,1444.47,1450.72,1443.22,1446.72
2007-03-26,1445.97,1448.97,1433.48,1444.97
2007-03-27,1444.72,1445.72,1435.73,1440.22
2007-03-28,1440.22,1440.47,1423.98,1429.23
2007-03-29,1429.48,1437.97,1422.98,1431.23
2007-03-30,1431.48,1439.47,1417.73,1430.98
2007-04-02,1431.48,1435.73,1425.48,1432.98
2007-04-03,1433.23,1450.22,1432.98,1446.97
2007-04-04,1446.72,1449.72,1443.97,1448.22
2007-04-05,1447.72,1454.47,1445.97,1452.47
2007-04-06,1452.22,1458.72,1451.72,1452.47
2007-04-09,1456.97,1458.72,1452.22,1454.22
2007-04-10,1454.22,1457.97,1450.97,1455.72
2007-04-11,1455.47,1457.97,1444.22,1448.22
2007-04-12,1448.22,1456.72,1441.97,1455.22
2007-04-13,1454.97,1461.47,1451.97,1460.97
2007-04-16,1461.22,1476.97,1460.72,1475.22
2007-04-17,1474.47,1482.47,1470.97,1478.72
2007-04-18,1478.47,1484.22,1472.72,1479.97
2007-04-19,1480.22,1481.47,1467.97,1479.97
2007-04-20,1479.47,1493.21,1478.47,1492.71
2007-04-23,1492.46,1494.46,1486.72,1487.97
2007-04-24,1487.72,1491.21,1479.97,1488.22
2007-04-25,1487.97,1503.21,1486.47,1500.46
2007-04-26,1500.46,1504.71,1496.96,1502.46
2007-04-27,1501.71,1503.46,1494.21,1501.71
2007-04-30,1500.71,1504.71,1487.72,1488.22
2007-05-01,1487.72,1492.71,1481.97,1492.46
2007-05-02,1492.21,1504.46,1491.71,1500.71
2007-05-03,1500.46,1508.96,1498.46,1507.96
2007-05-04,1507.46,1516.71,1506.71,1513.96
2007-05-07,1512.96,1516.46,1511.96,1513.96
2007-05-08,1513.71,1513.71,1505.46,1511.96
2007-05-09,1511.46,1518.71,1507.46,1515.21
2007-05-10,1515.21,1515.46,1495.71,1498.96
2007-05-11,1498.71,1512.46,1495.71,1511.96
2007-05-14,1511.71,1515.96,1502.46,1508.46
2007-05-15,1507.96,1519.46,1502.71,1508.21
2007-05-16,1507.71,1518.21,1505.71,1517.71
2007-05-17,1517.46,1521.46,1512.71,1514.96
2007-05-18,1515.21,1527.96,1513.46,1527.71
2007-05-21,1527.21,1533.71,1525.96,1527.71
2007-05-22,1527.21,1532.96,1524.71,1524.96
2007-05-23,1525.21,1535.46,1523.71,1525.21
2007-05-24,1524.96,1532.21,1507.46,1511.21
2007-05-25,1510.96,1520.21,1509.96,1516.96
2007-05-29,1517.21,1524.21,1513.96,1522.21
2007-05-30,1521.46,1534.46,1512.21,1533.71
2007-05-31,1532.96,1537.71,1529.96,1532.71
2007-06-01,1533.71,1542.7,1532.46,1539.21
2007-06-04,1538.96,1542.45,1532.96,1539.96
2007-06-05,1539.46,1540.96,1526.71,1533.46
2007-06-06,1533.21,1535.71,1514.71,1516.21
2007-06-07,1531.71,1537.96,1501.96,1503.46
2007-06-08,1503.46,1523.71,1493.96,1522.21
2007-06-11,1521.46,1530.96,1518.21,1524.96
2007-06-12,1524.71,1526.71,1506.21,1507.21
2007-06-13,1507.21,1531.46,1503.46,1529.96
2007-06-14,1529.21,1541.71,1528.21,1539.21
2007-06-15,1539.21,1553.7,1537.96,1547.45
2007-06-18,1546.7,1552.7,1543.45,1545.7
2007-06-19,1545.2,1550.45,1540.21,1548.7
2007-06-20,1548.45,1553.95,1524.96,1526.71
2007-06-21,1526.96,1536.71,1517.71,1535.46
2007-06-22,1535.21,1535.71,1513.21,1520.21
2007-06-25,1518.96,1527.71,1504.71,1513.21
2007-06-26,1513.46,1519.21,1496.96,1497.46
2007-06-27,1498.21,1519.71,1491.71,1518.71
2007-06-28,1518.21,1527.71,1515.21,1516.96
2007-06-29,1517.46,1529.96,1504.21,1515.21
2007-07-02,1514.96,1532.46,1514.46,1530.71
2007-07-03,1530.71,1536.71,1530.46,1535.96
2007-07-05,1535.46,1540.46,1528.21,1534.21
2007-07-06,1533.96,1543.7,1530.96,1542.2
2007-07-09,1541.96,1545.7,1537.71,1542.2
2007-07-10,1541.96,1543.7,1518.71,1519.71
2007-07-11,1519.96,1531.46,1514.96,1530.71
2007-07-12,1530.96,1558.7,1529.46,1555.45
2007-07-13,1554.95,1565.45,1553.2,1559.7
2007-07-16,1559.95,1565.95,1556.2,1559.45
2007-07-17,1558.95,1565.2,1554.7,1558.45
2007-07-18,1557.2,1557.7,1542.2,1554.45
2007-07-19,1555.2,1564.7,1548.2,1559.45
2007-07-20,1558.7,1561.45,1536.96,1544.7
2007-07-23,1543.45,1555.95,1543.2,1548.7
2007-07-24,1548.95,1551.45,1516.21,1522.21
2007-07-25,1522.21,1531.96,1510.21,1524.46
2007-07-26,1523.21,1529.21,1470.72,1487.72
2007-07-27,1489.47,1496.21,1456.97,1457.72
2007-07-30,1459.72,1484.47,1454.72,1480.47
2007-07-31,1480.22,1495.46,1455.97,1461.72
2007-08-01,1462.22,1474.72,1441.97,1469.72
2007-08-02,1469.22,1482.72,1464.22,1481.47
2007-08-03,1480.97,1483.97,1435.98,1442.72
2007-08-06,1439.22,1473.22,1431.98,1467.47
2007-08-07,1467.97,1494.46,1460.47,1482.22
2007-08-08,1481.72,1510.21,1480.22,1503.71
2007-08-09,1501.96,1504.21,1456.22,1457.72
2007-08-10,1457.72,1468.22,1432.73,1450.72
2007-08-13,1454.22,1472.22,1453.22,1454.72
2007-08-14,1454.97,1462.47,1429.98,1433.98
2007-08-15,1432.73,1446.72,1408.48,1414.23
2007-08-16,1414.23,1432.73,1374.24,1424.23
2007-08-17,1424.48,1471.22,1399.23,1449.72
2007-08-20,1448.47,1456.72,1434.23,1448.72
2007-08-21,1448.47,1459.72,1439.97,1449.97
2007-08-22,1449.97,1469.22,1448.47,1468.47
2007-08-23,1467.72,1483.47,1456.72,1466.22
2007-08-24,1466.22,1483.72,1459.72,1483.22
2007-08-27,1482.97,1483.22,1467.72,1469.47
2007-08-28,1469.22,1470.22,1434.48,1437.97
2007-08-29,1438.22,1466.97,1434.73,1465.22
2007-08-30,1464.97,1471.22,1452.22,1461.22
2007-08-31,1461.22,1484.47,1460.97,1476.47
2007-09-04,1475.72,1498.96,1468.22,1489.22
2007-09-05,1488.47,1489.22,1467.97,1476.22
2007-09-06,1475.97,1484.22,1469.22,1479.22
2007-09-07,1478.97,1479.97,1449.97,1459.47
2007-09-10,1458.22,1465.22,1440.47,1454.97
2007-09-11,1454.47,1474.22,1452.97,1472.47
2007-09-12,1471.72,1480.97,1465.47,1475.97
2007-09-13,1487.97,1503.96,1483.97,1497.71
2007-09-14,1497.46,1499.71,1485.47,1497.71
2007-09-17,1496.96,1497.21,1484.72,1489.47
2007-09-18,1489.96,1533.96,1484.72,1532.71
2007-09-19,1531.96,1551.7,1531.21,1541.21
2007-09-20,1540.46,1541.96,1528.46,1531.46
2007-09-21,1530.71,1543.7,1528.71,1534.21
2007-09-24,1532.96,1542.45,1527.71,1531.46
2007-09-25,1530.96,1531.21,1518.46,1528.71
2007-09-26,1528.71,1541.46,1528.21,1535.96
2007-09-27,1535.71,1544.7,1535.46,1544.2
2007-09-28,1543.7,1545.2,1532.71,1537.71
2007-10-01,1540.21,1560.7,1534.96,1556.2
2007-10-02,1556.2,1559.7,1550.95,1554.2
2007-10-03,1553.95,1556.2,1546.2,1550.45
2007-10-04,1550.45,1554.45,1547.7,1551.95
2007-10-05,1552.2,1573.2,1550.2,1570.45
2007-10-08,1569.95,1570.2,1559.45,1562.45
2007-10-09,1562.7,1577.2,1560.2,1575.95
2007-10-10,1575.7,1575.95,1564.95,1572.95
2007-10-11,1572.7,1586.45,1555.95,1564.95
2007-10-12,1564.7,1574.7,1558.7,1574.2
2007-10-15,1574.2,1575.7,1549.7,1559.95
2007-10-16,1559.95,1561.45,1544.95,1547.2
2007-10-17,1548.7,1560.95,1533.71,1552.2
2007-10-18,1553.2,1554.7,1539.71,1546.45
2007-10-19,1546.7,1549.2,1504.71,1505.46
2007-10-22,1504.96,1515.46,1492.21,1513.21
2007-10-23,1513.21,1527.21,1509.96,1525.21
2007-10-24,1522.96,1524.21,1494.96,1521.71
2007-10-25,1521.96,1529.46,1505.21,1524.71
2007-10-26,1527.71,1542.95,1521.46,1542.2
2007-10-29,1541.71,1550.7,1540.46,1546.7
2007-10-30,1546.95,1547.7,1534.46,1535.71
2007-10-31,1535.96,1558.45,1533.46,1554.7
2007-11-01,1553.7,1554.7,1510.21,1515.46
2007-11-02,1515.46,1524.71,1496.46,1517.21
2007-11-05,1515.46,1515.96,1493.96,1505.21
2007-11-06,1505.21,1525.71,1503.21,1524.71
2007-11-07,1524.46,1524.71,1478.47,1482.47
2007-11-08,1481.72,1490.71,1453.72,1475.22
2007-11-09,1476.22,1479.97,1451.47,1454.72
2007-11-12,1453.47,1468.97,1439.22,1439.97
2007-11-13,1440.72,1485.97,1436.98,1482.97
2007-11-14,1482.72,1496.46,1469.72,1477.72
2007-11-15,1477.72,1481.72,1446.47,1457.72
2007-11-16,1457.47,1466.47,1447.22,1459.97
2007-11-19,1459.97,1465.47,1432.98,1437.23
2007-11-20,1438.22,1456.22,1421.73,1445.72
2007-11-21,1446.47,1447.72,1416.73,1417.48
2007-11-23,1418.23,1443.72,1417.23,1441.72
2007-11-26,1441.72,1453.97,1406.48,1408.98
2007-11-27,1409.23,1432.48,1405.98,1426.23
2007-11-28,1426.23,1474.72,1420.23,1470.22
2007-11-29,1470.72,1476.72,1460.47,1471.22
2007-11-30,1470.22,1491.96,1468.22,1483.47
2007-12-03,1483.72,1485.97,1471.72,1475.22
2007-12-04,1475.22,1475.72,1462.22,1462.97
2007-12-05,1463.22,1488.72,1462.72,1486.72
2007-12-06,1486.97,1510.46,1481.72,1507.21
2007-12-07,1507.21,1514.96,1500.46,1506.96
2007-12-10,1506.21,1520.46,1500.71,1518.46
2007-12-11,1518.21,1526.71,1475.22,1477.72
2007-12-12,1476.97,1516.71,1468.47,1489.96
2007-12-13,1500.21,1501.96,1479.72,1498.21
2007-12-14,1498.21,1504.96,1477.72,1478.22
2007-12-17,1477.47,1477.47,1454.72,1456.47
2007-12-18,1457.22,1471.72,1445.47,1466.22
2007-12-19,1466.22,1475.22,1455.47,1464.72
2007-12-20,1464.22,1474.72,1457.22,1474.47
2007-12-21,1473.72,1498.71,1470.97,1497.71
2007-12-24,1496.71,1509.46,1494.71,1506.21
2007-12-26,1506.21,1510.71,1498.96,1509.46
2007-12-27,1509.46,1510.71,1484.72,1489.47
2007-12-28,1489.47,1502.71,1480.72,1485.22
2007-12-31,1484.97,1488.72,1470.72,1476.97
2008-01-02,1478.47,1482.47,1448.72,1458.22
2008-01-03,1458.22,1464.47,1450.72,1458.47
2008-01-04,1458.47,1462.97,1417.23,1422.73
2008-01-07,1422.23,1431.98,1409.73,1421.23
2008-01-08,1421.48,1437.48,1392.73,1396.73
2008-01-09,1396.98,1416.23,1384.74,1411.23
2008-01-10,1412.23,1435.98,1401.23,1420.73
2008-01-11,1420.23,1423.48,1399.98,1407.48
2008-01-14,1408.23,1424.23,1397.73,1419.98
2008-01-15,1420.73,1422.23,1384.99,1387.73
2008-01-16,1381.49,1397.23,1368.24,1375.74
2008-01-17,1376.99,1388.98,1333.74,1339.49
2008-01-18,1340.49,1360.24,1315.5,1325.0
2008-01-22,1327.5,1331.25,1255.26,1309.0
2008-01-23,1311.5,1344.24,1260.76,1341.24
2008-01-24,1341.99,1356.99,1333.0,1351.99
2008-01-25,1355.74,1370.49,1328.0,1333.74
2008-01-28,1335.74,1357.99,1310.0,1354.24
2008-01-29,1353.49,1366.74,1349.99,1361.74
2008-01-30,1361.24,1387.23,1346.99,1350.24
2008-01-31,1349.49,1386.98,1331.25,1379.24
2008-02-01,1373.74,1397.73,1371.24,1396.73
2008-02-04,1396.48,1399.73,1377.74,1378.49
2008-02-05,1378.99,1380.99,1337.24,1342.99
2008-02-06,1342.99,1352.99,1324.5,1329.75
2008-02-07,1331.5,1348.24,1312.5,1339.99
2008-02-08,1340.24,1343.49,1320.75,1330.0
2008-02-11,1329.25,1342.24,1320.0,1337.99
2008-02-12,1337.49,1363.24,1332.5,1349.49
2008-02-13,1349.24,1370.24,1343.24,1363.49
2008-02-14,1363.74,1371.24,1346.99,1350.74
2008-02-15,1349.99,1356.99,1336.74,1350.99
2008-02-19,1349.74,1369.49,1344.99,1355.24
2008-02-20,1354.74,1364.49,1332.5,1358.74
2008-02-21,1357.99,1368.99,1338.99,1346.74
2008-02-22,1346.24,1357.24,1326.75,1355.24
2008-02-25,1354.24,1375.24,1345.99,1371.34
2008-02-26,1370.74,1388.23,1363.49,1382.49
2008-02-27,1381.49,1389.73,1370.74,1380.24
2008-02-28,1379.74,1381.24,1363.24,1365.49
2008-02-29,1365.74,1366.74,1325.0,1331.0
2008-03-03,1329.25,1335.49,1319.75,1331.75
2008-03-04,1332.25,1337.24,1306.75,1326.75
2008-03-05,1327.75,1344.74,1320.0,1335.24
2008-03-06,1335.49,1342.74,1302.0,1307.75
2008-03-07,1306.75,1318.25,1282.0,1292.5
2008-03-10,1291.75,1299.25,1272.26,1275.26
2008-03-11,1276.26,1323.75,1272.01,1323.75
2008-03-12,1322.75,1333.99,1307.75,1309.25
2008-03-13,1312.0,1324.25,1283.75,1315.0
2008-03-14,1314.25,1335.74,1275.26,1292.75
2008-03-17,1289.25,1313.75,1252.76,1279.26
2008-03-18,1281.25,1334.24,1278.51,1333.74
2008-03-19,1332.75,1343.49,1296.5,1299.25
2008-03-20,1300.0,1332.25,1286.25,1324.5
2008-03-24,1326.0,1361.24,1325.0,1351.24
2008-03-25,1351.24,1359.24,1341.74,1351.24
2008-03-26,1350.99,1351.49,1333.74,1335.24
2008-03-27,1334.74,1347.74,1326.25,1329.5
2008-03-28,1330.0,1340.24,1313.5,1318.75
2008-03-31,1318.75,1330.25,1309.25,1323.75
2008-04-01,1321.75,1372.24,1315.5,1370.24
2008-04-02,1369.99,1379.74,1362.74,1370.74
2008-04-03,1369.74,1377.49,1359.24,1373.24
2008-04-04,1373.24,1387.73,1363.99,1371.74
2008-04-07,1372.24,1388.73,1369.49,1371.99
2008-04-08,1370.99,1371.99,1361.99,1370.74
2008-04-09,1370.49,1377.24,1350.99,1359.99
2008-04-10,1358.99,1368.99,1350.99,1362.49
2008-04-11,1362.24,1368.74,1331.5,1335.24
2008-04-14,1334.99,1336.99,1325.5,1331.0
2008-04-15,1330.75,1338.49,1324.75,1335.74
2008-04-16,1342.49,1371.24,1336.99,1370.74
2008-04-17,1370.74,1374.24,1358.24,1371.99
2008-04-18,1374.24,1397.98,1369.74,1387.73
2008-04-21,1388.73,1393.73,1380.49,1387.98
2008-04-22,1386.98,1390.48,1370.49,1380.49
2008-04-23,1380.24,1389.48,1372.49,1378.24
2008-04-24,1379.49,1398.98,1367.74,1385.73
2008-04-25,1386.23,1400.48,1380.24,1396.73
2008-04-28,1398.48,1404.48,1393.23,1397.23
2008-04-29,1396.98,1398.73,1386.73,1390.98
2008-04-30,1387.73,1406.73,1383.24,1385.73
2008-05-01,1382.74,1411.98,1381.99,1411.23
2008-05-02,1410.98,1426.73,1405.73,1415.48
2008-05-05,1413.23,1416.98,1400.48,1407.98
2008-05-06,1408.73,1421.98,1396.73,1420.48
2008-05-07,1420.98,1423.73,1390.23,1394.98
2008-05-08,1393.73,1402.73,1388.98,1391.73
2008-05-09,1390.98,1392.98,1381.49,1388.73
2008-05-12,1387.23,1404.73,1385.98,1404.48
2008-05-13,1403.23,1410.48,1396.23,1404.48
2008-05-14,1403.73,1421.23,1398.48,1407.48
2008-05-15,1407.23,1425.23,1404.73,1424.23
2008-05-16,1423.98,1429.23,1414.48,1425.48
2008-05-19,1424.98,1440.72,1421.48,1429.48
2008-05-20,1428.48,1428.98,1408.73,1417.23
2008-05-21,1416.73,1420.73,1387.73,1392.73
2008-05-22,1392.73,1399.48,1389.98,1392.98
2008-05-23,1393.48,1394.73,1372.49,1373.24
2008-05-26,1373.99,1377.24,1372.24,1374.49
2008-05-27,1373.99,1387.48,1370.24,1384.49
2008-05-28,1384.74,1392.98,1377.49,1391.23
2008-05-29,1389.73,1406.73,1386.48,1397.48
2008-05-30,1397.48,1404.73,1394.73,1400.23
2008-06-02,1400.48,1400.73,1377.24,1385.24
2008-06-03,1385.48,1393.23,1368.99,1378.24
2008-06-04,1377.99,1388.23,1370.74,1377.24
2008-06-05,1376.49,1405.48,1375.24,1404.98
2008-06-06,1404.23,1410.73,1358.24,1359.24
2008-06-09,1358.49,1371.24,1350.24,1363.24
2008-06-10,1361.74,1366.99,1346.99,1355.99
2008-06-11,1355.99,1363.24,1334.74,1337.74
2008-06-12,1336.74,1355.24,1333.0,1342.99
2008-06-13,1342.74,1363.24,1338.74,1359.49
2008-06-16,1358.74,1367.24,1351.24,1359.74
2008-06-17,1359.99,1371.74,1350.99,1352.74
2008-06-18,1352.49,1355.24,1334.24,1338.49
2008-06-19,1338.49,1349.49,1332.0,1341.24
2008-06-20,1342.24,1343.24,1315.0,1318.75
2008-06-23,1320.5,1327.5,1316.0,1318.0
2008-06-24,1317.5,1327.75,1305.0,1315.25
2008-06-25,1314.75,1337.49,1314.25,1322.25
2008-06-26,1322.0,1322.0,1282.75,1284.25
2008-06-27,1284.75,1291.5,1272.51,1279.76
2008-06-30,1281.5,1291.75,1275.01,1280.76
2008-07-01,1283.25,1286.5,1260.76,1286.0
2008-07-02,1286.0,1294.5,1260.76,1262.51
2008-07-03,1263.26,1273.51,1251.51,1264.76
2008-07-04,1265.26,1269.01,1256.26,1264.76
2008-07-07,1258.26,1274.76,1240.51,1251.51
2008-07-08,1251.76,1275.51,1236.26,1273.51
2008-07-09,1274.26,1278.51,1244.51,1247.76
2008-07-10,1248.76,1259.01,1236.76,1254.26
2008-07-11,1254.51,1261.51,1225.27,1239.51
2008-07-14,1239.76,1260.26,1224.52,1228.02
2008-07-15,1228.76,1235.51,1200.52,1211.27
2008-07-16,1212.52,1246.01,1202.27,1240.76
2008-07-17,1239.76,1262.76,1237.76,1253.26
2008-07-18,1250.01,1262.76,1240.76,1260.26
2008-07-21,1259.01,1268.76,1254.76,1261.26
2008-07-22,1257.76,1277.76,1247.01,1274.01
2008-07-23,1274.76,1291.0,1272.51,1282.25
2008-07-24,1281.0,1284.75,1250.76,1253.51
2008-07-25,1253.01,1262.51,1249.01,1253.51
2008-07-28,1255.01,1259.76,1232.76,1234.76
2008-07-29,1234.51,1263.01,1231.26,1261.51
2008-07-30,1261.26,1284.75,1259.51,1284.5
2008-07-31,1284.25,1289.75,1264.76,1266.76
2008-08-01,1266.76,1274.76,1252.76,1260.01
2008-08-04,1261.01,1263.01,1246.01,1248.51
2008-08-05,1249.01,1284.25,1247.01,1282.75
2008-08-06,1282.5,1291.5,1275.01,1287.5
2008-08-07,1288.0,1288.75,1263.26,1267.76
2008-08-08,1267.76,1297.75,1261.76,1292.0
2008-08-11,1291.25,1313.25,1287.75,1304.75
2008-08-12,1303.5,1307.5,1285.0,1291.25
2008-08-13,1291.0,1294.25,1274.26,1284.25
2008-08-14,1284.5,1300.5,1275.01,1293.5
2008-08-15,1293.25,1302.25,1290.25,1299.5
2008-08-18,1299.25,1305.75,1273.76,1281.75
2008-08-19,1281.75,1282.75,1262.51,1268.26
2008-08-20,1267.76,1276.51,1260.26,1273.51
2008-08-21,1273.51,1281.5,1263.01,1275.26
2008-08-22,1275.01,1293.75,1271.26,1292.0
2008-08-25,1290.75,1292.0,1264.01,1266.26
2008-08-26,1266.51,1275.51,1262.26,1271.51
2008-08-27,1271.26,1285.0,1265.26,1281.75
2008-08-28,1281.5,1299.75,1275.26,1297.75
2008-08-29,1296.75,1297.75,1281.25,1282.25
2008-09-02,1281.75,1303.25,1271.26,1276.26
2008-09-03,1276.01,1280.76,1265.01,1275.01
2008-09-04,1275.26,1276.76,1234.76,1236.26
2008-09-05,1236.26,1245.01,1216.27,1240.76
2008-09-08,1263.26,1281.75,1246.51,1266.76
2008-09-09,1266.76,1274.76,1223.27,1226.27
2008-09-10,1227.77,1244.51,1220.02,1233.01
2008-09-11,1233.76,1253.76,1212.02,1251.76
2008-09-12,1251.76,1259.01,1234.26,1258.26
2008-09-15,1234.76,1239.01,1195.27,1195.77
2008-09-16,1195.27,1220.77,1162.78,1216.02
2008-09-17,1217.52,1229.26,1156.78,1162.78
2008-09-18,1166.78,1218.52,1136.03,1203.02
2008-09-19,1203.02,1291.0,1202.27,1245.76
2008-09-22,1243.76,1250.01,1205.02,1213.52
2008-09-23,1212.77,1222.52,1185.27,1186.77
2008-09-24,1187.77,1210.02,1180.02,1192.77
2008-09-25,1192.02,1224.52,1185.77,1213.27
2008-09-26,1212.02,1221.02,1184.52,1214.27
2008-09-29,1219.77,1221.02,1113.29,1118.54
2008-09-30,1118.04,1175.53,1111.79,1168.78
2008-10-01,1167.28,1172.78,1143.53,1168.28
2008-10-02,1168.03,1173.78,1115.04,1124.28
2008-10-03,1124.53,1160.78,1102.29,1108.04
2008-10-06,1103.54,1103.79,1008.81,1053.05
2008-10-07,1053.8,1077.79,999.31,1005.56
2008-10-08,1003.81,1044.8,962.82,980.81
2008-10-09,981.06,1009.81,905.33,912.33
2008-10-10,913.33,942.82,836.84,890.83
2008-10-13,909.33,1017.31,909.08,1016.56
2008-10-14,1011.81,1066.8,974.06,1002.06
2008-10-15,1003.81,1008.31,897.08,903.08
2008-10-16,903.33,949.82,865.08,940.82
2008-10-17,940.82,987.56,907.83,933.32
2008-10-20,937.32,992.56,925.32,990.31
2008-10-21,992.56,992.56,950.82,959.07
2008-10-22,958.32,969.06,872.33,902.58
2008-10-23,904.33,923.07,855.84,915.07
2008-10-24,914.33,917.07,840.09,865.83
2008-10-27,864.08,893.83,824.84,834.59
2008-10-28,836.34,942.57,827.09,938.57
2008-10-29,938.57,971.06,914.08,926.82
2008-10-30,927.57,968.31,926.57,961.32
2008-10-31,959.57,983.81,939.82,967.07
2008-11-03,965.57,979.56,956.82,969.31
2008-11-04,969.31,1006.56,963.82,1003.06
2008-11-05,1002.31,1008.31,946.82,957.82
2008-11-06,957.32,957.82,896.83,904.33
2008-11-07,903.33,937.32,900.83,936.07
2008-11-10,940.82,962.32,905.33,921.32
2008-11-11,919.32,927.07,882.58,892.83
2008-11-12,893.33,910.83,848.34,853.34
2008-11-13,853.84,913.58,816.59,907.58
2008-11-14,907.33,917.82,860.09,861.34
2008-11-17,861.84,881.58,846.84,850.84
2008-11-18,850.59,868.83,824.59,866.33
2008-11-19,865.08,865.83,804.1,812.34
2008-11-20,810.34,820.59,744.86,748.11
2008-11-21,749.61,802.1,738.86,791.85
2008-11-24,800.85,866.08,783.1,847.84
2008-11-25,847.09,873.83,833.34,853.09
2008-11-26,852.84,887.58,829.34,886.08
2008-11-28,886.33,896.83,874.83,895.08
2008-12-01,897.33,897.33,812.84,815.59
2008-12-02,815.84,850.59,812.84,848.84
2008-12-03,848.34,873.58,825.84,868.33
2008-12-04,868.83,875.33,831.84,847.34
2008-12-05,847.34,879.33,816.84,872.33
2008-12-08,872.08,919.07,867.33,904.58
2008-12-09,906.08,916.07,884.33,889.33
2008-12-10,890.33,908.58,884.33,895.58
2008-12-11,899.33,904.33,867.33,874.33
2008-12-12,871.08,886.33,828.59,885.33
2008-12-15,883.33,892.83,856.09,872.08
2008-12-16,872.33,914.83,868.33,912.58
2008-12-17,913.33,918.07,886.58,902.83
2008-12-18,906.83,911.33,873.33,892.33
2008-12-19,890.83,903.33,876.33,881.08
2008-12-22,884.08,891.33,852.59,871.08
2008-12-23,871.08,877.83,855.09,858.34
2008-12-24,859.09,866.33,855.84,864.83
2008-12-26,866.33,871.58,862.58,868.83
2008-12-29,868.83,873.33,853.09,870.33
2008-12-30,870.08,888.83,868.58,888.08
2008-12-31,887.83,907.83,886.33,899.83
2009-01-02,899.83,932.57,893.33,925.32
2009-01-05,924.57,934.07,916.32,927.32
2009-01-06,927.07,942.57,923.32,930.32
2009-01-07,930.07,931.57,898.58,905.08
2009-01-08,904.83,907.58,891.33,906.58
2009-01-09,906.58,914.58,882.58,885.33
2009-01-12,884.83,885.33,860.09,867.83
2009-01-13,868.33,873.83,856.84,868.33
2009-01-14,868.58,874.83,832.34,839.59
2009-01-15,839.34,848.34,812.59,839.09
2009-01-16,841.59,857.59,826.09,848.34
2009-01-20,851.59,865.58,797.35,805.85
2009-01-21,806.6,838.34,800.35,836.59
2009-01-22,836.84,843.84,807.35,825.34
2009-01-23,824.09,835.84,799.35,823.34
2009-01-26,823.34,849.34,810.59,830.59
2009-01-27,833.34,847.34,831.09,839.09
2009-01-28,840.09,875.83,837.59,871.33
2009-01-29,871.33,871.58,840.09,842.59
2009-01-30,842.84,848.84,817.34,822.34
2009-02-02,823.59,827.34,806.1,821.09
2009-02-03,821.59,839.59,815.84,831.34
2009-02-04,831.59,849.34,825.84,829.59
2009-02-05,830.34,848.84,816.59,840.34
2009-02-06,841.09,869.08,836.59,867.58
2009-02-09,867.83,872.83,852.59,864.83
2009-02-10,864.08,865.83,819.34,826.84
2009-02-11,826.34,836.09,819.34,831.34
2009-02-12,830.84,836.59,805.35,835.34
2009-02-13,834.84,840.34,818.59,819.84
2009-02-17,813.84,818.59,785.35,785.35
2009-02-18,786.6,796.1,776.35,779.35
2009-02-19,780.1,796.6,774.85,779.35
2009-02-20,778.35,779.35,752.36,769.35
2009-02-23,769.85,786.35,739.61,744.86
2009-02-24,744.86,774.6,743.11,768.6
2009-02-25,768.85,779.35,751.11,761.35
2009-02-26,760.85,778.85,750.11,751.86
2009-02-27,752.11,755.86,729.36,734.11
2009-03-02,731.11,733.61,698.62,705.37
2009-03-03,704.87,715.11,688.62,689.37
2009-03-04,690.37,723.61,681.37,708.36
2009-03-05,709.36,711.61,676.12,685.87
2009-03-06,686.12,699.12,665.62,687.62
2009-03-09,688.62,694.62,670.62,675.87
2009-03-10,674.62,721.61,673.12,715.86
2009-03-11,715.61,732.36,711.86,720.36
2009-03-12,717.36,749.86,707.86,748.36
2009-03-13,747.61,758.1,738.86,754.36
2009-03-16,750.61,771.35,746.11,753.86
2009-03-17,753.36,776.85,745.86,775.1
2009-03-18,775.85,800.35,761.6,791.35
2009-03-19,790.6,801.35,777.1,779.85
2009-03-20,779.85,785.35,761.35,763.85
2009-03-23,766.6,820.84,765.35,817.09
2009-03-24,817.84,819.84,801.1,803.35
2009-03-25,803.1,823.34,786.85,808.1
2009-03-26,807.35,830.34,807.1,827.09
2009-03-27,826.59,829.84,809.35,815.84
2009-03-30,812.34,815.09,775.35,784.1
2009-03-31,784.35,806.85,783.85,794.6
2009-04-01,790.35,810.1,778.85,809.1
2009-04-02,808.85,842.09,807.1,835.34
2009-04-03,835.09,844.34,822.59,840.34
2009-04-06,839.84,847.84,818.59,830.34
2009-04-07,830.84,833.59,810.59,813.84
2009-04-08,814.84,825.09,802.1,822.34
2009-04-09,823.09,854.34,822.09,852.34
2009-04-13,848.59,861.09,841.34,853.84
2009-04-14,852.84,857.34,836.09,840.09
2009-04-15,837.59,850.34,831.34,848.34
2009-04-16,848.34,866.83,840.09,861.34
2009-04-17,861.34,871.83,853.59,866.58
2009-04-20,865.33,865.33,828.59,832.84
2009-04-21,831.34,848.59,822.84,847.59
2009-04-22,847.59,858.59,835.09,836.84
2009-04-23,835.84,849.84,831.09,848.59
2009-04-24,848.34,868.58,841.34,866.33
2009-04-27,863.08,865.58,846.59,856.59
2009-04-28,854.84,861.34,838.34,851.59
2009-04-29,850.09,879.08,849.09,868.83
2009-04-30,868.33,886.83,864.33,869.83
2009-05-01,865.83,878.08,862.34,875.83
2009-05-04,875.83,904.58,875.83,902.58
2009-05-05,902.58,904.83,893.33,903.33
2009-05-06,902.83,917.82,890.83,917.07
2009-05-07,916.57,929.32,897.83,906.83
2009-05-08,907.08,927.57,902.83,924.57
2009-05-11,920.82,922.82,905.58,908.83
2009-05-12,908.58,915.07,893.83,906.58
2009-05-13,907.33,911.08,879.83,885.08
2009-05-14,884.83,896.58,878.58,889.33
2009-05-15,889.83,895.33,876.58,882.83
2009-05-18,882.08,908.58,875.08,906.83
2009-05-19,907.58,915.57,903.33,906.33
2009-05-20,905.58,923.32,899.08,899.83
2009-05-21,899.83,900.83,877.58,888.58
2009-05-22,888.58,895.83,881.83,884.83
2009-05-26,884.83,910.83,876.58,908.58
2009-05-27,907.83,913.83,890.33,892.33
2009-05-28,892.08,908.58,886.08,904.83
2009-05-29,904.83,927.57,902.08,917.82
2009-06-01,920.07,947.07,916.32,938.82
2009-06-02,938.82,948.82,934.32,942.32
2009-06-03,942.57,945.57,922.32,931.57
2009-06-04,930.82,941.82,927.82,940.32
2009-06-05,940.82,957.32,933.07,940.32
2009-06-08,939.32,946.32,925.32,938.57
2009-06-09,938.57,946.82,934.07,939.32
2009-06-10,939.07,954.82,926.82,940.32
2009-06-11,935.82,952.57,932.57,938.07
2009-06-12,937.32,942.57,931.07,940.57
2009-06-15,938.32,938.57,915.07,919.32
2009-06-16,919.57,924.57,906.33,907.58
2009-06-17,907.83,914.08,899.08,905.08
2009-06-18,905.33,917.57,902.83,913.08
2009-06-19,912.08,922.82,910.58,915.57
2009-06-22,914.33,919.07,887.58,888.33
2009-06-23,888.58,894.33,884.08,890.08
2009-06-24,890.33,906.33,888.08,897.83
2009-06-25,897.83,917.57,890.83,916.32
2009-06-26,916.82,918.82,908.33,913.83
2009-06-29,912.83,923.82,907.08,921.07
2009-06-30,921.32,926.07,908.08,915.32
2009-07-01,915.32,928.07,913.33,919.07
2009-07-02,919.07,919.57,892.58,893.08
2009-07-03,893.08,897.58,888.83,893.08
2009-07-06,891.83,896.08,881.83,895.33
2009-07-07,895.58,898.08,875.08,879.08
2009-07-08,879.33,883.33,865.08,873.58
2009-07-09,873.83,884.33,873.58,878.83
2009-07-10,878.58,880.08,868.58,874.08
2009-07-13,874.58,897.58,865.33,895.33
2009-07-14,895.33,903.83,892.33,901.33
2009-07-15,906.58,930.57,906.33,927.07
2009-07-16,925.57,940.57,920.82,935.57
2009-07-17,935.07,938.57,927.82,936.82
2009-07-20,936.82,949.07,933.57,948.82
2009-07-21,947.57,956.07,939.32,953.32
2009-07-22,951.57,956.57,943.32,949.32
2009-07-23,950.07,976.31,948.57,968.81
2009-07-24,964.82,978.81,962.32,977.56
2009-07-27,976.81,983.81,968.81,979.81
2009-07-28,978.31,981.31,965.82,975.81
2009-07-29,975.06,975.81,963.82,974.81
2009-07-30,973.81,993.81,973.31,982.06
2009-07-31,982.06,990.31,978.06,984.31
2009-08-03,982.56,1001.06,981.81,1000.56
2009-08-04,1000.06,1004.81,991.81,1004.56
2009-08-05,1004.31,1006.31,991.06,1000.56
2009-08-06,1000.06,1007.56,989.56,994.81
2009-08-07,994.56,1015.81,989.81,1006.31
2009-08-10,1005.56,1007.56,998.06,1007.31
2009-08-11,1006.81,1010.56,989.81,992.81
2009-08-12,992.31,1011.06,985.56,1002.06
2009-08-13,1002.06,1015.06,997.81,1013.31
2009-08-14,1012.81,1015.56,992.06,1005.56
2009-08-17,1004.06,1004.06,975.31,978.06
2009-08-18,978.06,989.81,976.06,989.31
2009-08-19,989.31,998.56,976.56,996.81
2009-08-20,996.56,1007.56,994.06,1004.56
2009-08-21,1004.31,1026.8,996.31,1025.05
2009-08-24,1024.8,1034.8,1021.05,1024.3
2009-08-25,1024.05,1037.8,1018.06,1025.8
2009-08-26,1025.55,1031.8,1020.05,1026.55
2009-08-27,1026.05,1032.55,1014.56,1029.05
2009-08-28,1029.05,1038.55,1021.8,1027.3
2009-08-31,1026.3,1030.8,1013.06,1019.55
2009-09-01,1020.8,1027.55,995.06,996.31
2009-09-02,996.06,1000.81,990.81,994.06
2009-09-03,993.81,1004.06,991.06,1001.56
2009-09-04,1001.31,1016.06,999.81,1013.81
2009-09-08,1013.31,1026.8,1012.06,1024.8
2009-09-09,1024.3,1036.05,1018.56,1032.3
2009-09-10,1027.8,1039.3,1022.8,1037.3
2009-09-11,1036.8,1043.55,1033.3,1037.05
2009-09-14,1035.8,1045.05,1025.3,1043.3
2009-09-15,1043.05,1051.8,1038.05,1045.8
2009-09-16,1045.55,1063.8,1044.3,1063.3
2009-09-17,1063.05,1071.3,1056.05,1062.55
2009-09-18,1062.8,1067.55,1055.8,1060.8
2009-09-21,1059.05,1062.55,1051.3,1060.3
2009-09-22,1059.8,1069.05,1059.3,1067.05
2009-09-23,1067.05,1075.54,1055.05,1058.8
2009-09-24,1058.3,1063.8,1040.8,1044.05
2009-09-25,1043.8,1049.3,1036.05,1040.8
2009-09-28,1042.05,1060.8,1035.55,1058.8
2009-09-29,1059.05,1065.55,1053.05,1054.55
2009-09-30,1054.55,1063.05,1041.3,1052.8
2009-10-01,1053.3,1055.8,1024.3,1027.3
2009-10-02,1026.8,1027.55,1011.81,1021.55
2009-10-05,1021.55,1038.3,1019.31,1036.3
2009-10-06,1036.55,1056.55,1035.3,1048.3
2009-10-07,1048.05,1054.55,1045.05,1053.3
2009-10-08,1053.3,1067.05,1053.05,1063.55
2009-10-09,1063.05,1068.3,1058.3,1067.8
2009-10-12,1067.55,1076.54,1066.8,1071.3
2009-10-13,1070.8,1074.04,1062.8,1068.55
2009-10-14,1072.54,1089.54,1072.54,1087.54
2009-10-15,1087.29,1093.04,1080.29,1089.54
2009-10-16,1090.04,1095.29,1077.29,1081.79
2009-10-19,1080.04,1096.54,1076.04,1090.79
2009-10-20,1089.54,1098.79,1081.79,1089.29
2009-10-21,1088.79,1098.29,1072.29,1077.79
2009-10-22,1076.29,1092.04,1070.05,1090.54
2009-10-23,1090.29,1095.04,1071.3,1076.79
2009-10-26,1076.29,1088.29,1061.05,1066.3
2009-10-27,1066.05,1069.55,1056.8,1060.3
2009-10-28,1060.8,1062.8,1037.8,1038.3
2009-10-29,1038.55,1063.8,1037.05,1061.3
2009-10-30,1061.05,1062.55,1029.3,1032.8
2009-11-02,1031.05,1049.3,1025.8,1038.8
2009-11-03,1039.05,1043.8,1026.3,1041.55
2009-11-04,1041.55,1058.3,1040.55,1046.8
2009-11-05,1046.55,1063.8,1038.8,1063.05
2009-11-06,1063.05,1069.3,1053.3,1066.05
2009-11-09,1065.55,1091.79,1064.8,1091.54
2009-11-10,1091.29,1094.29,1084.79,1091.79
2009-11-11,1091.54,1103.04,1091.04,1096.04
2009-11-12,1095.79,1100.79,1082.29,1087.04
2009-11-13,1087.29,1095.79,1082.54,1091.29
2009-11-16,1091.79,1112.04,1090.79,1106.04
2009-11-17,1106.04,1108.79,1099.79,1107.29
2009-11-18,1107.29,1110.54,1100.54,1108.29
2009-11-19,1108.29,1109.29,1086.29,1094.04
2009-11-20,1093.79,1094.79,1083.29,1089.79
2009-11-23,1089.54,1111.29,1088.79,1103.54
2009-11-24,1103.29,1106.79,1094.79,1102.79
2009-11-25,1103.04,1111.04,1102.04,1108.79
2009-11-27,1108.54,1111.04,1066.8,1089.29
2009-11-30,1091.29,1097.79,1084.29,1094.54
2009-12-01,1092.54,1111.54,1092.04,1108.29
2009-12-02,1108.04,1115.29,1104.04,1107.79
2009-12-03,1107.54,1116.79,1097.29,1097.79
2009-12-04,1097.54,1118.79,1095.04,1107.79
2009-12-07,1107.79,1110.54,1098.54,1103.54
2009-12-08,1104.54,1107.29,1087.54,1089.79
2009-12-09,1089.79,1097.29,1084.79,1095.29
2009-12-10,1090.04,1101.29,1087.54,1097.04
2009-12-11,1097.54,1105.29,1096.04,1103.04
2009-12-14,1102.29,1112.79,1099.54,1108.29
2009-12-15,1108.04,1110.79,1100.04,1103.79
2009-12-16,1103.54,1111.79,1102.79,1105.54
2009-12-17,1105.04,1106.29,1090.54,1094.04
2009-12-18,1094.04,1102.54,1088.29,1097.54
2009-12-21,1098.54,1113.04,1096.29,1108.04
2009-12-22,1107.54,1115.54,1107.04,1113.29
2009-12-23,1113.54,1119.79,1111.04,1115.29
2009-12-24,1115.04,1122.29,1114.54,1121.79
2009-12-28,1120.29,1126.03,1117.29,1122.79
2009-12-29,1122.54,1128.28,1120.29,1121.54
2009-12-30,1121.04,1122.29,1112.79,1121.79
2009-12-31,1121.54,1125.03,1109.54,1110.54
2010-01-04,1113.54,1129.53,1113.04,1128.53
2010-01-05,1128.28,1132.78,1124.78,1132.03
2010-01-06,1131.78,1135.28,1127.03,1132.78
2010-01-07,1132.78,1138.53,1126.78,1137.28
2010-01-08,1137.03,1141.53,1130.78,1141.28
2010-01-11,1141.53,1147.78,1137.53,1142.28
2010-01-12,1141.03,1142.78,1127.53,1133.78
2010-01-13,1134.03,1145.03,1129.03,1141.28
2010-01-14,1141.28,1146.78,1138.03,1145.03
2010-01-15,1146.53,1147.03,1127.28,1132.03
2010-01-19,1131.53,1146.78,1126.03,1145.53
2010-01-20,1144.78,1146.28,1125.03,1133.78
2010-01-21,1134.28,1139.03,1110.04,1110.79
2010-01-22,1109.54,1115.54,1086.04,1090.79
2010-01-25,1093.79,1102.79,1089.54,1092.29
2010-01-26,1093.79,1099.79,1080.79,1087.04
2010-01-27,1087.29,1096.04,1078.29,1094.29
2010-01-28,1094.29,1103.29,1074.04,1079.04
2010-01-29,1080.79,1093.04,1066.3,1070.3
2010-02-01,1069.8,1086.29,1067.8,1086.04
2010-02-02,1085.79,1101.29,1081.79,1097.04
2010-02-03,1096.79,1100.04,1090.29,1096.29
2010-02-04,1096.04,1098.04,1059.05,1061.55
2010-02-05,1061.55,1064.8,1040.55,1059.55
2010-02-08,1061.8,1068.3,1052.8,1055.8
2010-02-09,1055.3,1076.79,1053.8,1066.05
2010-02-10,1066.3,1072.29,1056.05,1063.05
2010-02-11,1063.3,1077.79,1057.3,1076.29
2010-02-12,1076.04,1079.54,1059.8,1078.79
2010-02-16,1077.29,1093.79,1073.29,1093.04
2010-02-17,1093.04,1099.79,1092.29,1099.29
2010-02-18,1099.54,1106.54,1092.79,1105.29
2010-02-19,1105.29,1110.79,1092.29,1106.04
2010-02-22,1105.79,1112.54,1103.29,1107.29
2010-02-23,1106.79,1112.54,1090.04,1097.04
2010-02-24,1096.54,1105.29,1092.29,1103.29
2010-02-25,1102.79,1103.29,1084.29,1102.04
2010-02-26,1101.79,1107.54,1096.04,1103.29
2010-03-01,1105.29,1115.29,1104.04,1114.29
2010-03-02,1114.04,1122.54,1112.54,1117.29
2010-03-03,1117.29,1124.78,1114.79,1118.29
2010-03-04,1118.04,1123.29,1113.79,1122.04
2010-03-05,1121.79,1138.53,1121.29,1136.28
2010-03-08,1136.03,1140.28,1134.78,1136.78
2010-03-09,1137.03,1145.03,1131.28,1140.28
2010-03-10,1139.78,1147.78,1137.53,1145.53
2010-03-11,1140.53,1146.03,1133.78,1145.78
2010-03-12,1145.78,1151.78,1141.78,1146.28
2010-03-15,1145.78,1146.28,1136.28,1145.53
2010-03-16,1145.53,1155.53,1144.28,1154.53
2010-03-17,1154.53,1165.28,1153.78,1160.78
2010-03-18,1160.53,1163.78,1156.03,1161.03
2010-03-19,1161.03,1164.78,1150.03,1156.03
2010-03-22,1150.53,1163.03,1146.53,1161.78
2010-03-23,1161.53,1170.28,1158.78,1169.28
2010-03-24,1169.03,1169.78,1160.78,1164.28
2010-03-25,1164.03,1176.27,1160.03,1162.53
2010-03-26,1162.03,1169.53,1156.28,1163.28
2010-03-29,1164.53,1170.78,1163.78,1168.53
2010-03-30,1168.28,1173.53,1164.03,1169.28
2010-03-31,1168.78,1170.28,1161.03,1165.03
2010-04-01,1166.78,1177.27,1165.53,1173.53
2010-04-02,1173.28,1178.52,1170.03,1173.53
2010-04-05,1178.52,1183.52,1174.28,1182.77
2010-04-06,1182.77,1187.77,1177.02,1185.52
2010-04-07,1185.52,1186.02,1173.03,1178.77
2010-04-08,1178.27,1184.77,1170.78,1183.52
2010-04-09,1183.27,1192.77,1182.77,1192.27
2010-04-12,1194.52,1198.27,1190.52,1192.27
2010-04-13,1192.02,1195.52,1184.77,1192.77
2010-04-14,1195.27,1207.02,1194.27,1206.27
2010-04-15,1206.27,1210.27,1200.77,1208.27
2010-04-16,1207.77,1208.27,1182.52,1190.02
2010-04-19,1185.77,1196.27,1179.52,1195.27
2010-04-20,1195.52,1205.52,1193.77,1205.27
2010-04-21,1204.77,1209.27,1194.77,1200.27
2010-04-22,1198.27,1206.77,1186.02,1201.52
2010-04-23,1201.02,1213.52,1197.27,1212.02
2010-04-26,1211.02,1216.52,1207.27,1208.02
2010-04-27,1207.52,1209.77,1177.27,1180.77
2010-04-28,1181.27,1191.77,1176.52,1189.77
2010-04-29,1189.77,1206.02,1187.77,1205.02
2010-04-30,1205.27,1207.77,1182.52,1183.27
2010-05-03,1184.27,1201.77,1183.52,1198.27
2010-05-04,1198.02,1199.52,1164.03,1172.28
2010-05-05,1171.53,1174.78,1154.53,1163.78
2010-05-06,1163.53,1168.53,1055.8,1122.29
2010-05-07,1123.54,1135.28,1090.54,1106.79
2010-05-10,1125.03,1161.78,1121.29,1156.28
2010-05-11,1155.78,1168.78,1140.28,1152.03
2010-05-12,1151.53,1171.03,1140.78,1169.53
2010-05-13,1168.78,1174.53,1153.53,1156.53
2010-05-14,1155.28,1159.28,1123.54,1135.03
2010-05-17,1133.53,1140.03,1112.54,1134.28
2010-05-18,1135.28,1147.28,1115.04,1118.54
2010-05-19,1117.79,1122.54,1098.54,1109.79
2010-05-20,1109.79,1116.29,1067.05,1069.8
2010-05-21,1069.05,1088.54,1051.05,1084.29
2010-05-24,1085.29,1088.54,1069.8,1070.8
2010-05-25,1069.3,1074.54,1036.55,1072.79
2010-05-26,1072.29,1089.29,1060.3,1061.05
2010-05-27,1059.8,1102.79,1055.3,1100.79
2010-05-28,1100.04,1106.54,1083.04,1088.29
2010-06-01,1088.29,1095.79,1068.3,1069.3
2010-06-02,1069.05,1098.04,1067.05,1096.54
2010-06-03,1096.79,1105.04,1090.54,1103.29
2010-06-04,1103.79,1107.54,1059.05,1065.8
2010-06-07,1063.8,1070.55,1046.8,1047.8
2010-06-08,1048.05,1063.05,1041.05,1059.05
2010-06-09,1058.8,1077.54,1051.05,1055.3
2010-06-10,1050.55,1083.29,1047.55,1079.29
2010-06-11,1079.54,1088.04,1070.05,1084.79
2010-06-14,1089.04,1101.54,1084.04,1086.04
2010-06-15,1085.54,1111.29,1084.04,1109.04
2010-06-16,1109.04,1114.54,1099.79,1109.29
2010-06-17,1109.79,1117.29,1100.54,1111.54
2010-06-18,1111.29,1116.54,1108.04,1110.04
2010-06-21,1115.79,1129.28,1103.04,1110.29
2010-06-22,1110.29,1116.79,1089.29,1090.29
2010-06-23,1090.54,1097.54,1080.04,1087.29
2010-06-24,1086.29,1090.79,1066.3,1070.3
2010-06-25,1070.05,1079.29,1062.55,1074.54
2010-06-28,1074.04,1079.54,1066.3,1070.8
2010-06-29,1070.3,1074.54,1030.05,1035.05
2010-06-30,1035.05,1044.3,1022.8,1026.3
2010-07-01,1024.3,1029.55,1005.81,1021.55
2010-07-02,1022.05,1032.3,1010.56,1014.06
2010-07-06,1014.81,1038.3,1002.56,1024.05
2010-07-07,1023.8,1059.55,1016.06,1059.05
2010-07-08,1058.55,1068.3,1053.8,1066.8
2010-07-09,1066.55,1074.79,1063.05,1072.29
2010-07-12,1071.3,1077.04,1065.3,1076.29
2010-07-13,1075.79,1095.79,1072.79,1089.54
2010-07-14,1094.79,1098.79,1083.29,1090.79
2010-07-15,1091.04,1099.04,1076.04,1090.29
2010-07-16,1090.29,1094.54,1058.8,1062.8
2010-07-19,1061.55,1070.8,1056.8,1063.55
2010-07-20,1063.05,1080.54,1050.55,1079.79
2010-07-21,1079.29,1087.54,1060.8,1063.8
2010-07-22,1063.05,1094.29,1061.05,1087.54
2010-07-23,1087.04,1101.29,1083.79,1100.29
2010-07-26,1101.04,1111.54,1096.79,1109.29
2010-07-27,1109.04,1118.54,1105.79,1110.79
2010-07-28,1110.29,1115.54,1099.04,1101.79
2010-07-29,1102.29,1112.79,1088.54,1096.79
2010-07-30,1096.04,1103.29,1083.29,1098.04
2010-08-02,1104.29,1124.03,1101.54,1121.54
2010-08-03,1121.54,1122.54,1113.04,1118.04
2010-08-04,1117.79,1125.78,1112.04,1124.28
2010-08-05,1124.53,1127.53,1115.29,1123.29
2010-08-06,1123.29,1126.78,1103.54,1119.29
2010-08-09,1119.79,1126.53,1116.29,1125.28
2010-08-10,1125.03,1125.53,1108.04,1119.54
2010-08-11,1119.04,1119.54,1084.29,1084.79
2010-08-12,1084.79,1087.29,1070.3,1079.04
2010-08-13,1079.29,1088.79,1072.29,1075.79
2010-08-16,1077.29,1081.29,1066.05,1076.79
2010-08-17,1077.04,1098.29,1074.29,1088.79
2010-08-18,1088.79,1098.29,1083.54,1086.54
2010-08-19,1086.79,1094.79,1068.3,1071.05
2010-08-20,1070.55,1075.79,1061.55,1070.05
2010-08-23,1069.8,1080.04,1064.05,1065.3
2010-08-24,1065.3,1065.55,1043.8,1049.55
2010-08-25,1049.8,1057.55,1036.8,1054.3
2010-08-26,1055.05,1061.55,1042.8,1044.55
2010-08-27,1043.55,1064.3,1037.05,1063.55
2010-08-30,1064.3,1072.54,1044.3,1044.8
2010-08-31,1044.8,1054.05,1037.3,1048.05
2010-09-01,1051.55,1082.29,1050.55,1081.54
2010-09-02,1081.29,1090.29,1076.29,1089.29
2010-09-03,1089.54,1104.29,1086.04,1103.29
2010-09-07,1103.54,1107.04,1089.54,1091.04
2010-09-08,1091.29,1102.79,1086.04,1099.04
2010-09-09,1094.04,1106.79,1091.79,1097.29
2010-09-10,1097.54,1105.54,1095.29,1104.79
2010-09-13,1109.79,1118.79,1107.79,1116.04
2010-09-14,1115.54,1122.29,1110.04,1115.54
2010-09-15,1115.29,1121.29,1108.79,1120.54
2010-09-16,1120.79,1123.79,1112.54,1122.29
2010-09-17,1122.54,1132.53,1116.79,1119.54
2010-09-20,1118.29,1140.03,1116.79,1136.28
2010-09-21,1136.28,1143.78,1130.03,1134.53
2010-09-22,1134.78,1140.03,1126.28,1129.53
2010-09-23,1129.78,1134.28,1117.04,1120.29
2010-09-24,1120.29,1144.28,1118.29,1143.03
2010-09-27,1143.78,1149.53,1136.78,1137.53
2010-09-28,1137.53,1145.78,1127.03,1141.53
2010-09-29,1141.53,1146.53,1135.28,1140.78
2010-09-30,1140.78,1153.28,1131.03,1136.53
2010-10-01,1135.53,1146.28,1134.28,1142.03
2010-10-04,1143.03,1143.78,1126.78,1134.53
2010-10-05,1134.53,1158.53,1132.53,1154.53
2010-10-06,1154.78,1159.78,1150.78,1155.53
2010-10-07,1155.53,1163.53,1147.03,1156.28
2010-10-08,1156.28,1163.78,1145.28,1160.28
2010-10-11,1161.28,1164.78,1157.53,1162.03
2010-10-12,1162.28,1168.78,1151.53,1164.28
2010-10-13,1165.03,1180.77,1164.03,1174.03
2010-10-14,1174.53,1180.52,1162.28,1173.28
2010-10-15,1173.78,1179.77,1162.78,1174.78
2010-10-18,1174.03,1182.02,1164.53,1178.02
2010-10-19,1178.52,1179.27,1155.28,1163.53
2010-10-20,1163.78,1179.77,1160.28,1174.53
2010-10-21,1174.53,1186.02,1167.03,1175.53
2010-10-22,1175.03,1181.27,1173.03,1180.52
2010-10-25,1180.52,1192.77,1180.27,1182.52
2010-10-26,1181.77,1184.02,1173.78,1182.52
2010-10-27,1183.02,1186.02,1167.53,1178.52
2010-10-28,1178.27,1187.27,1173.28,1179.02
2010-10-29,1179.02,1182.27,1171.78,1179.52
2010-11-01,1180.27,1192.52,1173.53,1182.77
2010-11-02,1182.52,1193.27,1180.52,1192.52
2010-11-03,1192.52,1197.77,1179.27,1197.02
2010-11-04,1197.27,1218.52,1195.02,1218.27
2010-11-05,1218.02,1224.27,1212.27,1221.77
2010-11-08,1220.27,1222.02,1214.52,1219.77
2010-11-09,1219.02,1224.52,1206.02,1210.77
2010-11-10,1210.27,1216.77,1201.52,1213.77
2010-11-11,1213.27,1213.52,1201.77,1210.77
2010-11-12,1210.27,1211.52,1191.27,1195.27
2010-11-15,1195.27,1205.52,1192.27,1195.52
2010-11-16,1195.02,1195.02,1170.78,1174.53
2010-11-17,1175.53,1181.77,1173.03,1177.27
2010-11-18,1177.52,1198.77,1176.77,1197.52
2010-11-19,1197.27,1199.77,1187.27,1198.02
2010-11-22,1202.52,1205.77,1182.27,1197.77
2010-11-23,1196.77,1197.52,1174.53,1178.02
2010-11-24,1177.77,1197.27,1175.28,1196.27
2010-11-26,1195.52,1200.27,1182.27,1183.02
2010-11-29,1188.27,1193.52,1172.03,1186.27
2010-11-30,1186.27,1188.02,1172.78,1179.27
2010-12-01,1177.52,1207.52,1176.03,1204.27
2010-12-02,1203.77,1223.02,1201.77,1222.52
2010-12-03,1222.52,1227.02,1212.77,1223.27
2010-12-06,1223.02,1226.52,1216.02,1221.77
2010-12-07,1222.52,1234.76,1218.77,1223.02
2010-12-08,1222.52,1229.01,1217.02,1228.51
2010-12-09,1223.02,1232.76,1221.02,1227.77
2010-12-10,1227.52,1236.01,1226.52,1235.76
2010-12-13,1237.26,1241.76,1231.76,1236.01
2010-12-14,1235.76,1242.01,1232.51,1236.51
2010-12-15,1236.51,1239.26,1228.51,1231.76
2010-12-16,1231.76,1239.51,1227.27,1238.26
2010-12-17,1238.26,1240.76,1234.26,1238.26
2010-12-20,1239.76,1245.51,1233.76,1241.01
2010-12-21,1240.76,1251.01,1240.51,1250.51
2010-12-22,1249.76,1254.76,1248.76,1254.26
2010-12-23,1254.26,1255.51,1249.01,1252.76
2010-12-27,1249.26,1254.01,1245.26,1253.01
2010-12-28,1253.26,1256.26,1251.26,1253.76
2010-12-29,1253.76,1258.26,1253.01,1255.51
2010-12-30,1255.51,1257.26,1251.26,1254.26
2010-12-31,1254.01,1257.51,1249.26,1252.76
2011-01-03,1255.76,1272.26,1255.01,1265.01
2011-01-04,1264.51,1269.76,1258.01,1265.01
2011-01-05,1265.26,1273.51,1255.51,1271.51
2011-01-06,1271.51,1276.76,1266.01,1270.01
2011-01-07,1269.51,1273.76,1257.51,1267.26
2011-01-10,1266.01,1267.76,1257.76,1265.26
2011-01-11,1265.26,1273.51,1263.76,1270.26
2011-01-12,1269.76,1284.0,1269.01,1283.25
2011-01-13,1283.0,1284.25,1276.01,1281.0
2011-01-14,1281.0,1289.75,1274.01,1289.25
2011-01-18,1289.25,1294.75,1282.5,1294.5
2011-01-19,1294.25,1296.0,1274.76,1278.26
2011-01-20,1279.01,1281.25,1267.26,1276.01
2011-01-21,1275.76,1287.75,1273.01,1279.51
2011-01-24,1279.26,1289.5,1277.51,1288.25
2011-01-25,1288.25,1291.5,1276.76,1287.25
2011-01-26,1287.0,1296.5,1285.75,1293.25
2011-01-27,1293.5,1298.0,1289.0,1295.5
2011-01-28,1295.0,1299.25,1270.26,1271.26
2011-01-31,1269.26,1283.5,1262.01,1282.25
2011-02-01,1282.25,1305.75,1281.0,1302.5
2011-02-02,1302.0,1305.25,1297.75,1299.75
2011-02-03,1300.0,1305.5,1291.25,1303.0
2011-02-04,1303.0,1308.25,1297.75,1307.0
2011-02-07,1307.0,1319.75,1305.75,1315.5
2011-02-08,1314.75,1322.0,1312.75,1321.5
2011-02-09,1321.25,1321.75,1311.5,1319.0
2011-02-10,1318.25,1320.25,1308.25,1318.5
2011-02-11,1318.0,1328.5,1309.75,1327.0
2011-02-14,1325.75,1331.0,1324.25,1327.5
2011-02-15,1327.75,1329.0,1322.0,1326.0
2011-02-16,1326.0,1335.74,1325.5,1332.75
2011-02-17,1332.75,1339.74,1328.25,1337.49
2011-02-18,1337.49,1342.74,1334.74,1342.24
2011-02-22,1341.99,1342.24,1310.0,1314.25
2011-02-23,1313.75,1320.25,1297.25,1305.25
2011-02-24,1305.5,1310.5,1292.25,1302.5
2011-02-25,1302.25,1319.75,1301.25,1318.5
2011-02-28,1318.0,1328.75,1312.75,1325.75
2011-03-01,1326.25,1336.24,1300.5,1300.75
2011-03-02,1301.0,1313.5,1296.0,1305.5
2011-03-03,1306.0,1331.75,1304.75,1329.5
2011-03-04,1329.5,1334.24,1311.0,1320.0
2011-03-07,1320.0,1327.0,1302.5,1308.75
2011-03-08,1308.5,1325.5,1305.75,1319.75
2011-03-09,1319.5,1324.75,1311.25,1315.25
2011-03-10,1310.75,1312.25,1287.5,1289.25
2011-03-11,1288.75,1303.5,1278.26,1301.0
2011-03-14,1298.25,1300.5,1280.76,1290.25
2011-03-15,1290.25,1293.0,1250.76,1275.01
2011-03-16,1274.51,1283.25,1243.01,1253.76
2011-03-17,1254.51,1274.26,1241.01,1268.51
2011-03-18,1268.26,1287.25,1261.26,1274.01
2011-03-21,1276.01,1296.0,1274.51,1292.75
2011-03-22,1292.25,1296.25,1287.25,1288.0
2011-03-23,1287.5,1295.75,1278.76,1291.75
2011-03-24,1291.75,1306.5,1289.0,1305.0
2011-03-25,1304.25,1314.25,1303.75,1309.75
2011-03-28,1309.0,1315.0,1301.75,1302.0
2011-03-29,1302.5,1317.5,1300.0,1316.25
2011-03-30,1316.0,1327.5,1314.5,1323.75
2011-03-31,1324.25,1325.5,1320.25,1320.75
2011-04-01,1321.0,1333.49,1320.25,1327.5
2011-04-04,1326.75,1332.5,1324.25,1329.0
2011-04-05,1329.5,1333.99,1322.75,1326.5
2011-04-06,1326.75,1336.24,1325.75,1328.75
2011-04-07,1328.75,1334.99,1322.0,1328.25
2011-04-08,1328.25,1335.49,1318.5,1323.5
2011-04-11,1325.5,1330.0,1316.75,1319.25
2011-04-12,1320.0,1320.25,1305.0,1308.0
2011-04-13,1308.0,1318.5,1304.75,1308.5
2011-04-14,1309.0,1313.0,1298.0,1310.0
2011-04-15,1310.25,1319.0,1305.5,1318.5
2011-04-18,1318.0,1318.5,1290.0,1300.75
2011-04-19,1300.75,1309.25,1293.75,1308.25
2011-04-20,1308.5,1330.25,1308.25,1328.0
2011-04-21,1328.25,1337.49,1327.75,1330.75
2011-04-25,1330.25,1334.99,1327.0,1330.5
2011-04-26,1330.5,1345.99,1327.75,1340.74
2011-04-27,1340.74,1353.99,1339.99,1350.74
2011-04-28,1351.24,1358.24,1346.49,1354.74
2011-04-29,1354.74,1363.49,1352.49,1359.49
2011-05-02,1362.99,1373.24,1354.49,1357.49
2011-05-03,1357.49,1358.24,1345.49,1351.74
2011-05-04,1351.49,1354.74,1337.24,1342.74
2011-05-05,1342.99,1348.49,1325.0,1334.74
2011-05-06,1333.99,1351.49,1331.5,1334.24
2011-05-09,1336.99,1345.99,1334.24,1342.49
2011-05-10,1342.24,1356.24,1338.74,1353.49
2011-05-11,1353.49,1357.99,1332.75,1338.49
2011-05-12,1338.99,1348.49,1328.5,1347.24
2011-05-13,1346.99,1352.24,1330.25,1333.74
2011-05-16,1331.75,1340.99,1324.5,1325.25
2011-05-17,1325.0,1331.75,1315.75,1325.25
2011-05-18,1326.0,1340.24,1324.25,1338.24
2011-05-19,1337.99,1345.24,1334.24,1341.49
2011-05-20,1341.24,1343.74,1326.75,1327.5
2011-05-23,1325.75,1326.75,1310.5,1315.0
2011-05-24,1314.5,1322.25,1311.5,1313.25
2011-05-25,1312.75,1324.25,1302.0,1316.25
2011-05-26,1316.25,1327.25,1312.25,1326.25
2011-05-27,1326.25,1333.49,1324.25,1329.75
2011-05-31,1329.5,1345.49,1328.0,1343.74
2011-06-01,1344.49,1347.49,1311.0,1311.75
2011-06-02,1313.0,1317.5,1304.0,1312.25
2011-06-03,1312.0,1313.25,1294.25,1296.0
2011-06-06,1298.5,1298.75,1283.0,1284.75
2011-06-07,1285.0,1295.25,1282.25,1284.5
2011-06-08,1279.01,1282.0,1270.76,1271.26
2011-06-09,1272.76,1288.25,1269.51,1281.75
2011-06-10,1282.0,1283.25,1261.51,1263.51
2011-06-13,1264.76,1271.51,1259.26,1266.01
2011-06-14,1267.26,1286.75,1265.01,1284.25
2011-06-15,1283.5,1283.5,1255.51,1259.76
2011-06-16,1260.76,1268.76,1252.01,1263.26
2011-06-17,1263.51,1277.01,1258.26,1265.76
2011-06-20,1264.76,1275.01,1256.01,1273.51
2011-06-21,1273.01,1292.5,1271.51,1287.75
2011-06-22,1287.5,1293.5,1279.26,1279.51
2011-06-23,1279.76,1280.51,1256.76,1276.76
2011-06-24,1277.26,1285.75,1261.01,1263.76
2011-06-27,1264.76,1279.76,1256.76,1276.01
2011-06-28,1276.76,1294.75,1271.26,1294.25
2011-06-29,1293.25,1305.25,1291.25,1304.0
2011-06-30,1303.75,1317.25,1302.0,1315.25
2011-07-01,1314.5,1336.24,1312.25,1334.49
2011-07-05,1334.24,1337.49,1328.0,1336.49
2011-07-06,1335.74,1340.49,1326.25,1335.49
2011-07-07,1335.74,1352.49,1335.49,1351.49
2011-07-08,1351.24,1354.24,1329.0,1341.49
2011-07-11,1338.99,1339.24,1311.5,1318.25
2011-07-12,1317.75,1323.0,1295.0,1310.5
2011-07-13,1310.5,1327.5,1307.0,1312.0
2011-07-14,1312.0,1323.0,1301.75,1306.5
2011-07-15,1307.5,1315.25,1300.25,1314.75
2011-07-18,1314.25,1314.5,1291.0,1300.25
2011-07-19,1301.25,1324.0,1300.0,1321.0
2011-07-20,1321.0,1329.5,1319.0,1321.0
2011-07-21,1321.5,1343.24,1314.75,1342.24
2011-07-22,1340.99,1347.49,1332.5,1340.74
2011-07-25,1329.75,1339.99,1321.75,1333.24
2011-07-26,1333.24,1339.49,1325.25,1326.0
2011-07-27,1325.75,1328.25,1297.75,1298.75
2011-07-28,1299.0,1312.75,1295.0,1296.5
2011-07-29,1297.5,1300.5,1278.26,1288.25
2011-08-01,1305.75,1309.5,1270.01,1279.51
2011-08-02,1279.51,1284.75,1246.51,1247.01
2011-08-03,1248.01,1257.76,1230.01,1254.26
2011-08-04,1254.01,1264.01,1193.02,1198.52
2011-08-05,1199.27,1218.77,1163.03,1197.52
2011-08-08,1167.03,1188.77,1109.29,1111.04
2011-08-09,1112.79,1175.28,1076.79,1171.53
2011-08-10,1170.78,1178.52,1113.54,1123.29
2011-08-11,1122.79,1183.77,1102.79,1168.28
2011-08-12,1168.03,1186.52,1146.53,1176.52
2011-08-15,1179.52,1201.52,1176.03,1198.27
2011-08-16,1196.27,1201.27,1177.27,1192.02
2011-08-17,1191.52,1206.52,1181.27,1189.77
2011-08-18,1189.27,1189.77,1128.03,1143.28
2011-08-19,1143.53,1153.03,1117.29,1123.79
2011-08-22,1121.79,1146.28,1111.04,1123.04
2011-08-23,1123.29,1160.53,1118.29,1158.28
2011-08-24,1158.78,1176.52,1142.28,1171.78
2011-08-25,1171.28,1188.27,1152.78,1157.28
2011-08-26,1156.78,1179.52,1132.53,1175.78
2011-08-29,1175.28,1208.52,1172.03,1207.77
2011-08-30,1207.77,1218.52,1193.27,1204.52
2011-08-31,1204.02,1229.51,1201.02,1217.52
2011-09-01,1217.77,1228.27,1200.52,1201.02
2011-09-02,1200.77,1203.02,1168.28,1169.03
2011-09-06,1164.78,1166.53,1135.78,1164.28
2011-09-07,1164.28,1199.52,1163.53,1198.77
2011-09-08,1193.52,1197.77,1176.03,1179.77
2011-09-09,1179.77,1188.02,1140.78,1152.03
2011-09-12,1135.78,1157.78,1123.29,1157.03
2011-09-13,1156.53,1170.28,1138.78,1165.03
2011-09-14,1165.28,1196.02,1147.78,1182.02
2011-09-15,1182.02,1205.27,1175.53,1204.02
2011-09-16,1202.77,1214.27,1194.52,1211.52
2011-09-19,1199.02,1203.52,1181.27,1197.52
2011-09-20,1196.52,1214.27,1185.02,1195.77
2011-09-21,1196.27,1203.52,1154.78,1155.53
2011-09-22,1155.03,1158.78,1106.54,1123.29
2011-09-23,1124.03,1138.28,1101.79,1129.53
2011-09-26,1121.79,1158.78,1114.79,1158.28
2011-09-27,1157.28,1189.77,1154.78,1169.28
2011-09-28,1168.78,1181.52,1143.28,1148.53
2011-09-29,1148.03,1170.53,1133.28,1156.03
2011-09-30,1157.03,1159.53,1121.29,1125.78
2011-10-03,1122.79,1133.28,1085.04,1086.04
2011-10-04,1087.29,1119.54,1067.8,1113.29
2011-10-05,1114.29,1141.03,1106.29,1134.78
2011-10-06,1134.78,1160.28,1128.78,1157.28
2011-10-07,1157.03,1173.53,1144.53,1154.78
2011-10-10,1157.53,1192.02,1156.28,1190.77
2011-10-11,1190.27,1194.52,1180.52,1189.27
2011-10-12,1187.27,1215.77,1180.52,1198.02
2011-10-13,1198.27,1204.02,1185.02,1197.77
2011-10-14,1197.27,1221.27,1192.77,1219.02
2011-10-17,1218.02,1230.51,1193.27,1193.77
2011-10-18,1193.77,1229.51,1185.27,1222.77
2011-10-19,1222.52,1227.02,1201.27,1206.27
2011-10-20,1206.52,1216.02,1192.27,1209.77
2011-10-21,1208.52,1235.51,1207.77,1235.01
2011-10-24,1229.51,1252.26,1226.52,1246.76
2011-10-25,1246.76,1254.26,1222.02,1224.27
2011-10-26,1224.77,1242.26,1216.27,1237.26
2011-10-27,1237.76,1289.0,1237.26,1282.25
2011-10-28,1282.0,1284.0,1272.51,1280.76
2011-10-31,1279.76,1280.51,1245.01,1249.01
2011-11-01,1247.26,1247.76,1208.27,1224.27
2011-11-02,1223.27,1238.51,1216.27,1234.01
2011-11-03,1234.01,1259.51,1213.27,1255.51
2011-11-04,1255.51,1258.51,1234.26,1250.76
2011-11-07,1250.76,1259.26,1231.76,1257.26
2011-11-08,1257.26,1275.01,1248.26,1273.01
2011-11-09,1273.01,1273.76,1222.52,1225.52
2011-11-10,1226.02,1244.76,1218.02,1237.26
2011-11-11,1237.26,1264.51,1233.51,1261.26
2011-11-14,1264.01,1270.51,1243.26,1252.26
2011-11-15,1251.26,1262.01,1233.76,1253.76
2011-11-16,1254.26,1258.51,1230.26,1230.76
2011-11-17,1231.01,1241.51,1206.27,1214.52
2011-11-18,1214.77,1229.51,1208.52,1213.77
2011-11-21,1207.77,1208.77,1180.27,1190.52
2011-11-22,1190.52,1198.77,1179.02,1182.52
2011-11-23,1182.52,1184.77,1158.28,1159.78
2011-11-25,1160.03,1173.53,1147.28,1153.28
2011-11-28,1171.78,1196.02,1169.03,1190.77
2011-11-29,1190.52,1205.77,1186.02,1196.27
2011-11-30,1194.77,1246.51,1182.77,1245.76
2011-12-01,1243.51,1250.76,1235.51,1243.26
2011-12-02,1243.26,1262.51,1241.76,1243.26
2011-12-05,1247.76,1266.01,1247.76,1254.76
2011-12-06,1253.01,1265.51,1245.01,1254.76
2011-12-07,1255.26,1267.76,1243.76,1263.76
2011-12-08,1257.51,1265.76,1224.52,1230.01
2011-12-09,1229.51,1254.51,1222.52,1252.76
2011-12-12,1250.01,1254.26,1219.77,1229.01
2011-12-13,1229.01,1243.76,1212.27,1220.02
2011-12-14,1219.52,1226.27,1202.27,1206.02
2011-12-15,1206.02,1220.27,1197.77,1211.52
2011-12-16,1212.02,1224.77,1208.02,1210.77
2011-12-19,1211.77,1219.52,1195.27,1198.77
2011-12-20,1198.77,1237.01,1198.52,1235.76
2011-12-21,1235.76,1248.76,1222.77,1236.01
2011-12-22,1235.76,1250.76,1232.01,1248.76
2011-12-23,1249.26,1260.51,1248.51,1260.01
2011-12-27,1260.26,1263.76,1255.76,1260.01
2011-12-28,1259.76,1264.26,1242.76,1244.26
2011-12-29,1243.76,1258.26,1243.51,1257.26
2011-12-30,1256.51,1260.26,1250.51,1252.26
2012-01-03,1274.51,1279.76,1270.01,1271.76
2012-01-04,1271.76,1274.51,1262.51,1272.76
2012-01-05,1273.01,1277.76,1259.51,1272.76
2012-01-06,1273.01,1282.0,1266.51,1274.01
2012-01-09,1274.51,1277.51,1267.01,1275.26
2012-01-10,1274.76,1291.75,1274.26,1285.75
2012-01-11,1285.75,1289.25,1279.01,1288.0
2012-01-12,1288.0,1297.25,1280.51,1291.5
2012-01-13,1291.75,1294.75,1272.51,1288.75
2012-01-17,1285.0,1302.25,1281.0,1289.0
2012-01-18,1288.75,1304.0,1286.25,1302.0
2012-01-19,1302.5,1311.25,1299.0,1310.25
2012-01-20,1309.75,1311.5,1304.5,1310.5
2012-01-23,1307.25,1318.0,1304.75,1310.75
2012-01-24,1311.0,1311.5,1301.25,1311.25
2012-01-25,1311.0,1324.5,1302.75,1320.0
2012-01-26,1320.5,1329.5,1309.0,1315.0
2012-01-27,1314.5,1319.0,1306.75,1312.25
2012-01-30,1313.75,1314.25,1295.75,1308.75
2012-01-31,1308.75,1317.25,1302.0,1308.0
2012-02-01,1307.5,1326.75,1303.5,1319.5
2012-02-02,1320.0,1325.75,1316.75,1322.5
2012-02-03,1322.5,1341.74,1319.75,1338.74
2012-02-06,1336.24,1340.24,1330.0,1338.74
2012-02-07,1338.74,1345.49,1331.5,1344.49
2012-02-08,1343.99,1347.99,1337.99,1346.74
2012-02-09,1346.74,1352.49,1340.49,1347.99
2012-02-10,1347.74,1347.99,1333.49,1340.24
2012-02-13,1346.99,1351.99,1342.49,1348.74
2012-02-14,1348.99,1351.74,1337.49,1347.49
2012-02-15,1347.24,1357.74,1337.74,1341.99
2012-02-16,1341.49,1356.99,1333.99,1354.49
2012-02-17,1354.49,1360.99,1352.74,1359.49
2012-02-21,1366.49,1369.24,1355.49,1359.74
2012-02-22,1359.49,1363.74,1352.74,1355.74
2012-02-23,1355.74,1363.49,1349.99,1362.74
2012-02-24,1362.74,1368.24,1361.24,1362.99
2012-02-27,1362.99,1370.49,1352.74,1366.99
2012-02-28,1366.99,1373.49,1364.24,1371.24
2012-02-29,1370.99,1376.99,1356.49,1364.24
2012-03-01,1361.99,1374.99,1358.49,1374.24
2012-03-02,1374.24,1376.74,1364.74,1368.49
2012-03-05,1366.99,1369.24,1357.74,1364.24
2012-03-06,1363.74,1365.49,1338.24,1341.74
2012-03-07,1341.24,1353.99,1340.99,1352.49
2012-03-08,1346.74,1362.24,1344.49,1360.24
2012-03-09,1359.99,1368.49,1357.24,1366.49
2012-03-12,1366.49,1366.74,1359.99,1366.49
2012-03-13,1366.49,1390.98,1365.74,1390.48
2012-03-14,1390.23,1393.98,1383.99,1388.48
2012-03-15,1387.98,1397.23,1384.49,1395.73
2012-03-16,1395.48,1400.23,1393.73,1398.23
2012-03-19,1396.98,1407.73,1393.23,1403.73
2012-03-20,1403.73,1404.73,1391.48,1399.73
2012-03-21,1399.73,1405.48,1393.98,1397.23
2012-03-22,1397.48,1400.48,1382.24,1388.73
2012-03-23,1388.73,1394.98,1380.24,1393.73
2012-03-26,1393.48,1415.23,1392.23,1414.73
2012-03-27,1414.73,1419.48,1405.73,1406.23
2012-03-28,1405.98,1411.98,1391.73,1399.98
2012-03-29,1399.23,1403.73,1385.98,1397.98
2012-03-30,1397.73,1405.98,1395.48,1402.98
2012-04-02,1406.98,1417.48,1398.73,1412.23
2012-04-03,1411.73,1413.98,1399.23,1408.48
2012-04-04,1408.73,1408.73,1388.23,1392.98
2012-04-05,1392.98,1397.48,1383.74,1389.98
2012-04-06,1390.23,1394.48,1371.74,1389.98
2012-04-09,1374.74,1382.49,1371.49,1374.74
2012-04-10,1373.99,1380.49,1352.24,1356.74
2012-04-11,1357.49,1370.24,1357.24,1363.74
2012-04-12,1363.99,1385.98,1362.99,1385.73
2012-04-13,1385.48,1388.23,1363.49,1364.74
2012-04-16,1365.74,1374.99,1360.24,1363.74
2012-04-17,1363.99,1388.48,1358.99,1383.24
2012-04-18,1383.49,1386.48,1377.49,1377.99
2012-04-19,1378.49,1389.73,1365.24,1372.24
2012-04-20,1373.49,1382.99,1370.99,1374.99
2012-04-23,1371.99,1374.49,1353.74,1362.49
2012-04-24,1362.74,1370.99,1360.74,1369.74
2012-04-25,1370.49,1387.48,1369.24,1386.98
2012-04-26,1386.98,1397.98,1380.74,1396.48
2012-04-27,1396.48,1402.73,1386.23,1398.23
2012-04-30,1399.98,1402.23,1389.48,1393.23
2012-05-01,1393.98,1411.48,1390.98,1400.23
2012-05-02,1400.23,1404.48,1388.98,1397.23
2012-05-03,1397.23,1402.48,1384.24,1385.73
2012-05-04,1386.23,1388.73,1361.24,1362.24
2012-05-07,1353.74,1369.99,1342.24,1365.49
2012-05-08,1364.99,1367.74,1343.49,1358.24
2012-05-09,1358.74,1360.49,1338.99,1350.74
2012-05-10,1350.99,1363.49,1345.49,1357.24
2012-05-11,1357.24,1362.99,1343.74,1349.74
2012-05-14,1345.74,1350.74,1333.0,1333.74
2012-05-15,1334.24,1346.74,1325.25,1328.0
2012-05-16,1328.5,1339.49,1320.5,1322.25
2012-05-17,1322.75,1330.5,1300.25,1301.0
2012-05-18,1301.75,1310.25,1289.5,1290.5
2012-05-21,1291.5,1315.75,1287.0,1315.5
2012-05-22,1315.0,1326.25,1307.25,1314.5
2012-05-23,1315.25,1318.75,1293.75,1315.5
2012-05-24,1315.5,1323.25,1305.75,1322.25
2012-05-25,1322.25,1329.5,1311.75,1314.75
2012-05-29,1321.75,1333.99,1317.25,1333.24
2012-05-30,1333.24,1333.99,1307.75,1308.25
2012-05-31,1308.75,1318.75,1297.0,1309.0
2012-06-01,1306.0,1307.25,1273.26,1273.76
2012-06-04,1274.76,1281.25,1261.76,1272.76
2012-06-05,1273.01,1286.5,1267.26,1284.75
2012-06-06,1278.51,1309.0,1276.26,1308.75
2012-06-07,1308.5,1322.75,1305.0,1309.75
2012-06-08,1309.25,1322.75,1298.5,1321.75
2012-06-11,1336.74,1341.74,1299.5,1300.0
2012-06-12,1300.75,1320.25,1296.75,1319.75
2012-06-13,1319.5,1321.0,1303.25,1308.5
2012-06-14,1308.75,1327.5,1305.0,1326.0
2012-06-15,1325.0,1338.24,1324.25,1337.24
2012-06-18,1344.99,1347.24,1327.0,1340.74
2012-06-19,1340.49,1356.74,1336.24,1350.24
2012-06-20,1349.74,1355.24,1338.49,1350.49
2012-06-21,1350.49,1352.99,1317.25,1318.0
2012-06-22,1318.25,1331.5,1318.0,1326.5
2012-06-25,1325.25,1326.25,1302.25,1306.25
2012-06-26,1306.5,1317.75,1303.0,1315.25
2012-06-27,1315.5,1328.25,1311.75,1325.25
2012-06-28,1325.5,1327.5,1306.5,1322.25
2012-06-29,1321.75,1359.24,1315.75,1356.24
2012-07-02,1358.49,1361.99,1349.24,1357.24
2012-07-03,1357.99,1369.24,1354.99,1367.74
2012-07-05,1366.24,1374.74,1356.74,1361.24
2012-07-06,1361.24,1363.74,1341.99,1351.49
2012-07-09,1348.99,1349.99,1340.74,1348.99
2012-07-10,1348.74,1356.24,1330.25,1335.24
2012-07-11,1334.74,1342.24,1327.5,1335.99
2012-07-12,1336.24,1339.24,1319.5,1329.0
2012-07-13,1329.0,1352.99,1328.5,1351.49
2012-07-16,1350.99,1352.24,1342.74,1347.24
2012-07-17,1346.99,1360.24,1338.99,1358.24
2012-07-18,1358.24,1370.24,1352.24,1366.99
2012-07-19,1366.99,1375.74,1365.74,1371.74
2012-07-20,1371.24,1371.74,1356.74,1357.99
2012-07-23,1355.24,1356.49,1331.75,1343.49
2012-07-24,1343.49,1346.24,1323.5,1329.25
2012-07-25,1330.75,1339.74,1321.0,1334.74
2012-07-26,1334.49,1358.49,1327.5,1354.49
2012-07-27,1354.49,1384.74,1352.49,1382.24
2012-07-30,1378.99,1387.23,1375.49,1380.24
2012-07-31,1379.74,1386.23,1370.74,1374.24
2012-08-01,1371.74,1381.24,1367.49,1370.24
2012-08-02,1369.74,1382.74,1348.99,1361.74
2012-08-03,1361.99,1390.23,1359.74,1388.73
2012-08-06,1389.98,1395.48,1386.98,1389.73
2012-08-07,1389.73,1402.98,1387.23,1396.73
2012-08-08,1396.23,1399.98,1390.23,1397.98
2012-08-09,1398.23,1403.48,1393.48,1400.23
2012-08-10,1399.98,1402.48,1391.73,1402.23
2012-08-13,1400.23,1403.73,1393.98,1402.23
2012-08-14,1401.73,1409.23,1396.98,1401.23
2012-08-15,1400.98,1405.48,1396.73,1403.23
2012-08-16,1403.23,1415.23,1401.48,1412.73
2012-08-17,1413.48,1416.48,1410.48,1414.98
2012-08-20,1414.73,1417.73,1409.23,1414.48
2012-08-21,1414.48,1424.48,1407.73,1412.23
2012-08-22,1412.48,1413.98,1403.98,1411.98
2012-08-23,1411.98,1417.73,1397.73,1399.73
2012-08-24,1399.48,1411.73,1394.98,1409.48
2012-08-27,1409.73,1415.73,1406.73,1407.98
2012-08-28,1407.98,1411.73,1402.98,1407.48
2012-08-29,1406.98,1412.23,1404.48,1406.98
2012-08-30,1406.73,1407.48,1394.98,1396.73
2012-08-31,1396.73,1411.98,1395.23,1404.73
2012-09-04,1405.98,1409.23,1394.23,1405.73
2012-09-05,1405.98,1407.98,1396.98,1403.23
2012-09-06,1403.23,1431.98,1402.98,1430.73
2012-09-07,1430.73,1438.47,1430.23,1437.97
2012-09-10,1436.48,1437.72,1425.48,1426.23
2012-09-11,1425.23,1437.23,1421.23,1430.23
2012-09-12,1430.23,1439.97,1428.23,1439.22
2012-09-13,1431.23,1456.97,1427.73,1450.22
2012-09-14,1449.72,1467.72,1449.22,1458.72
2012-09-17,1458.47,1458.72,1450.22,1453.72
2012-09-18,1453.72,1455.97,1448.72,1452.72
2012-09-19,1452.97,1458.97,1450.97,1452.97
2012-09-20,1453.22,1454.72,1443.22,1453.47
2012-09-21,1453.97,1461.97,1450.22,1451.72
2012-09-24,1449.97,1454.22,1444.47,1451.22
2012-09-25,1451.47,1456.72,1434.73,1436.98
2012-09-26,1436.48,1439.47,1423.73,1426.73
2012-09-27,1427.23,1444.22,1427.23,1440.72
2012-09-28,1440.72,1443.22,1428.73,1433.98
2012-10-01,1432.48,1451.22,1427.48,1436.73
2012-10-02,1436.23,1445.72,1431.98,1440.72
2012-10-03,1439.97,1448.47,1435.23,1444.47
2012-10-04,1443.72,1457.47,1443.72,1455.47
2012-10-05,1455.47,1465.72,1450.97,1455.22
2012-10-08,1456.97,1456.97,1447.22,1449.47
2012-10-09,1449.47,1454.22,1434.98,1435.73
2012-10-10,1436.73,1437.48,1424.73,1425.98
2012-10-11,1425.48,1438.97,1420.98,1428.23
2012-10-12,1427.98,1434.23,1419.73,1421.23
2012-10-15,1423.23,1436.23,1416.23,1435.23
2012-10-16,1435.73,1451.22,1434.23,1448.97
2012-10-17,1448.97,1457.47,1445.97,1456.72
2012-10-18,1456.72,1459.47,1447.47,1451.22
2012-10-19,1450.97,1453.22,1423.23,1423.73
2012-10-22,1424.23,1430.98,1416.48,1429.73
2012-10-23,1430.48,1432.98,1401.73,1406.48
2012-10-24,1406.23,1414.73,1401.48,1404.98
2012-10-25,1405.98,1416.48,1399.23,1407.98
2012-10-26,1409.48,1412.23,1394.23,1407.23
2012-10-29,1405.98,1407.23,1396.73,1407.23
2012-10-30,1398.98,1411.98,1392.73,1407.23
2012-10-31,1412.23,1417.98,1400.23,1406.48
2012-11-01,1401.73,1424.73,1398.23,1422.98
2012-11-02,1422.98,1431.23,1404.73,1405.23
2012-11-05,1402.48,1415.23,1402.23,1411.73
2012-11-06,1410.73,1428.98,1409.48,1424.98
2012-11-07,1424.73,1431.48,1383.74,1388.73
2012-11-08,1389.98,1397.23,1372.24,1374.99
2012-11-09,1375.49,1387.73,1363.24,1375.49
2012-11-12,1374.99,1381.49,1372.24,1377.99
2012-11-13,1377.99,1385.98,1365.49,1370.74
2012-11-14,1372.99,1381.49,1349.24,1352.74
2012-11-15,1353.74,1358.74,1344.99,1350.99
2012-11-16,1351.24,1360.24,1339.99,1359.49
2012-11-19,1360.49,1384.49,1359.99,1382.24
2012-11-20,1379.74,1387.23,1373.74,1385.98
2012-11-21,1385.73,1389.48,1376.74,1387.98
2012-11-23,1388.73,1407.23,1386.98,1404.98
2012-11-26,1402.98,1404.73,1394.73,1402.98
2012-11-27,1403.73,1407.48,1395.23,1397.23
2012-11-28,1397.23,1408.48,1382.74,1406.73
2012-11-29,1406.48,1418.23,1404.23,1415.48
2012-11-30,1411.23,1419.23,1409.48,1414.23
2012-12-03,1412.98,1423.73,1404.23,1406.73
2012-12-04,1405.73,1411.48,1401.23,1405.23
2012-12-05,1402.48,1414.48,1396.48,1407.98
2012-12-06,1406.23,1413.23,1403.73,1412.73
2012-12-07,1411.98,1421.98,1408.23,1415.73
2012-12-10,1415.73,1420.73,1410.48,1419.98
2012-12-11,1417.23,1433.98,1414.73,1431.23
2012-12-12,1424.98,1432.23,1419.23,1420.73
2012-12-13,1419.48,1424.98,1409.48,1411.73
2012-12-14,1410.23,1418.98,1405.48,1408.98
2012-12-17,1414.98,1428.73,1408.98,1426.73
2012-12-18,1427.98,1443.22,1424.98,1440.72
2012-12-19,1440.22,1445.72,1427.98,1432.73
2012-12-20,1428.73,1440.97,1426.98,1440.22
2012-12-21,1440.72,1440.97,1390.98,1425.73
2012-12-24,1423.98,1424.23,1417.23,1419.48
2012-12-26,1423.73,1425.23,1410.48,1413.23
2012-12-27,1412.98,1418.23,1395.73,1410.48
2012-12-28,1412.98,1416.48,1381.99,1383.74
2012-12-31,1387.98,1425.48,1383.24,1419.73
2013-01-02,1442.72,1457.72,1437.97,1456.72
2013-01-03,1455.72,1460.22,1449.72,1453.22
2013-01-04,1453.72,1462.72,1450.97,1457.47
2013-01-07,1459.97,1460.47,1450.47,1455.47
2013-01-08,1456.47,1456.72,1445.72,1451.97
2013-01-09,1451.22,1459.22,1450.97,1455.47
2013-01-10,1456.22,1469.97,1454.47,1466.72
2013-01-11,1469.47,1471.22,1461.97,1466.97
2013-01-14,1466.47,1470.97,1459.97,1463.97
2013-01-15,1464.72,1467.97,1456.22,1464.97
2013-01-16,1466.72,1468.72,1459.72,1465.22
2013-01-17,1464.72,1480.22,1460.22,1475.47
2013-01-18,1475.22,1480.72,1470.22,1478.72
2013-01-22,1477.72,1491.21,1474.72,1489.22
2013-01-23,1490.21,1490.96,1484.22,1489.96
2013-01-24,1482.97,1497.46,1482.47,1491.46
2013-01-25,1487.47,1498.96,1486.47,1495.46
2013-01-28,1495.46,1499.71,1490.96,1496.71
2013-01-29,1495.21,1505.46,1490.71,1504.71
2013-01-30,1504.71,1505.71,1493.21,1494.96
2013-01-31,1493.96,1499.71,1490.96,1492.96
2013-02-01,1495.71,1510.21,1495.46,1506.46
2013-02-04,1507.71,1508.21,1489.96,1493.21
2013-02-05,1492.21,1510.71,1491.96,1505.71
2013-02-06,1506.96,1509.96,1498.71,1506.46
2013-02-07,1506.96,1510.71,1494.21,1504.96
2013-02-08,1504.71,1514.71,1503.46,1512.21
2013-02-11,1513.21,1516.71,1509.46,1512.71
2013-02-12,1512.21,1518.71,1508.21,1515.96
2013-02-13,1517.21,1521.71,1512.71,1516.96
2013-02-14,1515.96,1520.46,1509.71,1518.21
2013-02-15,1518.46,1521.46,1510.96,1516.71
2013-02-19,1515.71,1528.71,1514.96,1527.71
2013-02-20,1528.46,1529.71,1506.21,1506.71
2013-02-21,1507.46,1509.46,1494.71,1500.71
2013-02-22,1501.96,1514.71,1501.71,1514.21
2013-02-25,1515.21,1524.21,1481.47,1486.97
2013-02-26,1485.22,1497.46,1482.47,1492.21
2013-02-27,1492.96,1518.96,1489.72,1515.46
2013-02-28,1515.96,1524.21,1508.46,1512.96
2013-03-01,1512.21,1518.71,1499.21,1516.21
2013-03-04,1514.46,1527.21,1506.71,1525.46
2013-03-05,1526.46,1542.45,1524.21,1536.71
2013-03-06,1538.71,1544.45,1536.71,1538.71
2013-03-07,1539.46,1545.2,1537.21,1542.45
2013-03-08,1537.71,1547.45,1534.96,1544.2
2013-03-11,1542.7,1551.45,1540.21,1550.2
2013-03-12,1551.2,1551.2,1541.46,1546.45
2013-03-13,1547.45,1550.95,1541.96,1549.7
2013-03-14,1550.45,1556.95,1548.7,1555.7
2013-03-15,1554.2,1558.45,1548.7,1553.2
2013-03-18,1543.7,1552.2,1529.21,1546.45
2013-03-19,1546.95,1550.95,1531.46,1541.96
2013-03-20,1538.96,1555.45,1536.21,1548.7
2013-03-21,1549.2,1550.45,1536.21,1538.71
2013-03-22,1538.21,1553.7,1534.71,1551.7
2013-03-25,1549.7,1560.2,1538.71,1546.7
2013-03-26,1547.95,1558.45,1546.45,1556.95
2013-03-27,1557.95,1560.2,1545.45,1556.45
2013-03-28,1556.45,1564.2,1549.45,1562.45
2013-04-01,1562.7,1564.7,1552.2,1555.7
2013-04-02,1555.95,1567.7,1553.95,1564.2
2013-04-03,1565.7,1567.45,1543.7,1548.2
2013-04-04,1548.2,1557.2,1545.7,1554.2
2013-04-05,1554.45,1554.95,1532.96,1545.7
2013-04-08,1545.2,1562.45,1542.7,1558.95
2013-04-09,1560.45,1568.7,1555.2,1562.95
2013-04-10,1563.45,1584.2,1560.7,1582.45
2013-04-11,1583.2,1592.7,1580.45,1587.45
2013-04-12,1587.95,1589.45,1574.7,1581.7
2013-04-15,1581.95,1582.7,1538.46,1543.2
2013-04-16,1542.2,1570.45,1541.96,1568.45
2013-04-17,1568.95,1569.2,1537.71,1545.7
2013-04-18,1544.2,1553.2,1530.46,1533.71
2013-04-19,1536.71,1550.45,1534.96,1547.2
2013-04-22,1548.2,1560.7,1542.45,1555.7
2013-04-23,1556.95,1576.7,1548.45,1573.2
2013-04-24,1573.2,1578.7,1570.45,1573.7
2013-04-25,1572.7,1587.95,1570.45,1581.45
2013-04-26,1581.2,1582.2,1572.2,1576.2
2013-04-29,1575.95,1591.95,1573.45,1587.95
2013-04-30,1588.2,1593.95,1580.95,1591.95
2013-05-01,1593.45,1595.19,1575.7,1576.95
2013-05-02,1578.95,1593.95,1578.45,1591.95
2013-05-03,1591.95,1613.94,1589.2,1608.19
2013-05-06,1607.94,1614.94,1606.94,1613.19
2013-05-07,1612.19,1621.44,1608.94,1620.19
2013-05-08,1620.44,1629.19,1616.69,1628.44
2013-05-09,1627.94,1631.94,1619.69,1624.19
2013-05-10,1625.69,1630.69,1619.94,1629.19
2013-05-13,1625.19,1632.94,1621.19,1630.44
2013-05-14,1630.44,1648.43,1626.19,1647.68
2013-05-15,1647.18,1659.43,1642.44,1653.93
2013-05-16,1654.93,1658.43,1645.69,1647.68
2013-05-17,1649.18,1665.43,1647.93,1662.68
2013-05-20,1662.18,1670.43,1659.43,1664.18
2013-05-21,1663.18,1672.93,1659.68,1665.18
2013-05-22,1665.43,1685.43,1646.19,1655.18
2013-05-23,1657.18,1658.68,1632.44,1649.68
2013-05-24,1650.93,1654.93,1634.19,1650.18
2013-05-28,1649.68,1672.43,1643.94,1654.18
2013-05-29,1653.93,1656.43,1637.69,1646.69
2013-05-30,1646.19,1660.43,1640.69,1653.18
2013-05-31,1653.43,1657.68,1625.94,1628.69
2013-06-03,1629.19,1638.69,1620.44,1635.94
2013-06-04,1635.44,1645.44,1621.19,1630.94
2013-06-05,1628.94,1631.94,1605.19,1607.69
2013-06-06,1608.19,1623.94,1596.19,1622.44
2013-06-07,1621.69,1643.69,1617.69,1638.19
2013-06-10,1636.19,1648.18,1634.19,1641.69
2013-06-11,1641.69,1642.19,1621.19,1626.69
2013-06-12,1627.19,1637.94,1609.19,1609.69
2013-06-13,1610.44,1639.19,1597.19,1636.44
2013-06-14,1631.19,1634.69,1616.94,1618.19
2013-06-17,1618.44,1640.69,1617.69,1633.44
2013-06-18,1634.44,1648.43,1631.94,1644.94
2013-06-19,1646.19,1648.68,1619.94,1623.44
2013-06-20,1620.44,1622.69,1576.7,1583.7
2013-06-21,1583.95,1596.94,1570.2,1583.7
2013-06-24,1583.45,1585.95,1552.95,1565.95
2013-06-25,1566.2,1587.45,1557.95,1581.2
2013-06-26,1579.95,1600.94,1572.7,1595.19
2013-06-27,1596.44,1613.94,1594.44,1606.19
2013-06-28,1605.94,1614.19,1593.95,1598.94
2013-07-01,1599.94,1620.19,1592.95,1606.44
2013-07-02,1606.44,1618.19,1599.94,1606.94
2013-07-03,1606.69,1612.69,1593.7,1608.69
2013-07-05,1608.69,1630.44,1607.94,1626.94
2013-07-08,1628.19,1639.19,1625.69,1635.19
2013-07-09,1636.44,1648.68,1635.44,1645.19
2013-07-10,1646.69,1658.43,1640.94,1648.18
2013-07-11,1657.93,1671.43,1657.18,1669.68
2013-07-12,1668.68,1673.93,1665.93,1669.93
2013-07-15,1669.68,1679.18,1669.43,1677.18
2013-07-16,1677.43,1679.18,1666.18,1670.93
2013-07-17,1671.43,1680.18,1665.43,1675.18
2013-07-18,1676.43,1688.18,1671.43,1680.18
2013-07-19,1679.68,1690.18,1674.93,1689.18
2013-07-22,1689.68,1693.93,1685.18,1689.93
2013-07-23,1690.18,1695.18,1685.68,1687.93
2013-07-24,1689.18,1694.93,1676.93,1683.43
2013-07-25,1683.68,1686.18,1671.43,1683.68
2013-07-26,1685.43,1688.68,1670.18,1686.18
2013-07-29,1686.18,1687.68,1676.18,1682.18
2013-07-30,1681.93,1688.18,1676.93,1684.43
2013-07-31,1683.68,1693.68,1679.93,1684.68
2013-08-01,1685.18,1703.42,1684.18,1699.92
2013-08-02,1701.92,1704.67,1695.43,1703.67
2013-08-05,1702.42,1704.67,1698.43,1702.17
2013-08-06,1700.92,1703.17,1688.43,1693.68
2013-08-07,1692.43,1693.18,1680.18,1687.93
2013-08-08,1688.43,1696.68,1684.18,1693.43
2013-08-09,1693.68,1695.93,1682.18,1685.93
2013-08-12,1684.68,1688.18,1674.93,1686.68
2013-08-13,1687.68,1694.18,1678.93,1690.43
2013-08-14,1691.18,1692.93,1680.68,1681.68
2013-08-15,1680.18,1681.68,1653.93,1655.43
2013-08-16,1654.43,1661.68,1649.18,1650.68
2013-08-19,1650.68,1656.68,1641.94,1644.69
2013-08-20,1643.94,1656.43,1640.69,1650.18
2013-08-21,1650.68,1654.43,1633.69,1636.19
2013-08-22,1634.69,1657.43,1631.19,1654.43
2013-08-23,1655.18,1662.43,1650.18,1661.18
2013-08-26,1660.43,1667.18,1652.93,1653.93
2013-08-27,1654.18,1655.18,1625.94,1627.94
2013-08-28,1627.94,1638.94,1624.44,1631.94
2013-08-29,1630.19,1644.44,1627.44,1636.44
2013-08-30,1638.69,1644.69,1625.19,1630.94
2013-09-03,1639.94,1649.68,1630.44,1638.69
2013-09-04,1637.69,1654.93,1634.69,1653.18
2013-09-05,1654.43,1657.93,1650.18,1652.68
2013-09-06,1651.68,1663.68,1638.44,1653.18
2013-09-09,1651.68,1671.43,1651.68,1668.68
2013-09-10,1670.68,1682.93,1668.68,1682.18
2013-09-11,1681.93,1690.18,1677.43,1688.43
2013-09-12,1689.43,1689.68,1680.93,1684.68
2013-09-13,1677.93,1683.43,1673.68,1681.68
2013-09-16,1692.68,1703.42,1687.68,1690.93
2013-09-17,1688.68,1699.42,1687.43,1697.93
2013-09-18,1698.93,1722.92,1692.93,1717.42
2013-09-19,1718.17,1726.42,1712.92,1717.17
2013-09-20,1716.92,1719.17,1700.92,1702.17
2013-09-23,1706.17,1707.17,1689.18,1692.43
2013-09-24,1692.93,1700.67,1687.18,1692.18
2013-09-25,1691.93,1694.68,1684.18,1685.43
2013-09-26,1686.18,1697.18,1685.43,1692.18
2013-09-27,1694.18,1695.18,1679.68,1686.18
2013-09-30,1674.68,1680.68,1666.43,1673.93
2013-10-01,1678.18,1691.93,1674.93,1689.18
2013-10-02,1691.18,1691.43,1672.93,1682.68
2013-10-03,1682.68,1684.43,1662.93,1669.43
2013-10-04,1667.68,1685.68,1667.18,1684.43
2013-10-07,1676.43,1679.18,1666.18,1667.43
2013-10-08,1666.68,1671.18,1645.69,1650.18
2013-10-09,1647.68,1657.93,1639.69,1648.43
2013-10-10,1648.18,1687.43,1647.68,1684.68
2013-10-11,1682.68,1699.92,1672.68,1698.68
2013-10-14,1683.68,1706.42,1680.43,1703.92
2013-10-15,1705.92,1709.42,1689.18,1691.68
2013-10-16,1693.93,1716.67,1690.93,1712.92
2013-10-17,1711.67,1728.42,1705.92,1727.42
2013-10-18,1727.17,1739.92,1726.67,1736.17
2013-10-21,1737.67,1742.17,1734.42,1737.92
2013-10-22,1737.42,1754.16,1735.67,1749.17
2013-10-23,1749.17,1749.17,1734.17,1741.42
2013-10-24,1742.42,1751.41,1739.67,1748.17
2013-10-25,1747.67,1755.41,1742.42,1753.66
2013-10-28,1753.41,1761.91,1751.17,1758.66
2013-10-29,1758.66,1768.41,1754.16,1767.16
2013-10-30,1767.91,1772.91,1751.41,1760.16
2013-10-31,1757.41,1763.66,1749.92,1750.67
2013-11-01,1755.16,1760.91,1746.67,1754.41
2013-11-04,1753.66,1763.66,1752.91,1762.66
2013-11-05,1762.41,1763.66,1750.17,1756.16
2013-11-06,1756.91,1769.66,1755.41,1765.16
2013-11-07,1763.41,1774.16,1741.92,1744.92
2013-11-08,1744.42,1767.66,1736.17,1765.66
2013-11-11,1766.66,1769.91,1762.41,1767.16
2013-11-12,1767.41,1769.41,1758.16,1764.66
2013-11-13,1764.41,1781.91,1753.91,1778.41
2013-11-14,1779.41,1788.66,1776.91,1787.41
2013-11-15,1787.41,1795.66,1786.16,1793.16
2013-11-18,1793.16,1799.41,1784.41,1788.41
2013-11-19,1789.16,1793.41,1781.66,1784.91
2013-11-20,1785.16,1793.91,1774.16,1779.41
2013-11-21,1779.16,1795.16,1775.41,1793.41
2013-11-22,1792.91,1802.91,1791.66,1800.91
2013-11-25,1801.66,1808.9,1798.16,1802.16
2013-11-26,1800.91,1806.65,1798.41,1801.66
2013-11-27,1801.66,1807.15,1800.91,1803.9
2013-11-29,1804.15,1812.15,1802.41,1803.65
2013-12-02,1805.9,1808.65,1796.66,1799.41
2013-12-03,1799.91,1801.41,1785.91,1791.16
2013-12-04,1791.66,1799.16,1777.41,1791.41
2013-12-05,1792.16,1793.91,1781.66,1783.66
2013-12-06,1784.16,1805.65,1783.91,1804.65
2013-12-09,1806.15,1811.15,1804.4,1808.65
2013-12-10,1808.9,1811.15,1800.66,1802.66
2013-12-11,1803.9,1807.65,1778.91,1780.41
2013-12-12,1780.41,1783.66,1771.41,1774.66
2013-12-13,1766.66,1776.41,1765.16,1768.16
2013-12-16,1768.16,1785.91,1753.66,1779.91
2013-12-17,1777.91,1782.16,1769.91,1772.66
2013-12-18,1771.66,1806.4,1760.41,1804.4
2013-12-19,1803.65,1806.4,1794.66,1801.66
2013-12-20,1802.16,1817.65,1802.16,1814.15
2013-12-23,1816.65,1824.15,1816.4,1822.4
2013-12-24,1822.4,1829.15,1820.15,1828.65
2013-12-26,1829.65,1837.4,1829.4,1836.15
2013-12-27,1836.15,1839.65,1832.9,1836.15
2013-12-30,1835.65,1838.15,1833.15,1834.4
2013-12-31,1835.15,1846.15,1833.9,1840.65
2014-01-02,1837.4,1840.4,1821.4,1826.15
2014-01-03,1826.9,1832.65,1820.15,1825.15
2014-01-06,1823.65,1832.15,1816.9,1820.4
2014-01-07,1819.4,1834.4,1819.15,1830.4
2014-01-08,1830.4,1834.4,1825.15,1832.15
2014-01-09,1831.4,1838.65,1823.9,1832.65
2014-01-10,1832.9,1842.15,1825.9,1837.4
2014-01-13,1838.15,1838.4,1809.15,1814.65
2014-01-14,1815.4,1833.9,1812.4,1832.65
2014-01-15,1832.65,1845.4,1831.15,1841.15
2014-01-16,1841.15,1843.4,1834.15,1835.9
2014-01-17,1837.65,1842.4,1828.9,1833.9
2014-01-21,1833.65,1843.65,1825.9,1838.15
2014-01-22,1837.15,1842.9,1834.4,1838.15
2014-01-23,1838.65,1843.65,1813.4,1823.9
2014-01-24,1823.65,1827.65,1779.66,1781.66
2014-01-27,1781.41,1791.66,1766.66,1775.41
2014-01-28,1770.91,1796.66,1770.66,1787.91
2014-01-29,1795.66,1800.91,1763.66,1770.91
2014-01-30,1769.66,1793.41,1767.41,1780.91
2014-01-31,1783.16,1787.91,1760.91,1776.16
2014-02-03,1777.16,1783.41,1731.92,1732.42
2014-02-04,1737.92,1753.16,1733.67,1743.42
2014-02-05,1743.92,1750.42,1731.67,1743.67
2014-02-06,1744.42,1769.41,1743.67,1766.16
2014-02-07,1767.66,1793.66,1757.91,1793.16
2014-02-10,1792.66,1795.66,1785.91,1794.41
2014-02-11,1794.91,1819.15,1793.91,1813.15
2014-02-12,1812.9,1822.9,1810.9,1816.65
2014-02-13,1816.4,1826.65,1801.91,1823.9
2014-02-14,1823.4,1838.4,1815.65,1834.65
2014-02-18,1833.15,1839.9,1831.15,1837.15
2014-02-19,1836.9,1844.15,1822.9,1825.15
2014-02-20,1825.65,1839.9,1816.9,1835.9
2014-02-21,1835.65,1843.65,1832.4,1833.9
2014-02-24,1834.9,1856.39,1828.9,1845.65
2014-02-25,1844.4,1850.65,1836.9,1845.9
2014-02-26,1847.15,1852.9,1837.65,1841.65
2014-02-27,1843.4,1855.4,1832.4,1853.65
2014-02-28,1854.15,1866.14,1844.9,1857.14
2014-03-03,1845.65,1849.15,1831.9,1842.65
2014-03-04,1843.4,1874.39,1843.15,1871.14
2014-03-05,1870.39,1875.14,1867.39,1872.14
2014-03-06,1873.39,1880.64,1870.64,1875.89
2014-03-07,1875.89,1887.14,1868.89,1877.64
2014-03-10,1875.14,1878.39,1865.39,1876.89
2014-03-11,1875.89,1881.89,1862.64,1864.89
2014-03-12,1864.39,1868.64,1853.4,1867.39
2014-03-13,1868.39,1874.64,1841.15,1846.4
2014-03-14,1839.65,1845.9,1831.65,1832.65
2014-03-17,1831.9,1855.4,1823.15,1850.4
2014-03-18,1851.4,1866.64,1845.15,1863.39
2014-03-19,1863.64,1867.14,1841.65,1851.9
2014-03-20,1850.9,1866.14,1844.4,1865.64
2014-03-21,1864.39,1876.39,1855.15,1856.64
2014-03-24,1855.15,1865.64,1840.9,1849.15
2014-03-25,1849.9,1864.14,1847.65,1858.89
2014-03-26,1858.64,1868.39,1841.15,1842.15
2014-03-27,1844.65,1848.15,1833.65,1840.15
2014-03-28,1843.15,1859.14,1841.15,1850.15
2014-03-31,1854.65,1867.64,1854.65,1864.14
2014-04-01,1864.14,1878.39,1861.89,1877.39
2014-04-02,1877.39,1885.89,1875.89,1882.64
2014-04-03,1882.39,1887.14,1875.14,1882.64
2014-04-04,1883.89,1892.14,1855.4,1859.64
2014-04-07,1860.64,1861.39,1834.15,1837.65
2014-04-08,1839.65,1848.65,1830.4,1844.65
2014-04-09,1844.65,1866.14,1843.4,1864.39
2014-04-10,1865.39,1867.14,1823.4,1826.65
2014-04-11,1829.15,1831.65,1806.9,1811.4
2014-04-14,1805.65,1827.65,1802.91,1824.15
2014-04-15,1824.65,1843.65,1808.9,1839.15
2014-04-16,1842.4,1856.64,1840.15,1852.4
2014-04-17,1852.15,1863.39,1846.9,1857.64
2014-04-21,1858.89,1865.14,1856.14,1864.14
2014-04-22,1863.89,1878.39,1860.39,1873.64
2014-04-23,1872.64,1880.39,1867.14,1872.64
2014-04-24,1878.64,1882.14,1863.39,1872.64
2014-04-25,1872.14,1873.39,1852.65,1859.64
2014-04-28,1861.39,1871.39,1843.65,1865.64
2014-04-29,1865.64,1874.89,1864.64,1871.39
2014-04-30,1870.14,1879.89,1865.89,1877.64
2014-05-01,1879.14,1882.39,1871.14,1877.39
2014-05-02,1878.39,1885.64,1871.64,1874.14
2014-05-05,1875.14,1879.64,1860.14,1875.39
2014-05-06,1877.14,1881.14,1861.39,1863.89
2014-05-07,1863.64,1875.39,1854.15,1873.89
2014-05-08,1874.39,1884.39,1864.64,1871.89
2014-05-09,1869.89,1874.64,1862.14,1873.14
2014-05-12,1873.64,1893.64,1873.64,1892.39
2014-05-13,1893.14,1898.14,1891.64,1893.89
2014-05-14,1894.39,1896.89,1881.89,1884.89
2014-05-15,1885.39,1888.14,1858.64,1866.89
2014-05-16,1866.64,1875.39,1860.89,1874.39
2014-05-19,1875.89,1882.64,1865.39,1881.89
2014-05-20,1881.14,1884.14,1864.39,1867.64
2014-05-21,1868.14,1886.14,1866.14,1884.64
2014-05-22,1883.39,1893.64,1882.39,1889.89
2014-05-23,1889.89,1898.89,1889.14,1896.64
2014-05-27,1897.64,1909.63,1896.64,1908.88
2014-05-28,1909.38,1913.63,1904.14,1908.63
2014-05-29,1909.38,1917.63,1906.89,1917.63
2014-05-30,1916.63,1921.88,1913.88,1921.13
2014-06-02,1920.88,1923.88,1913.38,1921.38
2014-06-03,1921.13,1923.13,1915.63,1921.63
2014-06-04,1922.38,1926.63,1915.63,1925.38
2014-06-05,1925.13,1940.38,1920.63,1938.13
2014-06-06,1938.13,1949.38,1937.38,1948.88
2014-06-09,1948.88,1954.38,1945.38,1949.88
2014-06-10,1948.88,1951.38,1942.63,1950.13
2014-06-11,1950.38,1950.63,1938.13,1943.63
2014-06-12,1943.38,1947.38,1924.38,1930.13
2014-06-13,1923.13,1929.38,1918.63,1927.88
2014-06-16,1927.63,1933.13,1918.63,1928.88
2014-06-17,1928.63,1935.38,1923.38,1933.38
2014-06-18,1933.13,1949.88,1928.88,1948.63
2014-06-19,1947.63,1951.88,1943.63,1949.88
2014-06-20,1948.63,1956.38,1947.88,1952.88
2014-06-23,1952.38,1959.38,1949.63,1952.63
2014-06-24,1950.88,1959.63,1939.38,1942.88
2014-06-25,1941.88,1952.88,1936.88,1949.13
2014-06-26,1948.38,1952.13,1935.88,1948.38
2014-06-27,1947.88,1953.63,1942.38,1951.63
2014-06-30,1951.38,1956.38,1947.63,1952.13
2014-07-01,1954.13,1971.37,1953.13,1965.37
2014-07-02,1965.87,1969.62,1964.12,1967.37
2014-07-03,1967.62,1977.87,1965.62,1977.12
2014-07-07,1975.37,1977.12,1966.87,1970.62
2014-07-08,1970.12,1970.37,1952.38,1960.13
2014-07-09,1960.13,1967.87,1957.88,1966.87
2014-07-10,1967.12,1967.87,1944.88,1957.38
2014-07-11,1956.88,1963.12,1952.63,1962.12
2014-07-14,1962.37,1973.62,1962.12,1970.62
2014-07-15,1970.87,1975.87,1958.38,1967.62
2014-07-16,1967.62,1977.62,1966.62,1974.37
2014-07-17,1970.87,1975.62,1948.13,1953.13
2014-07-18,1948.88,1973.87,1942.13,1971.12
2014-07-21,1969.87,1971.12,1958.63,1965.87
2014-07-22,1965.37,1980.12,1964.87,1974.62
2014-07-23,1972.62,1983.12,1972.37,1980.37
2014-07-24,1980.62,1985.37,1976.37,1980.37
2014-07-25,1978.37,1980.37,1967.62,1971.12
2014-07-28,1970.37,1975.62,1960.38,1972.62
2014-07-29,1972.12,1979.12,1961.62,1962.62
2014-07-30,1963.87,1973.87,1956.13,1964.62
2014-07-31,1964.62,1965.12,1923.13,1924.38
2014-08-01,1925.63,1931.88,1909.88,1918.13
2014-08-04,1919.13,1937.13,1914.38,1931.63
2014-08-05,1930.63,1932.88,1907.14,1912.63
2014-08-06,1914.38,1923.13,1902.64,1914.38
2014-08-07,1914.38,1925.38,1899.39,1904.89
2014-08-08,1904.89,1927.88,1889.89,1923.38
2014-08-11,1923.13,1940.63,1922.88,1932.13
2014-08-12,1933.63,1938.38,1923.13,1930.13
2014-08-13,1931.88,1946.13,1930.38,1944.38
2014-08-14,1945.63,1954.63,1941.63,1953.13
2014-08-15,1953.88,1960.62,1936.88,1952.13
2014-08-18,1955.38,1968.62,1955.38,1967.12
2014-08-19,1968.12,1979.37,1967.87,1976.87
2014-08-20,1977.37,1985.62,1972.62,1982.87
2014-08-21,1982.37,1991.62,1980.37,1989.12
2014-08-22,1989.37,1991.12,1981.12,1987.37
2014-08-25,1989.62,1999.37,1988.37,1994.62
2014-08-26,1994.12,2002.37,1991.87,1998.12
2014-08-27,1998.87,2000.12,1993.12,1996.62
2014-08-28,1996.37,1999.12,1987.12,1996.37
2014-08-29,1998.87,2003.37,1991.87,2001.12
2014-09-02,1998.62,2005.87,1992.37,1999.37
2014-09-03,2000.12,2010.62,1995.87,1998.37
2014-09-04,1998.37,2009.62,1990.37,1997.37
2014-09-05,1998.62,2007.37,1987.87,2005.62
2014-09-08,2006.12,2006.37,1993.62,2000.12
2014-09-09,1999.87,2002.62,1982.87,1989.37
2014-09-10,1989.12,1995.87,1981.12,1994.62
2014-09-11,1994.12,1999.12,1984.62,1996.62
2014-09-12,1990.87,1991.12,1970.87,1976.37
2014-09-15,1973.37,1978.62,1967.62,1975.62
2014-09-16,1976.37,1994.12,1969.87,1991.12
2014-09-17,1991.12,2002.87,1982.87,1993.37
2014-09-18,1995.12,2006.37,1992.62,2004.12
2014-09-19,2005.62,2014.11,1997.87,2003.37
2014-09-22,2001.62,2002.62,1982.12,1985.87
2014-09-23,1983.62,1987.62,1967.87,1971.87
2014-09-24,1969.37,1992.12,1969.12,1990.62
2014-09-25,1990.37,1991.12,1957.38,1961.12
2014-09-26,1960.62,1978.87,1956.13,1975.62
2014-09-29,1974.37,1976.62,1955.13,1969.12
2014-09-30,1968.37,1977.87,1960.13,1965.12
2014-10-01,1960.62,1966.62,1933.38,1940.38
2014-10-02,1940.38,1945.38,1917.88,1938.13
2014-10-03,1938.13,1964.12,1935.38,1959.88
2014-10-06,1960.62,1970.62,1950.13,1955.63
2014-10-07,1952.88,1955.88,1923.88,1927.63
2014-10-08,1925.88,1963.62,1917.63,1961.37
2014-10-09,1961.12,1968.12,1914.88,1924.63
2014-10-10,1916.63,1930.88,1892.89,1893.89
2014-10-13,1891.64,1905.64,1863.39,1865.14
2014-10-14,1865.89,1892.39,1864.39,1874.39
2014-10-15,1877.89,1882.89,1812.65,1846.4
2014-10-16,1846.4,1869.39,1814.9,1850.15
2014-10-17,1852.65,1891.39,1850.65,1880.64
2014-10-20,1883.64,1904.14,1871.89,1899.64
2014-10-21,1903.14,1939.38,1885.39,1937.63
2014-10-22,1937.88,1943.38,1919.88,1924.63
2014-10-23,1924.13,1955.88,1921.88,1945.63
2014-10-24,1945.63,1960.87,1931.38,1959.38
2014-10-27,1959.88,1965.37,1944.13,1956.63
2014-10-28,1957.38,1980.37,1956.38,1979.62
2014-10-29,1975.62,1985.37,1961.62,1971.87
2014-10-30,1971.37,1993.87,1958.88,1988.12
2014-10-31,1987.37,2016.36,1986.37,2011.12
2014-11-03,2010.87,2018.86,2006.62,2010.62
2014-11-04,2010.12,2013.36,1994.87,2005.12
2014-11-05,2005.87,2020.11,2003.37,2018.36
2014-11-06,2018.11,2028.86,2010.37,2027.61
2014-11-07,2026.86,2033.11,2020.11,2025.61
2014-11-10,2025.36,2034.61,2020.61,2033.61
2014-11-11,2033.36,2038.61,2030.61,2036.11
2014-11-12,2036.11,2036.86,2026.36,2035.61
2014-11-13,2034.36,2043.36,2026.36,2033.61
2014-11-14,2032.61,2039.36,2031.61,2037.61
2014-11-17,2038.11,2040.11,2024.86,2039.36
2014-11-18,2038.86,2053.61,2035.36,2048.11
2014-11-19,2048.36,2050.11,2037.36,2046.86
2014-11-20,2046.61,2052.36,2034.86,2051.61
2014-11-21,2051.86,2071.85,2049.36,2061.36
2014-11-24,2061.86,2068.6,2060.36,2067.1
2014-11-25,2066.85,2072.6,2062.36,2067.1
2014-11-26,2067.85,2074.85,2064.86,2071.85
2014-11-28,2073.6,2074.35,2063.11,2065.85
2014-12-01,2062.86,2063.61,2047.86,2050.36
2014-12-02,2050.61,2067.6,2050.36,2065.6
2014-12-03,2066.1,2075.6,2062.86,2072.1
2014-12-04,2072.6,2076.85,2060.86,2071.6
2014-12-05,2071.35,2078.6,2068.1,2075.6
2014-12-08,2075.35,2077.1,2053.36,2059.11
2014-12-09,2059.86,2061.86,2032.86,2057.11
2014-12-10,2057.36,2059.61,2022.86,2026.11
2014-12-11,2025.86,2056.11,2023.36,2030.61
2014-12-12,2022.11,2025.11,1989.37,1990.12
2014-12-15,1990.12,2011.87,1974.12,1982.87
2014-12-16,1984.12,2010.87,1961.12,1964.62
2014-12-17,1966.37,2010.62,1965.62,2007.87
2014-12-18,2007.62,2062.36,2004.12,2059.61
2014-12-19,2059.86,2075.85,2056.11,2066.6
2014-12-22,2064.61,2075.6,2063.61,2072.1
2014-12-23,2072.6,2084.1,2071.1,2078.6
2014-12-24,2078.35,2083.1,2076.6,2078.35
2014-12-26,2078.35,2088.35,2078.1,2083.85
2014-12-29,2085.6,2088.35,2075.6,2085.35
2014-12-30,2087.1,2088.1,2072.6,2076.35
2014-12-31,2075.85,2082.35,2050.36,2052.11
2015-01-02,2054.61,2066.85,2038.36,2045.86
2015-01-05,2045.36,2047.86,2009.12,2015.61
2015-01-06,2018.61,2023.11,1983.87,1994.12
2015-01-07,1996.12,2023.36,1995.37,2019.11
2015-01-08,2020.11,2058.11,2019.86,2054.61
2015-01-09,2053.36,2061.61,2030.86,2034.86
2015-01-12,2034.11,2047.86,2014.86,2022.11
2015-01-13,2023.36,2051.36,2000.62,2015.61
2015-01-14,2016.86,2019.11,1980.87,2007.12
2015-01-15,2009.37,2026.86,1977.87,1988.62
2015-01-16,1980.37,2013.86,1969.87,2012.62
2015-01-20,2013.11,2026.11,1997.12,2016.36
2015-01-21,2015.36,2032.36,2004.87,2026.11
2015-01-22,2026.36,2058.86,2018.86,2056.11
2015-01-23,2056.11,2062.11,2041.86,2043.61
2015-01-26,2034.61,2054.61,2025.11,2053.11
2015-01-27,2053.61,2054.36,2012.86,2029.61
2015-01-28,2036.11,2046.11,1990.87,1991.12
2015-01-29,1993.12,2019.61,1981.62,2018.11
2015-01-30,2018.86,2020.11,1985.87,1988.12
2015-02-02,1990.12,2018.11,1973.37,2016.61
2015-02-03,2014.61,2043.61,2006.62,2041.61
2015-02-04,2040.11,2048.86,2022.36,2029.61
2015-02-05,2024.61,2058.36,2020.36,2054.61
2015-02-06,2055.86,2067.6,2044.11,2052.61
2015-02-09,2049.61,2051.36,2036.11,2042.11
2015-02-10,2043.36,2066.1,2040.11,2061.86
2015-02-11,2062.36,2079.1,2052.86,2065.35
2015-02-12,2071.1,2085.1,2058.11,2083.6
2015-02-13,2082.6,2094.6,2081.1,2093.1
2015-02-17,2090.85,2098.35,2080.35,2095.6
2015-02-18,2096.1,2098.1,2088.1,2095.1
2015-02-19,2094.85,2099.1,2086.85,2094.85
2015-02-20,2095.6,2108.35,2081.85,2106.6
2015-02-23,2106.85,2107.85,2099.35,2106.35
2015-02-24,2105.85,2115.35,2102.35,2113.35
2015-02-25,2113.35,2117.34,2106.85,2109.85
2015-02-26,2110.1,2114.35,2101.1,2109.6
2015-02-27,2109.1,2110.6,2100.35,2102.35
2015-03-02,2103.6,2115.1,2100.1,2113.6
2015-03-03,2113.6,2114.1,2095.1,2104.35
2015-03-04,2104.35,2104.35,2084.85,2096.1
2015-03-05,2096.1,2103.1,2092.85,2099.35
2015-03-06,2099.1,2103.1,2065.1,2070.35
2015-03-09,2073.1,2082.1,2065.6,2077.35
2015-03-10,2077.1,2077.6,2040.86,2041.61
2015-03-11,2043.86,2051.86,2037.86,2039.11
2015-03-12,2041.61,2066.1,2037.86,2063.61
2015-03-13,2056.11,2060.86,2032.11,2041.86
2015-03-16,2042.86,2073.6,2036.86,2068.1
2015-03-17,2066.1,2070.1,2055.86,2065.85
2015-03-18,2065.85,2099.35,2051.86,2092.1
2015-03-19,2093.1,2098.6,2076.1,2081.1
2015-03-20,2079.1,2106.35,2077.35,2098.85
2015-03-23,2097.35,2106.6,2092.85,2094.35
2015-03-24,2093.6,2100.6,2082.6,2084.6
2015-03-25,2084.85,2088.85,2051.86,2053.36
2015-03-26,2055.61,2058.36,2032.86,2048.11
2015-03-27,2049.61,2057.36,2040.61,2052.11
2015-03-30,2052.36,2081.35,2046.86,2075.1
2015-03-31,2074.35,2076.35,2055.86,2060.36
2015-04-01,2057.61,2060.36,2033.11,2052.61
2015-04-02,2054.86,2064.36,2043.61,2059.11
2015-04-03,2059.61,2063.36,2037.61,2059.11
2015-04-06,2039.11,2079.6,2038.36,2072.85
2015-04-07,2071.1,2082.35,2065.6,2067.35
2015-04-08,2068.1,2079.85,2064.11,2075.6
2015-04-09,2077.35,2086.6,2066.35,2085.35
2015-04-10,2085.6,2095.85,2082.6,2095.1
2015-04-13,2094.85,2100.85,2084.85,2086.1
2015-04-14,2086.6,2092.35,2075.35,2090.6
2015-04-15,2091.35,2105.1,2086.85,2099.35
2015-04-16,2101.1,2104.35,2088.6,2100.35
2015-04-17,2100.85,2101.35,2064.11,2075.1
2015-04-20,2080.6,2097.1,2078.1,2090.6
2015-04-21,2089.1,2104.85,2086.85,2090.6
2015-04-22,2091.6,2103.35,2079.85,2099.85
2015-04-23,2098.85,2114.1,2087.1,2106.6
2015-04-24,2107.1,2114.35,2102.6,2111.35
2015-04-27,2112.85,2119.34,2099.85,2104.35
2015-04-28,2103.35,2112.1,2087.85,2111.6
2015-04-29,2110.35,2112.1,2090.1,2098.6
2015-04-30,2097.85,2101.6,2069.85,2078.6
2015-05-01,2082.35,2102.1,2080.1,2101.1
2015-05-04,2101.35,2114.6,2097.6,2108.85
2015-05-05,2109.1,2111.35,2081.1,2083.6
2015-05-06,2085.1,2093.35,2060.86,2073.85
2015-05-07,2074.35,2087.85,2056.61,2083.85
2015-05-08,2084.85,2113.1,2083.6,2108.1
2015-05-11,2109.6,2113.1,2095.35,2097.35
2015-05-12,2097.35,2100.6,2078.85,2094.6
2015-05-13,2095.85,2106.1,2091.1,2094.1
2015-05-14,2095.6,2117.84,2091.6,2117.1
2015-05-15,2116.85,2122.34,2112.85,2118.59
2015-05-18,2118.84,2128.34,2111.85,2125.59
2015-05-19,2126.34,2133.59,2120.84,2124.09
2015-05-20,2123.84,2131.84,2118.84,2122.09
2015-05-21,2120.34,2131.59,2114.6,2127.59
2015-05-22,2128.84,2130.59,2122.34,2124.09
2015-05-26,2124.09,2126.59,2095.6,2104.6
2015-05-27,2105.35,2123.84,2100.85,2120.59
2015-05-28,2119.59,2122.34,2110.1,2121.34
2015-05-29,2121.34,2122.34,2101.85,2105.6
2015-06-01,2106.6,2117.34,2099.85,2108.85
2015-06-02,2110.6,2115.6,2093.6,2106.35
2015-06-03,2106.6,2120.34,2106.35,2115.6
2015-06-04,2115.85,2116.1,2090.85,2098.6
2015-06-05,2098.35,2102.35,2083.1,2091.85
2015-06-08,2091.6,2092.85,2075.85,2077.85
2015-06-09,2071.35,2076.35,2060.61,2072.1
2015-06-10,2072.35,2099.6,2071.85,2098.85
2015-06-11,2098.1,2106.35,2095.1,2101.1
2015-06-12,2100.85,2101.1,2081.6,2084.6
2015-06-15,2076.1,2081.1,2062.36,2075.1
2015-06-16,2074.85,2089.6,2061.61,2088.6
2015-06-17,2089.35,2098.35,2078.35,2088.85
2015-06-18,2088.6,2118.84,2081.6,2114.35
2015-06-19,2114.35,2117.34,2096.6,2097.35
2015-06-22,2105.35,2121.59,2103.1,2112.35
2015-06-23,2114.35,2120.09,2110.85,2116.1
2015-06-24,2117.1,2118.09,2098.6,2099.1
2015-06-25,2100.85,2112.35,2091.6,2093.6
2015-06-26,2094.35,2100.35,2085.85,2095.35
2015-06-29,2063.61,2082.85,2046.86,2050.11
2015-06-30,2054.11,2068.6,2046.36,2054.11
2015-07-01,2054.11,2077.1,2054.11,2070.6
2015-07-02,2071.1,2078.6,2061.86,2068.35
2015-07-06,2036.86,2071.35,2033.86,2064.11
2015-07-07,2067.35,2077.6,2034.61,2073.35
2015-07-08,2072.6,2072.85,2035.86,2038.86
2015-07-09,2039.36,2067.6,2037.86,2040.86
2015-07-10,2044.36,2074.35,2044.36,2068.6
2015-07-13,2054.36,2094.35,2051.61,2094.1
2015-07-14,2093.6,2105.1,2090.1,2101.6
2015-07-15,2102.1,2107.35,2094.6,2103.85
2015-07-16,2103.6,2118.09,2102.35,2116.6
2015-07-17,2116.6,2119.59,2112.35,2118.34
2015-07-20,2117.59,2125.84,2116.1,2121.59
2015-07-21,2120.84,2124.59,2106.35,2114.1
2015-07-22,2107.35,2111.6,2101.85,2107.6
2015-07-23,2108.85,2113.35,2091.1,2098.1
2015-07-24,2100.6,2103.6,2069.35,2077.1
2015-07-27,2077.85,2080.35,2056.11,2064.11
2015-07-28,2065.1,2088.6,2061.11,2086.85
2015-07-29,2087.6,2103.85,2084.1,2101.1
2015-07-30,2099.1,2103.85,2087.35,2103.35
2015-07-31,2101.35,2108.85,2094.85,2098.1
2015-08-03,2098.35,2102.1,2079.6,2090.6
2015-08-04,2090.1,2095.85,2081.1,2082.6
2015-08-05,2082.1,2106.6,2081.85,2093.35
2015-08-06,2093.6,2098.85,2069.6,2079.1
2015-08-07,2079.6,2082.35,2061.61,2073.1
2015-08-10,2071.6,2100.85,2071.35,2099.35
2015-08-11,2100.35,2101.35,2070.35,2079.35
2015-08-12,2080.35,2084.85,2046.11,2083.85
2015-08-13,2082.35,2092.6,2072.85,2080.1
2015-08-14,2078.85,2090.1,2073.35,2089.1
2015-08-17,2089.1,2100.1,2074.35,2098.85
2015-08-18,2097.85,2103.35,2089.85,2093.6
2015-08-19,2092.85,2097.6,2066.1,2072.35
2015-08-20,2073.1,2077.35,2024.11,2025.11
2015-08-21,2025.86,2028.61,1966.87,1971.12
2015-08-24,1964.12,1964.37,1830.65,1870.89
2015-08-25,1872.39,1948.13,1859.64,1872.39
2015-08-26,1875.64,1942.63,1850.15,1937.63
2015-08-27,1940.88,1989.87,1934.13,1988.87
2015-08-28,1987.87,1992.37,1966.87,1989.37
2015-08-31,1985.87,1987.37,1958.88,1968.87
2015-09-01,1965.12,1965.87,1898.39,1915.63
2015-09-02,1913.13,1948.63,1906.89,1946.63
2015-09-03,1947.13,1973.12,1941.63,1945.63
2015-09-04,1946.88,1948.88,1907.39,1921.38
2015-09-08,1916.38,1968.37,1915.38,1965.37
2015-09-09,1956.13,1982.37,1926.13,1933.13
2015-09-10,1934.38,1957.38,1918.63,1939.38
2015-09-11,1939.13,1952.13,1927.13,1949.88
2015-09-14,1952.63,1963.87,1936.13,1943.63
2015-09-15,1943.13,1972.62,1934.88,1969.62
2015-09-16,1969.87,1988.62,1962.37,1987.62
2015-09-17,1986.12,2011.37,1971.62,1976.87
2015-09-18,1976.12,1982.62,1940.88,1950.13
2015-09-21,1948.88,1968.62,1938.13,1962.62
2015-09-22,1963.87,1964.62,1917.38,1931.63
2015-09-23,1930.13,1941.38,1910.13,1928.13
2015-09-24,1931.38,1935.88,1896.89,1918.38
2015-09-25,1912.88,1950.63,1909.88,1918.88
2015-09-28,1915.13,1929.38,1868.39,1871.64
2015-09-29,1875.89,1889.39,1860.64,1874.14
2015-09-30,1874.64,1910.13,1870.89,1908.38
2015-10-01,1902.14,1929.13,1889.89,1916.38
2015-10-02,1916.63,1943.38,1882.64,1942.63
2015-10-05,1940.63,1979.62,1936.88,1974.37
2015-10-06,1972.62,1981.87,1962.12,1968.12
2015-10-07,1960.62,1990.87,1960.13,1986.87
2015-10-08,1987.37,2008.37,1970.62,2006.12
2015-10-09,2003.62,2013.61,1998.37,2007.12
2015-10-12,2004.87,2013.61,2001.37,2010.62
2015-10-13,2011.62,2014.36,1990.87,1993.62
2015-10-14,1991.12,2001.37,1982.12,1983.62
2015-10-15,1985.37,2019.11,1984.62,2018.61
2015-10-16,2017.86,2026.11,2011.87,2025.11
2015-10-19,2024.11,2027.61,2013.86,2027.11
2015-10-20,2026.11,2031.11,2018.11,2020.11
2015-10-21,2019.36,2033.86,2007.12,2008.12
2015-10-22,2010.12,2055.61,2008.12,2052.61
2015-10-23,2053.86,2074.1,2052.86,2065.6
2015-10-26,2065.6,2067.6,2057.11,2061.86
2015-10-27,2063.36,2064.36,2050.86,2060.11
2015-10-28,2061.61,2084.85,2055.11,2084.1
2015-10-29,2080.6,2086.1,2072.85,2082.6
2015-10-30,2084.35,2094.35,2069.35,2073.35
2015-11-02,2072.6,2099.6,2063.86,2095.1
2015-11-03,2092.85,2109.85,2088.6,2102.6
2015-11-04,2102.1,2109.35,2090.1,2094.35
2015-11-05,2095.1,2104.35,2083.6,2093.6
2015-11-06,2094.35,2098.6,2077.1,2093.35
2015-11-09,2091.6,2097.35,2061.61,2072.6
2015-11-10,2071.85,2078.6,2064.11,2077.6
2015-11-11,2076.1,2086.85,2067.35,2068.6
2015-11-12,2068.1,2077.1,2039.11,2040.11
2015-11-13,2040.11,2045.61,2011.12,2018.11
2015-11-16,2006.12,2050.61,1998.12,2047.61
2015-11-17,2047.36,2063.11,2041.11,2048.61
2015-11-18,2049.36,2082.1,2042.61,2079.35
2015-11-19,2077.85,2088.85,2074.85,2078.85
2015-11-20,2077.85,2094.1,2075.6,2088.35
2015-11-23,2089.35,2092.6,2077.85,2083.85
2015-11-24,2082.6,2091.1,2065.1,2084.35
2015-11-25,2083.6,2092.1,2081.85,2087.6
2015-11-27,2089.6,2097.85,2081.1,2089.6
2015-11-30,2089.1,2094.6,2078.1,2079.35
2015-12-01,2085.1,2101.1,2083.1,2099.6
2015-12-02,2099.1,2104.6,2074.6,2081.1
2015-12-03,2082.85,2094.85,2039.61,2050.86
2015-12-04,2052.86,2092.6,2046.36,2088.1
2015-12-07,2091.85,2095.1,2064.11,2080.6
2015-12-08,2071.85,2073.6,2042.11,2050.61
2015-12-09,2051.36,2071.35,2025.86,2033.86
2015-12-10,2036.86,2058.36,2035.36,2040.61
2015-12-11,2042.11,2047.36,1995.87,2000.87
2015-12-14,2001.12,2019.11,1982.87,2009.12
2015-12-15,2012.62,2045.36,2009.62,2036.61
2015-12-16,2037.11,2068.35,2030.61,2063.36
2015-12-17,2060.36,2072.35,2022.36,2024.36
2015-12-18,2023.61,2029.36,1990.62,1991.62
2015-12-21,1996.87,2019.11,1994.87,2014.61
2015-12-22,2016.61,2036.11,2006.87,2035.61
2015-12-23,2033.61,2057.36,2030.36,2052.61
2015-12-24,2052.36,2059.36,2048.61,2050.86
2015-12-28,2050.86,2054.11,2034.86,2048.36
2015-12-29,2049.36,2074.1,2047.11,2072.35
2015-12-30,2071.6,2074.6,2053.11,2054.11
2015-12-31,2054.86,2057.36,2029.86,2035.11
2016-01-04,2037.36,2043.11,1979.87,2008.62
2016-01-05,2008.62,2016.61,1991.87,2011.37
2016-01-06,2010.37,2012.86,1970.12,1985.62
2016-01-07,1987.37,1990.62,1928.13,1932.63
2016-01-08,1936.13,1964.37,1909.63,1911.13
2016-01-11,1908.88,1928.63,1892.14,1913.88
2016-01-12,1913.13,1939.88,1898.64,1924.63
2016-01-13,1922.13,1946.13,1877.64,1881.14
2016-01-14,1883.39,1927.13,1870.64,1914.13
2016-01-15,1913.13,1919.38,1848.9,1874.64
2016-01-19,1869.39,1907.14,1855.89,1872.64
2016-01-20,1871.39,1878.14,1803.9,1854.65
2016-01-21,1854.4,1882.89,1835.9,1860.64
2016-01-22,1858.14,1901.89,1855.4,1898.89
2016-01-25,1899.14,1903.89,1855.4,1869.89
2016-01-26,1871.39,1899.39,1850.9,1895.64
2016-01-27,1884.89,1909.63,1864.14,1874.64
2016-01-28,1879.64,1902.14,1865.39,1880.39
2016-01-29,1878.39,1932.63,1876.14,1929.63
2016-02-01,1929.38,1939.63,1912.13,1930.88
2016-02-02,1928.13,1928.88,1888.64,1897.14
2016-02-03,1894.64,1911.88,1864.64,1908.13
2016-02-04,1907.39,1921.88,1889.89,1907.39
2016-02-05,1904.89,1914.13,1865.39,1874.89
2016-02-08,1875.89,1884.14,1821.4,1851.65
2016-02-09,1849.4,1863.39,1825.4,1847.9
2016-02-10,1849.65,1877.39,1838.15,1846.4
2016-02-11,1841.9,1846.9,1802.16,1824.15
2016-02-12,1826.9,1860.39,1822.15,1857.89
2016-02-16,1864.89,1892.39,1864.64,1888.39
2016-02-17,1887.89,1927.63,1881.14,1922.38
2016-02-18,1926.38,1933.13,1910.88,1916.13
2016-02-19,1917.13,1922.38,1898.14,1914.13
2016-02-22,1910.63,1943.38,1907.89,1935.88
2016-02-23,1933.63,1937.63,1913.38,1915.63
2016-02-24,1913.63,1933.38,1886.39,1929.88
2016-02-25,1932.63,1951.13,1919.88,1950.13
2016-02-26,1948.63,1968.37,1940.88,1942.38
2016-02-29,1942.63,1955.88,1926.13,1929.13
2016-03-01,1927.63,1978.12,1920.38,1977.62
2016-03-02,1975.87,1984.37,1965.87,1983.12
2016-03-03,1981.37,1992.12,1974.37,1990.12
2016-03-04,1990.62,2007.12,1983.62,1994.62
2016-03-07,1994.12,2004.12,1984.12,1998.62
2016-03-08,1998.62,1999.87,1975.62,1980.62
2016-03-09,1971.87,1984.12,1968.37,1979.37
2016-03-10,1980.62,2000.62,1957.63,1979.12
2016-03-11,1979.37,2012.37,1977.62,2010.12
2016-03-14,2009.12,2014.61,2001.62,2008.87
2016-03-15,2008.87,2009.62,1994.62,2006.12
2016-03-16,2006.37,2022.36,1996.62,2016.86
2016-03-17,2016.61,2036.36,2005.37,2029.86
2016-03-18,2030.86,2042.36,2026.61,2037.11
2016-03-21,2036.11,2044.11,2030.61,2042.36
2016-03-22,2042.86,2047.11,2028.36,2042.11
2016-03-23,2042.61,2044.86,2024.86,2028.36
2016-03-24,2027.61,2029.86,2011.87,2028.11
2016-03-28,2029.86,2039.36,2021.61,2027.61
2016-03-29,2027.36,2048.86,2018.86,2047.11
2016-03-30,2048.11,2064.11,2046.36,2054.86
2016-03-31,2055.11,2059.36,2046.86,2051.11
2016-04-01,2052.36,2066.6,2034.86,2064.61
2016-04-04,2063.61,2071.1,2053.86,2057.11
2016-04-05,2055.11,2055.11,2033.86,2038.36
2016-04-06,2041.61,2060.11,2034.61,2059.86
2016-04-07,2059.36,2061.61,2025.61,2034.61
2016-04-08,2034.11,2053.86,2029.86,2040.36
2016-04-11,2040.61,2056.11,2032.11,2034.11
2016-04-12,2032.11,2058.11,2028.86,2055.36
2016-04-13,2054.86,2076.6,2053.61,2075.6
2016-04-14,2075.85,2081.35,2068.1,2076.1
2016-04-15,2077.35,2079.6,2069.1,2074.6
2016-04-18,2063.86,2088.35,2058.11,2086.35
2016-04-19,2084.85,2098.1,2084.35,2093.35
2016-04-20,2093.85,2104.85,2085.35,2097.6
2016-04-21,2097.35,2103.6,2078.35,2082.35
2016-04-22,2079.35,2088.6,2074.6,2085.6
2016-04-25,2091.1,2091.1,2070.6,2082.85
2016-04-26,2083.85,2090.85,2079.1,2088.1
2016-04-27,2081.85,2093.6,2075.85,2090.35
2016-04-28,2092.1,2093.85,2064.86,2072.1
2016-04-29,2073.35,2075.6,2045.36,2058.61
2016-05-02,2060.36,2077.1,2055.11,2073.85
2016-05-03,2075.1,2075.85,2047.61,2056.61
2016-05-04,2057.11,2059.86,2038.61,2046.61
2016-05-05,2046.11,2059.61,2039.11,2043.61
2016-05-06,2043.11,2054.11,2030.11,2052.36
2016-05-09,2052.61,2059.36,2047.86,2053.86
2016-05-10,2053.61,2079.35,2047.61,2077.1
2016-05-11,2076.85,2078.35,2057.11,2057.61
2016-05-12,2058.61,2072.35,2048.11,2058.36
2016-05-13,2058.86,2063.11,2038.11,2043.11
2016-05-16,2040.86,2068.1,2034.61,2062.36
2016-05-17,2061.61,2069.1,2036.36,2043.11
2016-05-18,2043.36,2057.36,2030.36,2041.11
2016-05-19,2043.11,2044.36,2021.61,2038.36
2016-05-20,2038.36,2055.11,2036.86,2049.61
2016-05-23,2052.86,2055.61,2043.11,2044.86
2016-05-24,2044.61,2076.85,2040.86,2074.6
2016-05-25,2074.6,2092.1,2073.1,2086.85
2016-05-26,2088.35,2091.35,2082.1,2089.35
2016-05-27,2090.1,2098.35,2087.6,2096.85
2016-05-31,2099.6,2103.35,2085.6,2094.6
2016-06-01,2093.6,2098.85,2082.85,2097.6
2016-06-02,2096.35,2104.35,2086.35,2103.35
2016-06-03,2103.1,2105.6,2082.35,2097.35
2016-06-06,2097.1,2111.85,2093.6,2107.85
2016-06-07,2107.85,2117.59,2106.1,2109.85
2016-06-08,2109.85,2119.34,2106.1,2117.59
2016-06-09,2108.1,2109.1,2096.85,2104.85
2016-06-10,2104.1,2104.35,2079.1,2086.85
2016-06-13,2080.6,2088.85,2066.1,2069.35
2016-06-14,2066.85,2072.35,2054.36,2065.6
2016-06-15,2064.11,2079.1,2059.36,2063.11
2016-06-16,2062.11,2071.1,2040.36,2070.1
2016-06-17,2068.35,2074.35,2052.86,2058.61
2016-06-20,2070.6,2092.1,2069.85,2073.85
2016-06-21,2078.6,2085.6,2073.6,2080.1
2016-06-22,2078.85,2090.85,2074.85,2076.35
2016-06-23,2082.6,2112.85,2082.6,2105.35
2016-06-24,2115.35,2119.09,1998.62,2018.11
2016-06-27,2013.36,2022.11,1981.12,1984.62
2016-06-28,1982.12,2029.36,1981.87,2028.11
2016-06-29,2027.86,2074.35,2022.36,2066.35
2016-06-30,2071.85,2090.85,2056.11,2089.85
2016-07-01,2086.1,2100.35,2081.1,2095.85
2016-07-05,2099.35,2104.35,2072.1,2082.35
2016-07-06,2083.6,2094.1,2065.35,2093.6
2016-07-07,2091.6,2101.6,2081.35,2091.6
2016-07-08,2091.6,2125.09,2087.1,2120.09
2016-07-11,2119.84,2136.34,2119.59,2129.84
2016-07-12,2130.34,2148.84,2128.09,2145.34
2016-07-13,2145.34,2151.84,2139.09,2145.59
2016-07-14,2144.84,2167.59,2142.34,2156.84
2016-07-15,2156.09,2164.34,2142.84,2152.34
2016-07-18,2154.09,2162.84,2152.34,2159.59
2016-07-19,2159.59,2160.34,2150.84,2158.34
2016-07-20,2158.59,2169.34,2154.84,2167.09
2016-07-21,2167.84,2169.83,2153.09,2157.59
2016-07-22,2158.59,2168.84,2155.59,2167.09
2016-07-25,2167.34,2172.08,2155.34,2161.84
2016-07-26,2162.34,2167.59,2153.34,2162.84
2016-07-27,2165.59,2168.84,2151.59,2160.09
2016-07-28,2162.34,2168.09,2153.09,2164.34
2016-07-29,2165.09,2171.33,2157.09,2167.84
2016-08-01,2173.58,2177.33,2159.34,2164.09
2016-08-02,2165.59,2170.58,2141.09,2152.34
2016-08-03,2151.84,2157.84,2144.84,2156.59
2016-08-04,2156.34,2163.84,2153.59,2158.84
2016-08-05,2159.09,2178.08,2158.84,2176.33
2016-08-08,2175.58,2182.58,2172.83,2175.08
2016-08-09,2175.58,2183.08,2173.33,2177.08
2016-08-10,2177.58,2181.08,2167.34,2172.33
2016-08-11,2172.08,2184.83,2169.58,2181.33
2016-08-12,2181.33,2183.58,2175.08,2179.83
2016-08-15,2180.33,2190.33,2180.08,2185.58
2016-08-16,2185.58,2185.83,2174.83,2176.33
2016-08-17,2177.08,2181.58,2165.09,2179.33
2016-08-18,2180.33,2184.08,2175.83,2183.08
2016-08-19,2183.08,2183.83,2172.08,2181.33
2016-08-22,2181.33,2184.08,2173.08,2181.08
2016-08-23,2180.33,2191.08,2178.83,2184.83
2016-08-24,2185.33,2187.33,2168.34,2174.58
2016-08-25,2174.58,2176.83,2167.09,2173.08
2016-08-26,2173.58,2186.33,2157.09,2168.09
2016-08-29,2167.34,2181.83,2164.09,2178.83
2016-08-30,2179.58,2181.08,2168.09,2174.83
2016-08-31,2175.33,2175.83,2159.09,2169.09
2016-09-01,2168.59,2176.83,2154.34,2166.84
2016-09-02,2165.84,2183.33,2163.84,2177.58
2016-09-06,2178.83,2185.83,2172.58,2184.08
2016-09-07,2184.83,2186.33,2177.08,2184.08
2016-09-08,2184.08,2188.83,2175.33,2177.08
2016-09-09,2169.83,2171.33,2112.85,2115.6
2016-09-12,2114.85,2155.59,2099.85,2151.59
2016-09-13,2150.09,2150.34,2111.85,2121.84
2016-09-14,2124.59,2134.09,2111.6,2112.85
2016-09-15,2114.6,2144.09,2107.35,2137.59
2016-09-16,2136.09,2136.59,2122.59,2132.09
2016-09-19,2131.84,2146.34,2127.34,2132.59
2016-09-20,2133.34,2143.09,2128.59,2130.59
2016-09-21,2129.59,2157.09,2125.84,2155.84
2016-09-22,2155.84,2172.33,2152.34,2167.84
2016-09-23,2167.84,2169.09,2155.59,2157.59
2016-09-26,2155.84,2159.09,2136.34,2139.34
2016-09-27,2138.84,2153.59,2132.34,2152.34
2016-09-28,2151.59,2164.84,2143.59,2162.84
2016-09-29,2161.84,2166.59,2136.84,2148.09
2016-09-30,2145.34,2167.84,2135.34,2160.09
2016-10-03,2158.34,2163.59,2146.34,2152.84
2016-10-04,2153.34,2159.34,2135.59,2144.34
2016-10-05,2143.84,2157.59,2140.59,2152.84
2016-10-06,2152.84,2156.84,2142.84,2156.09
2016-10-07,2154.84,2161.09,2137.59,2146.09
2016-10-10,2151.59,2163.09,2148.09,2158.59
2016-10-11,2159.09,2160.34,2121.34,2134.09
2016-10-12,2132.59,2140.34,2125.84,2131.09
2016-10-13,2127.34,2131.84,2107.35,2125.84
2016-10-14,2125.84,2142.84,2121.84,2126.59
2016-10-17,2125.84,2129.59,2116.35,2122.59
2016-10-18,2122.09,2139.34,2119.84,2131.59
2016-10-19,2131.09,2142.09,2126.09,2137.59
2016-10-20,2137.09,2144.09,2126.34,2136.59
2016-10-21,2135.59,2138.09,2122.84,2134.34
2016-10-24,2136.59,2148.59,2134.34,2143.84
2016-10-25,2144.34,2149.34,2134.84,2137.59
2016-10-26,2134.84,2139.59,2124.34,2133.59
2016-10-27,2133.34,2143.34,2122.09,2123.09
2016-10-28,2126.84,2134.84,2112.1,2123.34
2016-10-31,2119.59,2130.09,2114.35,2119.59
2016-11-01,2123.09,2129.09,2090.6,2103.35
2016-11-02,2101.85,2106.1,2086.85,2091.85
2016-11-03,2087.85,2098.35,2079.35,2083.1
2016-11-04,2083.6,2093.85,2078.35,2079.6
2016-11-07,2105.6,2130.34,2102.35,2128.59
2016-11-08,2128.59,2142.84,2118.59,2135.09
2016-11-09,2137.59,2166.34,2028.11,2159.84
2016-11-10,2159.09,2180.08,2147.34,2166.84
2016-11-11,2164.59,2170.08,2148.09,2161.09
2016-11-14,2164.09,2174.08,2151.84,2160.09
2016-11-15,2160.59,2179.33,2158.09,2178.83
2016-11-16,2178.58,2184.58,2168.34,2172.33
2016-11-17,2172.08,2185.08,2171.33,2183.83
2016-11-18,2183.58,2187.08,2176.08,2180.33
2016-11-21,2179.08,2196.08,2178.08,2192.58
2016-11-22,2192.83,2202.58,2191.33,2199.83
2016-11-23,2200.83,2203.08,2191.58,2200.33
2016-11-25,2200.58,2211.33,2197.08,2210.83
2016-11-28,2207.58,2209.08,2197.83,2200.33
2016-11-29,2199.83,2209.08,2195.83,2203.33
2016-11-30,2202.83,2213.33,2196.83,2198.33
2016-12-01,2199.08,2202.58,2185.58,2191.58
2016-12-02,2190.08,2196.83,2183.83,2191.58
2016-12-05,2183.58,2208.33,2178.58,2203.83
2016-12-06,2204.58,2211.58,2199.83,2209.58
2016-12-07,2210.83,2240.82,2206.33,2236.32
2016-12-08,2236.07,2251.07,2232.07,2247.32
2016-12-09,2241.07,2255.32,2239.32,2254.32
2016-12-12,2254.82,2264.32,2246.32,2250.07
2016-12-13,2249.82,2272.57,2247.32,2267.32
2016-12-14,2267.57,2272.07,2242.57,2251.57
2016-12-15,2251.32,2267.32,2246.82,2258.07
2016-12-16,2259.07,2263.57,2249.07,2254.82
2016-12-19,2255.57,2263.32,2253.57,2259.57
2016-12-20,2259.82,2269.07,2259.57,2266.07
2016-12-21,2266.82,2267.57,2257.57,2260.07
2016-12-22,2257.82,2260.57,2251.07,2258.32
2016-12-23,2257.07,2260.57,2253.82,2259.57
2016-12-27,2258.32,2269.07,2257.32,2260.57
2016-12-28,2260.82,2267.07,2243.07,2244.82
2016-12-29,2245.07,2249.57,2239.07,2244.57
2016-12-30,2245.82,2252.32,2227.57,2235.82
2017-01-03,2240.32,2259.07,2239.07,2252.07
2017-01-04,2252.32,2266.82,2250.57,2263.82
2017-01-05,2264.07,2265.57,2253.57,2263.82
2017-01-06,2263.82,2276.56,2257.82,2271.07
2017-01-09,2270.82,2274.81,2263.07,2264.57
2017-01-10,2264.07,2273.57,2259.07,2263.32
2017-01-11,2263.32,2271.32,2254.57,2270.07
2017-01-12,2270.07,2270.07,2248.07,2263.07
2017-01-13,2264.07,2273.07,2262.32,2272.07
2017-01-17,2269.82,2270.07,2256.82,2262.32
2017-01-18,2261.57,2268.07,2257.82,2266.07
2017-01-19,2265.07,2269.07,2252.57,2261.07
2017-01-20,2260.57,2272.32,2259.32,2265.57
2017-01-23,2265.57,2267.07,2251.32,2261.57
2017-01-24,2260.32,2280.06,2259.07,2274.06
2017-01-25,2275.31,2294.81,2274.31,2293.56
2017-01-26,2293.31,2299.06,2289.06,2293.56
2017-01-27,2293.56,2296.31,2286.56,2288.56
2017-01-30,2281.56,2285.31,2262.82,2275.56
2017-01-31,2275.31,2277.81,2261.82,2274.06
2017-02-01,2276.56,2284.56,2267.82,2274.06
2017-02-02,2274.56,2279.31,2264.07,2275.06
2017-02-03,2273.57,2293.56,2270.07,2290.56
2017-02-06,2292.56,2293.81,2283.06,2286.06
2017-02-07,2285.81,2294.56,2283.56,2288.06
2017-02-08,2285.31,2291.56,2280.56,2289.81
2017-02-09,2290.06,2307.31,2287.31,2303.81
2017-02-10,2303.81,2315.31,2302.56,2312.31
2017-02-13,2313.81,2328.55,2312.81,2325.81
2017-02-14,2326.06,2337.3,2319.31,2336.55
2017-02-15,2335.05,2351.05,2330.8,2350.05
2017-02-16,2349.8,2350.3,2336.3,2345.05
2017-02-17,2344.55,2348.3,2336.05,2347.55
2017-02-21,2346.05,2364.55,2345.55,2359.55
2017-02-22,2359.55,2363.3,2354.8,2360.55
2017-02-23,2361.55,2367.05,2352.55,2362.3
2017-02-24,2361.05,2365.3,2349.05,2364.55
2017-02-27,2362.3,2370.3,2360.55,2367.8
2017-02-28,2365.3,2368.3,2357.05,2362.3
2017-03-01,2364.05,2400.54,2362.8,2393.04
2017-03-02,2391.79,2393.79,2377.55,2381.54
2017-03-03,2379.29,2382.79,2373.3,2380.79
2017-03-06,2379.79,2380.29,2366.55,2375.05
2017-03-07,2370.8,2375.05,2364.05,2366.05
2017-03-08,2365.3,2372.55,2359.05,2363.55
2017-03-09,2359.8,2365.8,2350.55,2362.8
2017-03-10,2364.05,2375.8,2358.55,2368.05
2017-03-13,2367.3,2371.55,2364.3,2371.3
2017-03-14,2370.3,2371.05,2354.3,2362.55
2017-03-15,2363.05,2387.29,2362.55,2380.04
2017-03-16,2378.79,2388.29,2373.05,2378.55
2017-03-17,2378.79,2381.79,2372.3,2374.8
2017-03-20,2373.3,2375.55,2365.05,2369.8
2017-03-21,2368.55,2378.3,2337.55,2341.8
2017-03-22,2340.05,2348.3,2331.8,2342.05
2017-03-23,2341.8,2355.55,2337.8,2339.55
2017-03-24,2340.55,2352.3,2331.3,2344.3
2017-03-27,2336.55,2341.05,2317.31,2338.05
2017-03-28,2340.05,2360.05,2333.05,2351.05
2017-03-29,2352.55,2359.3,2348.3,2356.55
2017-03-30,2356.55,2366.3,2352.8,2364.05
2017-03-31,2365.05,2366.3,2356.3,2358.8
2017-04-03,2357.05,2362.8,2339.55,2355.55
2017-04-04,2353.8,2358.3,2344.3,2356.05
2017-04-05,2358.3,2374.55,2343.3,2346.05
2017-04-06,2345.05,2360.8,2337.55,2353.3
2017-04-07,2354.8,2360.3,2336.3,2351.8
2017-04-10,2351.3,2362.8,2347.05,2352.05
2017-04-11,2353.8,2355.3,2332.8,2350.55
2017-04-12,2351.3,2356.05,2337.05,2340.3
2017-04-13,2338.3,2344.55,2323.56,2327.05
2017-04-17,2323.56,2345.55,2322.31,2344.55
2017-04-18,2344.55,2346.55,2329.8,2336.8
2017-04-19,2337.3,2348.8,2330.8,2333.3
2017-04-20,2332.8,2357.8,2332.05,2351.55
2017-04-21,2352.3,2355.55,2340.05,2347.05
2017-04-24,2365.3,2376.3,2364.8,2369.55
2017-04-25,2369.55,2388.79,2367.8,2384.54
2017-04-26,2382.54,2394.29,2381.04,2381.79
2017-04-27,2381.04,2388.29,2378.3,2385.54
2017-04-28,2385.79,2388.29,2377.8,2380.04
2017-05-01,2381.04,2390.29,2376.55,2386.54
2017-05-02,2385.79,2388.29,2381.29,2385.29
2017-05-03,2383.54,2385.54,2375.05,2382.79
2017-05-04,2381.54,2390.29,2375.55,2385.04
2017-05-05,2385.54,2398.79,2378.55,2397.29
2017-05-08,2402.04,2403.29,2389.29,2394.54
2017-05-09,2394.04,2399.54,2388.29,2392.79
2017-05-10,2391.29,2396.54,2387.04,2394.79
2017-05-11,2394.54,2394.79,2378.55,2390.54
2017-05-12,2389.79,2391.04,2383.79,2388.29
2017-05-15,2388.29,2401.79,2387.54,2398.04
2017-05-16,2399.29,2404.04,2393.29,2396.54
2017-05-17,2396.04,2396.29,2354.3,2357.05
2017-05-18,2354.55,2374.55,2344.05,2363.05
2017-05-19,2363.55,2387.54,2360.55,2381.04
2017-05-22,2381.29,2393.79,2377.8,2392.29
2017-05-23,2393.04,2399.04,2386.29,2397.54
2017-05-24,2396.54,2403.54,2394.29,2401.54
2017-05-25,2402.54,2417.29,2402.04,2413.04
2017-05-26,2412.54,2415.29,2407.54,2413.29
2017-05-30,2413.54,2416.54,2407.29,2410.29
2017-05-31,2410.04,2416.29,2402.29,2410.54
2017-06-01,2413.29,2430.04,2410.04,2429.04
2017-06-02,2428.79,2439.28,2426.54,2437.28
2017-06-05,2434.78,2438.53,2432.53,2434.03
2017-06-06,2433.78,2435.28,2425.79,2430.29
2017-06-07,2429.04,2434.53,2423.54,2431.53
2017-06-08,2431.03,2438.53,2426.79,2432.03
2017-06-09,2424.79,2443.03,2412.04,2427.79
2017-06-12,2427.54,2428.29,2416.29,2426.04
2017-06-13,2426.04,2438.78,2424.79,2437.53
2017-06-14,2437.78,2442.78,2425.29,2434.78
2017-06-15,2433.28,2434.03,2415.79,2431.53
2017-06-16,2430.79,2436.28,2419.79,2430.54
2017-06-19,2433.03,2451.03,2432.28,2447.03
2017-06-20,2447.28,2450.53,2433.53,2437.03
2017-06-21,2435.28,2439.53,2427.54,2433.03
2017-06-22,2431.28,2438.53,2427.54,2431.28
2017-06-23,2430.79,2438.28,2427.79,2434.53
2017-06-26,2431.53,2447.03,2429.54,2435.53
2017-06-27,2435.28,2436.78,2416.04,2420.04
2017-06-28,2416.54,2442.03,2413.29,2438.03
2017-06-29,2441.53,2444.53,2401.79,2419.54
2017-06-30,2420.29,2429.29,2414.54,2420.54
2017-07-03,2421.54,2436.03,2421.04,2424.54
2017-07-05,2423.29,2431.78,2418.79,2427.54
2017-07-06,2427.54,2430.04,2404.79,2408.04
2017-07-07,2408.79,2424.54,2407.04,2422.04
2017-07-10,2422.54,2429.54,2418.79,2424.04
2017-07-11,2423.29,2427.29,2409.79,2424.04
2017-07-12,2424.54,2443.28,2422.04,2439.53
2017-07-13,2440.78,2446.53,2438.53,2445.03
2017-07-14,2446.03,2460.78,2441.53,2455.53
2017-07-17,2456.53,2460.03,2453.53,2458.03
2017-07-18,2458.78,2460.53,2447.53,2457.28
2017-07-19,2459.28,2471.53,2457.28,2471.03
2017-07-20,2470.53,2475.78,2465.03,2470.78
2017-07-21,2472.03,2474.78,2462.28,2469.03
2017-07-24,2469.28,2470.03,2463.03,2468.03
2017-07-25,2466.53,2478.28,2465.78,2473.53
2017-07-26,2474.78,2479.28,2471.03,2472.78
2017-07-27,2474.03,2480.03,2456.53,2471.53
2017-07-28,2471.53,2471.53,2461.03,2469.78
2017-07-31,2470.03,2474.53,2464.78,2467.53
2017-08-01,2467.53,2476.78,2465.78,2471.78
2017-08-02,2473.53,2475.53,2462.78,2473.03
2017-08-03,2472.78,2474.03,2465.53,2471.28
2017-08-04,2470.28,2477.28,2467.28,2471.53
2017-08-07,2471.78,2477.78,2471.53,2477.03
2017-08-08,2477.03,2488.02,2467.03,2472.28
2017-08-09,2469.53,2474.03,2458.53,2472.53
2017-08-10,2473.53,2473.78,2432.28,2437.03
2017-08-11,2434.03,2446.03,2429.79,2439.53
2017-08-14,2441.03,2466.03,2441.03,2463.03
2017-08-15,2464.03,2472.78,2459.53,2463.28
2017-08-16,2464.03,2473.53,2461.03,2467.03
2017-08-17,2466.28,2468.03,2423.29,2429.04
2017-08-18,2426.29,2439.03,2419.04,2426.29
2017-08-21,2428.29,2431.03,2415.29,2427.54
2017-08-22,2427.54,2453.78,2427.04,2452.28
2017-08-23,2452.53,2454.28,2438.28,2441.03
2017-08-24,2439.78,2448.53,2434.03,2440.28
2017-08-25,2442.03,2453.03,2437.03,2442.03
2017-08-28,2441.53,2448.78,2435.78,2443.28
2017-08-29,2433.53,2448.03,2420.54,2446.53
2017-08-30,2446.03,2459.28,2442.28,2455.28
2017-08-31,2454.78,2473.78,2454.28,2469.53
2017-09-01,2469.78,2479.28,2469.53,2473.78
2017-09-05,2460.78,2470.78,2445.03,2459.28
2017-09-06,2459.78,2468.53,2456.03,2465.03
2017-09-07,2463.53,2468.28,2457.03,2466.03
2017-09-08,2464.28,2465.28,2454.78,2460.53
2017-09-11,2467.28,2486.77,2466.28,2485.27
2017-09-12,2486.02,2494.52,2484.77,2493.77
2017-09-13,2494.77,2495.02,2488.52,2494.27
2017-09-14,2494.02,2495.77,2487.02,2493.77
2017-09-15,2493.27,2499.52,2486.52,2496.77
2017-09-18,2498.52,2505.52,2497.27,2502.27
2017-09-19,2502.27,2505.52,2500.52,2504.27
2017-09-20,2503.27,2506.77,2493.52,2504.77
2017-09-21,2504.02,2505.77,2496.02,2500.52
2017-09-22,2500.27,2500.52,2491.52,2499.02
2017-09-25,2498.52,2504.02,2484.52,2496.52
2017-09-26,2497.52,2500.77,2491.77,2495.02
2017-09-27,2494.52,2508.77,2492.52,2504.02
2017-09-28,2502.77,2507.77,2498.52,2507.27
2017-09-29,2507.27,2517.27,2504.27,2515.52
2017-10-02,2517.52,2527.52,2516.52,2525.77
2017-10-03,2526.77,2533.02,2525.02,2532.27
2017-10-04,2532.52,2537.51,2528.52,2535.76
2017-10-05,2534.77,2550.26,2534.02,2549.51
2017-10-06,2548.26,2549.26,2541.01,2544.51
2017-10-09,2542.76,2550.01,2538.76,2543.26
2017-10-10,2542.76,2552.76,2542.26,2548.01
2017-10-11,2548.26,2553.01,2543.76,2552.51
2017-10-12,2551.76,2552.76,2545.76,2549.01
2017-10-13,2547.51,2555.01,2546.51,2552.26
2017-10-16,2551.76,2557.26,2550.26,2555.76
2017-10-17,2555.01,2557.26,2551.76,2556.51
2017-10-18,2556.01,2561.76,2555.76,2559.51
2017-10-19,2559.51,2561.01,2542.01,2560.01
2017-10-20,2560.51,2574.01,2559.01,2573.51
2017-10-23,2572.26,2576.76,2561.01,2563.01
2017-10-24,2562.01,2569.76,2561.76,2566.76
2017-10-25,2564.26,2565.76,2541.01,2558.01
2017-10-26,2559.01,2564.51,2555.01,2561.01
2017-10-27,2561.01,2580.26,2557.01,2578.01
2017-10-30,2575.01,2577.76,2565.01,2567.76
2017-10-31,2567.51,2575.01,2566.26,2572.26
2017-11-01,2572.26,2585.01,2570.51,2574.26
2017-11-02,2571.01,2578.01,2561.76,2576.26
2017-11-03,2577.01,2585.01,2573.01,2582.26
2017-11-06,2579.51,2589.5,2575.01,2588.25
2017-11-07,2587.26,2593.0,2580.26,2586.26
2017-11-08,2583.51,2592.0,2579.26,2590.5
2017-11-09,2590.75,2594.0,2562.76,2583.51
2017-11-10,2581.51,2585.26,2571.01,2579.01
2017-11-13,2579.76,2585.01,2569.76,2581.51
2017-11-14,2579.76,2581.76,2563.76,2577.51
2017-11-15,2576.26,2576.51,2555.01,2564.51
2017-11-16,2563.76,2589.0,2561.76,2584.51
2017-11-17,2583.76,2585.51,2574.26,2575.76
2017-11-20,2575.51,2583.51,2567.26,2581.51
2017-11-21,2581.51,2600.0,2578.76,2595.75
2017-11-22,2595.25,2599.5,2592.25,2594.0
2017-11-24,2592.75,2602.5,2589.0,2600.5
2017-11-27,2600.5,2605.0,2596.0,2601.25
2017-11-28,2601.75,2626.5,2597.0,2625.5
2017-11-29,2625.0,2633.75,2619.25,2624.5
2017-11-30,2624.5,2657.99,2621.25,2647.49
2017-12-01,2640.24,2650.24,2604.5,2643.49
2017-12-04,2653.99,2664.74,2633.25,2637.75
2017-12-05,2635.5,2648.24,2626.75,2627.75
2017-12-06,2626.25,2634.0,2619.5,2628.75
2017-12-07,2630.0,2640.74,2625.75,2639.0
2017-12-08,2639.0,2651.99,2637.25,2650.49
2017-12-11,2651.49,2664.24,2648.74,2660.99
2017-12-12,2665.49,2672.49,2662.74,2667.24
2017-12-13,2667.24,2674.99,2658.74,2668.49
2017-12-14,2667.99,2672.99,2651.24,2655.49
2017-12-15,2652.24,2682.74,2651.99,2681.49
2017-12-18,2682.49,2697.48,2681.99,2693.98
2017-12-19,2694.48,2697.48,2681.99,2683.49
2017-12-20,2684.24,2694.98,2678.49,2680.99
2017-12-21,2680.99,2695.48,2680.24,2687.24
2017-12-22,2686.24,2690.99,2681.74,2685.49
2017-12-26,2686.24,2688.99,2682.99,2686.49
2017-12-27,2686.99,2690.49,2680.99,2684.99
2017-12-28,2683.49,2688.49,2682.49,2685.24
2017-12-29,2684.24,2697.73,2667.24,2675.49
2018-01-01,2675.8,2681.0,2674.8,2680.8
2018-01-02,2683.7,2695.9,2682.4,2695.8
2018-01-03,2697.9,2714.4,2697.8,2713.1
2018-01-04,2719.3,2729.3,2719.1,2724.0
2018-01-05,2731.3,2743.4,2727.9,2743.1
2018-01-08,2742.7,2748.5,2737.6,2747.7
2018-01-09,2751.1,2759.1,2747.9,2751.3
2018-01-10,2745.6,2750.8,2736.1,2748.2
2018-01-11,2753.0,2767.6,2752.8,2767.6
2018-01-12,2770.2,2787.9,2769.6,2786.2
2018-01-14,2789.8,2795.5,2789.8,2795.5
2018-01-15,2795.5,2797.0,2791.0,2793.8
2018-01-16,2799.0,2807.5,2768.6,2776.4
2018-01-17,2785.0,2807.0,2778.4,2802.6
2018-01-18,2802.4,2805.8,2792.6,2798.0
2018-01-19,2802.6,2810.3,2798.1,2810.3
2018-01-22,2809.2,2833.0,2808.1,2833.0
2018-01-23,2835.1,2842.2,2830.6,2839.1
2018-01-24,2845.4,2853.0,2824.8,2837.5
2018-01-25,2846.2,2848.6,2830.9,2839.3
2018-01-26,2847.5,2872.9,2846.2,2872.9
2018-01-29,2867.2,2870.6,2851.5,2853.5
2018-01-30,2832.7,2837.8,2818.3,2822.4
2018-01-31,2832.4,2839.3,2813.0,2823.8
2018-02-01,2816.4,2836.0,2812.7,2822.0
2018-02-02,2808.9,2808.9,2760.0,2762.1
2018-02-05,2741.1,2763.4,2638.2,2648.9
2018-02-06,2614.8,2701.0,2593.1,2695.1
2018-02-07,2690.9,2727.7,2681.3,2681.7
2018-02-08,2685.0,2685.3,2580.6,2581.0
2018-02-09,2601.8,2638.7,2532.7,2619.6
2018-02-12,2636.8,2672.6,2622.4,2656.0
2018-02-13,2646.3,2668.8,2637.1,2662.9
2018-02-14,2651.2,2702.1,2648.9,2698.6
2018-02-15,2713.5,2731.5,2689.8,2731.2
2018-02-16,2727.1,2754.4,2725.1,2732.2
2018-02-18,2736.3,2741.0,2734.5,2740.3
2018-02-19,2740.3,2747.8,2719.8,2730.8
2018-02-20,2723.0,2737.6,2706.8,2716.3
2018-02-21,2720.5,2747.8,2701.3,2701.3
2018-02-22,2710.4,2731.3,2697.8,2704.0
2018-02-23,2715.8,2747.8,2713.7,2747.3
2018-02-26,2757.4,2780.6,2753.8,2779.6
2018-02-27,2780.4,2789.1,2744.2,2744.3
2018-02-28,2753.8,2761.5,2713.5,2713.8
2018-03-01,2715.2,2730.9,2659.6,2677.7
2018-03-02,2658.9,2696.3,2647.3,2691.3
2018-03-05,2681.1,2728.1,2675.8,2720.9
2018-03-06,2730.2,2732.1,2711.3,2728.1
2018-03-07,2710.2,2730.6,2701.7,2726.8
2018-03-08,2732.8,2740.4,2722.6,2739.0
2018-03-09,2752.9,2786.6,2751.5,2786.6
2018-03-12,2790.5,2797.0,2779.3,2783.0
2018-03-13,2792.3,2801.9,2758.7,2765.3
2018-03-14,2774.1,2777.1,2744.4,2749.5
2018-03-15,2754.3,2763.0,2741.5,2747.3
2018-03-16,2750.6,2761.9,2750.0,2752.0
2018-03-19,2741.4,2741.4,2694.6,2712.9
2018-03-20,2715.1,2724.2,2710.1,2716.9
2018-03-21,2715.0,2739.1,2709.8,2711.9
2018-03-22,2691.4,2695.7,2641.6,2643.7
2018-03-23,2646.7,2657.7,2585.9,2588.3
2018-03-26,2619.4,2661.4,2601.8,2658.6
2018-03-27,2667.6,2674.8,2596.1,2612.6
2018-03-28,2611.3,2632.6,2593.1,2605.0
2018-03-29,2614.4,2659.1,2609.7,2640.9
2018-04-02,2633.4,2638.3,2553.8,2581.9
2018-04-03,2592.2,2619.1,2575.5,2614.4
2018-04-04,2584.0,2649.9,2573.6,2644.7
2018-04-05,2657.4,2672.1,2649.6,2662.8
2018-04-06,2645.8,2656.9,2586.3,2604.5
2018-04-09,2617.2,2653.6,2610.8,2613.2
2018-04-10,2638.4,2665.4,2635.8,2656.9
2018-04-11,2643.9,2661.4,2639.3,2642.2
2018-04-12,2653.8,2674.7,2653.8,2664.0
2018-04-13,2676.9,2680.3,2645.1,2656.3
2018-04-16,2670.1,2686.5,2665.2,2677.8
2018-04-17,2692.7,2713.3,2692.1,2706.4
2018-04-18,2710.1,2717.5,2703.6,2708.6
2018-04-19,2701.2,2702.8,2681.9,2693.1
2018-04-20,2692.6,2693.9,2660.6,2670.1
2018-04-23,2675.4,2682.9,2658.0,2670.3
2018-04-24,2680.8,2683.6,2617.3,2634.6
2018-04-25,2634.9,2645.3,2612.7,2639.4
2018-04-26,2651.6,2676.5,2647.2,2666.9
2018-04-27,2675.5,2677.4,2659.0,2669.9
2018-04-30,2675.1,2682.9,2648.0,2648.1
2018-05-01,2643.6,2655.3,2625.4,2654.8
2018-05-02,2654.2,2660.9,2631.7,2635.7
2018-05-03,2628.1,2637.1,2594.6,2629.7
2018-05-04,2621.4,2670.9,2615.3,2663.4
2018-05-07,2669.4,2683.4,2664.7,2672.6
2018-05-08,2670.3,2676.3,2655.2,2671.9
2018-05-09,2678.1,2701.3,2674.1,2697.8
2018-05-10,2705.0,2726.1,2704.5,2723.1
2018-05-11,2722.7,2732.9,2717.4,2727.7
2018-05-14,2733.4,2742.1,2725.5,2730.1
2018-05-15,2718.6,2718.6,2701.9,2711.4
2018-05-16,2712.6,2727.8,2712.2,2722.5
2018-05-17,2719.7,2732.0,2711.4,2720.1
2018-05-18,2717.4,2719.5,2709.2,2713.0
2018-05-21,2725.9,2739.2,2725.7,2733.0
2018-05-22,2738.3,2742.2,2721.9,2724.4
2018-05-23,2714.0,2733.3,2709.5,2733.3
2018-05-24,2730.9,2732.0,2707.4,2727.8
2018-05-25,2723.6,2727.4,2715.0,2721.3
2018-05-27,2731.0,2731.0,2726.0,2729.5
2018-05-28,2729.5,2731.8,2718.3,2722.0
2018-05-29,2705.1,2710.7,2676.8,2689.9
2018-05-30,2702.4,2729.3,2702.4,2724.0
2018-05-31,2721.0,2722.5,2700.7,2705.3
2018-06-01,2718.7,2736.9,2718.7,2734.6
2018-06-04,2741.7,2749.2,2740.5,2746.9
2018-06-05,2748.5,2752.6,2739.5,2748.8
2018-06-06,2753.3,2772.4,2748.5,2772.4
2018-06-07,2774.8,2779.9,2760.2,2770.4
2018-06-08,2765.8,2779.4,2763.6,2779.0
2018-06-11,2780.2,2790.2,2780.2,2782.0
2018-06-12,2785.6,2789.8,2778.8,2786.9
2018-06-13,2787.9,2791.5,2774.6,2775.6
2018-06-14,2783.2,2789.1,2776.5,2782.5
2018-06-15,2777.8,2782.8,2761.7,2779.7
2018-06-18,2765.8,2775.0,2757.1,2773.8
2018-06-19,2752.0,2765.1,2743.2,2762.6
2018-06-20,2769.7,2774.9,2763.9,2767.3
2018-06-21,2769.3,2769.3,2744.4,2749.8
2018-06-22,2760.8,2764.2,2752.7,2754.9
2018-06-25,2742.9,2742.9,2698.7,2717.1
2018-06-26,2722.1,2732.9,2715.6,2723.1
2018-06-27,2728.4,2746.1,2699.4,2699.6
2018-06-28,2698.7,2724.3,2692.0,2716.3
2018-06-29,2727.1,2743.3,2718.0,2718.4
2018-07-02,2704.9,2727.3,2698.9,2726.7
2018-07-03,2733.3,2736.6,2711.2,2713.2
2018-07-04,2713.0,2724.0,2712.3,2719.8
2018-07-05,2724.2,2737.8,2716.0,2736.6
2018-07-06,2737.7,2764.4,2733.5,2759.8
2018-07-09,2768.5,2784.6,2768.5,2784.2
2018-07-10,2788.6,2795.6,2786.2,2793.8
2018-07-11,2779.8,2785.9,2770.8,2774.0
2018-07-12,2783.1,2799.2,2781.5,2798.3
2018-07-13,2796.9,2804.5,2791.7,2801.3
2018-07-16,2801.4,2803.7,2793.4,2798.4
2018-07-17,2789.3,2814.2,2789.2,2809.6
2018-07-18,2811.4,2816.8,2805.9,2815.6
2018-07-19,2809.4,2812.1,2799.8,2804.5
2018-07-20,2804.6,2809.7,2800.0,2801.8
2018-07-23,2799.2,2808.6,2795.1,2807.0
2018-07-24,2820.7,2830.0,2811.1,2820.4
2018-07-25,2817.7,2848.0,2817.7,2846.1
2018-07-26,2835.5,2845.6,2835.3,2837.4
2018-07-27,2842.4,2843.2,2808.3,2818.8
2018-07-30,2819.0,2821.7,2798.1,2802.6
2018-07-31,2809.7,2824.5,2808.1,2816.3
2018-08-01,2821.2,2825.8,2805.9,2813.4
2018-08-02,2800.5,2829.9,2796.3,2827.2
2018-08-03,2829.6,2840.4,2827.4,2840.4
2018-08-06,2840.3,2853.3,2836.0,2850.4
2018-08-07,2855.9,2863.4,2855.9,2858.4
2018-08-08,2856.8,2862.4,2853.1,2857.7
2018-08-09,2857.2,2862.5,2852.0,2853.6
2018-08-10,2839.6,2842.2,2825.8,2833.3
2018-08-13,2835.5,2843.4,2819.9,2821.9
2018-08-14,2827.9,2843.1,2826.6,2840.0
2018-08-15,2827.9,2827.9,2802.5,2818.4
2018-08-16,2831.4,2850.5,2831.4,2840.7
2018-08-17,2838.3,2855.6,2833.7,2850.1
2018-08-20,2853.9,2859.8,2850.6,2857.1
2018-08-21,2861.5,2873.2,2861.3,2863.0
2018-08-22,2861.0,2867.5,2856.1,2861.8
2018-08-23,2860.3,2868.8,2854.0,2857.0
2018-08-24,2862.4,2876.2,2862.4,2874.7
2018-08-27,2884.7,2898.3,2884.7,2896.7
2018-08-28,2901.4,2903.8,2893.5,2897.5
2018-08-29,2900.6,2916.5,2898.4,2914.0
2018-08-30,2908.9,2912.5,2895.2,2901.1
2018-08-31,2898.4,2906.3,2891.7,2901.5
2018-09-02,2906.8,2907.0,2904.8,2906.5
2018-09-03,2906.5,2912.5,2902.5,2906.3
2018-09-04,2897.0,2900.2,2885.1,2896.7
2018-09-05,2891.6,2894.2,2876.9,2888.6
2018-09-06,2888.6,2892.1,2867.3,2878.1
2018-09-07,2868.3,2883.8,2864.1,2871.7
2018-09-10,2881.4,2886.9,2875.9,2877.1
2018-09-11,2871.6,2892.5,2866.8,2887.9
2018-09-12,2888.3,2894.6,2879.2,2888.9
2018-09-13,2896.9,2906.8,2896.4,2904.2
2018-09-14,2906.4,2908.3,2895.8,2905.0
2018-09-17,2903.8,2904.6,2886.2,2888.8
2018-09-18,2890.7,2911.2,2890.4,2904.3
2018-09-19,2906.6,2912.4,2903.8,2907.9
2018-09-20,2919.7,2934.8,2919.7,2930.8
2018-09-21,2936.8,2940.9,2927.1,2929.7
2018-09-24,2921.8,2923.8,2912.6,2919.4
2018-09-25,2921.8,2923.9,2913.7,2915.6
2018-09-26,2917.0,2931.1,2903.3,2906.0
2018-09-27,2911.6,2927.2,2909.3,2914.0
2018-09-28,2910.0,2920.5,2907.5,2914.0
2018-10-01,2926.3,2937.1,2917.9,2924.6
2018-10-02,2923.8,2931.4,2919.4,2923.4
2018-10-03,2931.7,2939.9,2921.4,2925.5
2018-10-04,2919.4,2919.8,2883.9,2901.6
2018-10-05,2902.5,2909.6,2869.3,2885.6
2018-10-08,2877.5,2889.4,2862.1,2884.4
2018-10-09,2882.5,2894.8,2874.3,2880.3
2018-10-10,2873.9,2874.0,2784.9,2785.7
2018-10-11,2776.9,2795.1,2710.5,2728.4
2018-10-12,2770.5,2775.8,2729.4,2767.1
2018-10-15,2763.8,2776.0,2749.0,2750.8
2018-10-16,2767.1,2813.5,2766.9,2809.9
2018-10-17,2811.7,2816.9,2781.8,2809.2
2018-10-18,2802.0,2806.0,2755.2,2768.8
2018-10-19,2775.7,2797.8,2760.3,2767.8
2018-10-22,2773.9,2778.9,2749.2,2755.9
2018-10-23,2721.0,2753.6,2691.4,2740.7
2018-10-24,2737.9,2742.6,2651.9,2656.1
2018-10-25,2674.9,2722.7,2667.8,2705.6
2018-10-26,2667.9,2692.4,2628.2,2658.7
2018-10-29,2682.6,2706.9,2603.5,2641.3
2018-10-30,2640.7,2685.4,2635.3,2682.6
2018-10-31,2705.6,2736.7,2705.6,2711.7
2018-11-01,2717.6,2741.7,2708.9,2740.4
2018-11-02,2745.4,2756.6,2700.4,2723.1
2018-11-05,2726.4,2744.3,2717.9,2738.3
2018-11-06,2738.4,2756.8,2737.1,2755.4
2018-11-07,2774.1,2815.1,2774.1,2813.9
2018-11-08,2806.4,2814.8,2795.0,2806.8
2018-11-09,2794.1,2794.1,2764.2,2781.0
2018-11-12,2773.9,2776.0,2722.0,2726.2
2018-11-13,2730.1,2754.6,2715.0,2722.2
2018-11-14,2737.9,2746.8,2685.8,2701.6
2018-11-15,2693.5,2735.4,2670.8,2730.2
2018-11-16,2718.5,2746.8,2712.2,2736.3
2018-11-19,2730.7,2733.2,2681.1,2690.7
2018-11-20,2654.6,2669.4,2631.5,2641.9
2018-11-21,2657.7,2670.7,2649.8,2649.9
2018-11-22,2650.5,2656.3,2629.0,2641.5
2018-11-23,2633.4,2647.6,2631.1,2632.6
2018-11-26,2650.0,2674.4,2650.0,2673.4
2018-11-27,2663.8,2682.5,2655.9,2682.2
2018-11-28,2691.4,2744.0,2684.4,2743.8
2018-11-29,2737.0,2753.8,2722.9,2737.8
2018-11-30,2737.8,2760.9,2732.8,2760.2
2018-12-03,2790.5,2800.2,2773.4,2790.4
2018-12-04,2782.4,2785.9,2697.2,2700.1
2018-12-05,2699.5,2720.8,2698.0,2701.8
2018-12-06,2663.5,2696.1,2621.5,2695.9
2018-12-07,2691.3,2708.5,2623.1,2633.1
2018-12-10,2630.9,2647.5,2583.2,2637.7
2018-12-11,2664.4,2674.4,2621.3,2636.8
2018-12-12,2658.2,2685.4,2650.3,2651.1
2018-12-13,2658.7,2670.2,2637.3,2650.5
2018-12-14,2629.7,2635.1,2593.8,2599.9
2018-12-17,2590.8,2601.1,2530.5,2545.9
2018-12-18,2559.9,2574.0,2528.7,2546.2
2018-12-19,2547.1,2585.3,2489.0,2507.0
2018-12-20,2496.8,2509.6,2441.2,2467.4
2018-12-21,2465.4,2504.4,2408.6,2416.6
2018-12-24,2400.6,2410.3,2351.1,2351.1
2018-12-25,2341.5,2349.4,2317.4,2345.6
2018-12-26,2363.1,2467.8,2346.6,2467.7
2018-12-27,2442.5,2489.1,2397.9,2488.8
2018-12-28,2498.8,2520.3,2472.9,2485.7
2018-12-31,2498.9,2509.2,2482.8,2506.9
2019-01-01,2505.3,2520.9,2505.3,2517.0
2019-01-02,2477.0,2519.5,2467.5,2510.0
2019-01-03,2491.9,2493.1,2444.0,2447.9
2019-01-04,2474.3,2538.1,2474.3,2531.9
2019-01-07,2535.6,2566.2,2524.6,2549.7
2019-01-08,2568.1,2579.8,2547.6,2574.4
2019-01-09,2580.0,2595.3,2568.9,2585.0
2019-01-10,2573.5,2597.8,2562.0,2596.6
2019-01-11,2588.1,2596.3,2577.4,2596.3
2019-01-14,2580.3,2589.3,2570.4,2582.6
2019-01-15,2585.1,2613.1,2585.1,2610.3
2019-01-16,2614.8,2625.8,2612.7,2616.1
2019-01-17,2609.3,2645.1,2606.4,2636.0
2019-01-18,2651.3,2675.5,2647.6,2670.7
2019-01-20,2676.5,2677.5,2667.4,2668.4
2019-01-21,2668.1,2669.4,2655.3,2663.3
2019-01-22,2657.9,2657.9,2617.3,2632.9
2019-01-23,2643.5,2653.2,2612.9,2638.7
2019-01-24,2638.8,2647.2,2627.0,2642.3
2019-01-25,2657.4,2672.4,2657.3,2664.8
2019-01-28,2645.0,2645.0,2624.1,2643.9
2019-01-29,2644.9,2650.9,2631.1,2640.0
2019-01-30,2653.6,2690.4,2648.3,2681.1
2019-01-31,2685.5,2708.9,2678.6,2704.1
2019-02-01,2702.3,2716.7,2696.9,2706.5
2019-02-04,2706.5,2725.0,2698.8,2724.9
2019-02-05,2728.3,2739.0,2724.0,2737.7
2019-02-06,2735.1,2738.1,2724.1,2731.6
2019-02-07,2717.5,2719.3,2687.3,2706.1
2019-02-08,2692.4,2708.1,2681.8,2707.9
2019-02-11,2712.4,2718.1,2703.8,2709.8
2019-02-12,2722.6,2748.2,2722.6,2744.7
2019-02-13,2750.3,2761.9,2748.6,2753.0
2019-02-14,2743.5,2757.9,2731.2,2745.7
2019-02-15,2760.2,2775.7,2760.2,2775.6
2019-02-17,2777.3,2781.4,2775.3,2778.6
2019-02-18,2778.1,2780.1,2773.4,2775.9
2019-02-19,2769.3,2787.3,2767.3,2779.8
2019-02-20,2779.1,2789.9,2774.1,2784.7
2019-02-21,2780.2,2781.6,2764.6,2774.9
2019-02-22,2780.7,2794.2,2779.1,2792.7
2019-02-25,2804.4,2813.5,2795.0,2796.1
2019-02-26,2792.4,2803.1,2789.5,2793.9
2019-02-27,2787.5,2795.8,2775.1,2792.4
2019-02-28,2788.1,2793.7,2782.5,2784.5
2019-03-01,2798.2,2808.0,2787.4,2803.7
2019-03-04,2814.4,2816.9,2767.7,2792.8
2019-03-05,2794.4,2796.4,2783.0,2789.6
2019-03-06,2790.3,2790.3,2768.7,2771.4
2019-03-07,2766.5,2767.3,2739.1,2748.9
2019-03-08,2730.8,2744.1,2722.3,2743.1
2019-03-11,2747.6,2784.0,2747.6,2783.3
2019-03-12,2787.3,2798.3,2786.7,2791.5
2019-03-13,2799.8,2821.2,2799.8,2810.9
2019-03-14,2810.4,2815.0,2803.5,2808.5
2019-03-15,2810.8,2830.7,2810.8,2822.5
2019-03-18,2822.6,2835.4,2822.0,2832.9
2019-03-19,2840.8,2852.4,2823.3,2832.6
2019-03-20,2831.3,2843.5,2812.4,2824.2
2019-03-21,2819.7,2860.3,2817.4,2854.9
2019-03-22,2844.5,2846.2,2800.5,2800.7
2019-03-25,2796.0,2809.8,2785.0,2798.4
2019-03-26,2812.7,2829.9,2804.0,2818.5
2019-03-27,2819.7,2825.6,2787.7,2805.4
2019-03-28,2809.4,2819.7,2798.8,2815.4
2019-03-29,2828.3,2836.0,2819.2,2834.4
2019-04-01,2848.6,2869.4,2848.6,2867.2
2019-04-02,2868.2,2872.9,2858.8,2867.2
2019-04-03,2876.1,2885.3,2865.2,2873.4
2019-04-04,2874.0,2881.3,2867.1,2879.4
2019-04-05,2884.2,2893.2,2883.0,2892.7
2019-04-08,2888.5,2895.9,2880.8,2895.8
2019-04-09,2886.6,2886.9,2873.3,2878.2
2019-04-10,2881.4,2889.7,2879.1,2888.2
2019-04-11,2891.9,2893.4,2882.0,2888.3
2019-04-12,2900.9,2910.5,2898.4,2907.4
2019-04-15,2908.3,2909.6,2896.5,2905.6
2019-04-16,2912.3,2916.1,2900.7,2907.1
2019-04-17,2916.0,2918.0,2895.4,2900.4
2019-04-18,2904.8,2908.4,2891.9,2905.0
2019-04-19,2910.5,2910.5,2910.5,2910.5
2019-04-22,2898.8,2909.5,2896.4,2908.0
2019-04-23,2910.0,2936.3,2908.5,2933.7
2019-04-24,2934.0,2936.8,2926.1,2927.3
2019-04-25,2929.0,2933.1,2912.8,2926.2
2019-04-26,2925.8,2939.9,2917.6,2939.9
2019-04-29,2940.6,2949.5,2939.4,2943.0
2019-04-30,2937.1,2948.2,2924.1,2945.8
2019-05-01,2952.3,2954.1,2923.4,2923.7
2019-05-02,2922.2,2931.7,2900.5,2917.5
2019-05-03,2929.2,2947.9,2929.2,2945.6
2019-05-06,2908.9,2937.3,2898.2,2932.5
2019-05-07,2913.0,2913.0,2862.6,2884.1
2019-05-08,2879.6,2898.0,2873.3,2879.4
2019-05-09,2859.8,2876.0,2836.4,2870.7
2019-05-10,2863.1,2891.3,2825.4,2881.4
2019-05-13,2840.2,2840.2,2801.4,2811.9
2019-05-14,2820.1,2852.5,2820.1,2834.4
2019-05-15,2820.4,2858.7,2815.1,2851.0
2019-05-16,2855.8,2892.1,2855.8,2876.3
2019-05-17,2858.6,2885.5,2854.2,2859.5
2019-05-20,2841.9,2853.9,2831.3,2840.2
2019-05-21,2854.0,2868.9,2854.0,2864.4
2019-05-22,2856.1,2865.5,2851.1,2856.3
2019-05-23,2836.7,2836.7,2805.5,2822.2
2019-05-24,2832.4,2841.4,2820.2,2826.1
2019-05-26,2830.9,2834.9,2829.4,2830.6
2019-05-27,2829.9,2838.4,2826.6,2833.3
2019-05-28,2830.0,2840.5,2801.6,2802.4
2019-05-29,2790.3,2792.0,2766.1,2783.0
2019-05-30,2786.9,2799.0,2776.7,2788.9
2019-05-31,2766.1,2769.0,2750.5,2752.1
2019-06-03,2751.5,2763.1,2728.8,2744.4
2019-06-04,2762.6,2804.5,2762.6,2803.3
2019-06-05,2818.1,2827.3,2800.9,2826.1
2019-06-06,2828.5,2852.1,2822.4,2843.5
2019-06-07,2852.9,2885.0,2852.9,2873.3
2019-06-10,2885.8,2904.8,2885.5,2886.7
2019-06-11,2903.3,2910.6,2878.5,2885.7
2019-06-12,2882.7,2888.6,2874.7,2879.8
2019-06-13,2886.2,2895.2,2882.0,2891.6
2019-06-14,2886.8,2894.4,2879.6,2887.0
2019-06-17,2889.8,2897.3,2887.3,2889.7
2019-06-18,2906.7,2930.8,2905.4,2917.8
2019-06-19,2920.6,2931.7,2911.4,2926.5
2019-06-20,2949.6,2958.1,2931.5,2954.2
2019-06-21,2952.7,2964.1,2946.9,2950.5
2019-06-24,2951.4,2954.9,2944.1,2945.4
2019-06-25,2945.8,2946.5,2916.0,2917.4
2019-06-26,2926.1,2932.6,2913.0,2913.8
2019-06-27,2919.7,2929.3,2918.6,2924.9
2019-06-28,2932.9,2944.0,2929.1,2941.8
2019-07-01,2971.4,2977.9,2952.2,2964.3
2019-07-02,2964.7,2973.2,2955.9,2973.0
2019-07-03,2978.1,2995.8,2978.0,2995.8
2019-07-04,2999.4,3003.6,2997.4,3002.6
2019-07-05,2984.3,2994.0,2968.0,2990.4
2019-07-08,2979.8,2980.8,2970.1,2975.9
2019-07-09,2965.5,2981.9,2963.4,2979.6
2019-07-10,2989.3,3003.0,2984.6,2993.1
2019-07-11,2999.6,3002.3,2988.8,2999.9
2019-07-12,3003.4,3013.9,3001.9,3013.8
2019-07-15,3017.8,3017.8,3008.8,3014.3
2019-07-16,3012.1,3015.0,3001.1,3004.0
2019-07-17,3005.1,3005.3,2984.3,2984.4
2019-07-18,2978.9,2998.3,2973.1,2995.1
2019-07-19,3004.3,3006.0,2975.9,2976.6
2019-07-22,2981.9,2990.7,2976.6,2985.0
2019-07-23,2994.7,3005.9,2988.6,3005.5
2019-07-24,2998.8,3019.6,2996.8,3019.6
2019-07-25,3016.3,3016.3,2997.2,3003.7
2019-07-26,3013.3,3028.0,3012.6,3025.9
2019-07-29,3024.5,3025.6,3014.3,3021.0
2019-07-30,3007.7,3017.2,3000.9,3013.2
2019-07-31,3016.2,3017.4,2958.1,2980.4
2019-08-01,2980.3,3013.6,2945.2,2953.6
2019-08-02,2943.9,2945.5,2914.1,2932.1
2019-08-05,2898.1,2898.1,2822.1,2844.7
2019-08-06,2861.2,2884.4,2847.4,2881.8
2019-08-07,2858.6,2892.2,2825.7,2884.0
2019-08-08,2896.2,2938.7,2894.5,2938.1
2019-08-09,2930.5,2935.8,2900.1,2918.6
2019-08-12,2907.1,2907.6,2873.1,2883.8
2019-08-13,2880.7,2943.3,2877.1,2926.3
2019-08-14,2894.1,2894.1,2839.6,2840.6
2019-08-15,2846.2,2856.7,2825.5,2847.6
2019-08-16,2864.7,2893.6,2864.7,2888.7
2019-08-19,2913.5,2931.0,2913.5,2923.6
2019-08-20,2919.0,2923.6,2899.6,2900.5
2019-08-21,2922.0,2928.7,2917.9,2924.4
2019-08-22,2930.9,2939.1,2904.5,2922.9
2019-08-23,2911.1,2927.0,2835.0,2847.1
2019-08-26,2866.7,2879.3,2856.0,2878.4
2019-08-27,2893.1,2898.8,2860.6,2869.2
2019-08-28,2861.3,2890.0,2853.1,2887.9
2019-08-29,2910.4,2930.5,2905.7,2924.6
2019-08-30,2937.1,2940.4,2913.3,2926.5
2019-09-01,2923.5,2923.5,2893.8,2908.9
2019-09-02,2909.1,2926.5,2890.5,2902.9
2019-09-03,2909.0,2914.4,2891.9,2906.3
2019-09-04,2924.7,2938.8,2921.9,2937.8
2019-09-05,2960.6,2985.9,2960.6,2976.0
2019-09-06,2980.3,2985.0,2972.5,2978.7
2019-09-09,2988.4,2989.4,2969.4,2978.4
2019-09-10,2971.0,2979.4,2957.0,2979.4
2019-09-11,2981.4,3000.9,2975.3,3000.9
2019-09-12,3009.1,3020.7,3000.9,3009.6
2019-09-13,3012.2,3017.3,3002.9,3007.4
2019-09-16,2996.4,3002.2,2990.7,2998.0
2019-09-17,2995.7,3006.2,2993.7,3005.7
2019-09-18,3001.5,3007.8,2978.6,3006.7
2019-09-19,3010.4,3022.0,3003.2,3006.8
2019-09-20,3008.4,3016.4,2984.7,2992.1
2019-09-23,2983.5,2999.1,2982.2,2991.8
2019-09-24,3002.4,3008.0,2957.7,2966.6
2019-09-25,2968.4,2989.8,2952.9,2984.9
2019-09-26,2985.7,2987.3,2963.7,2977.6
2019-09-27,2985.5,2987.3,2945.5,2961.8
2019-09-30,2967.1,2983.9,2967.1,2976.7
2019-10-01,2983.7,2992.5,2938.7,2940.3
2019-10-02,2924.8,2924.8,2874.9,2887.6
2019-10-03,2885.4,2911.1,2855.9,2910.6
2019-10-04,2918.6,2953.7,2918.6,2952.0
2019-10-07,2944.2,2959.8,2935.7,2938.8
2019-10-08,2920.4,2925.5,2892.7,2893.1
2019-10-09,2911.1,2929.3,2907.4,2919.4
2019-10-10,2918.6,2948.5,2917.1,2938.1
2019-10-11,2963.1,2993.3,2963.1,2970.3
2019-10-14,2965.8,2972.8,2962.9,2966.1
2019-10-15,2973.6,3003.3,2973.6,2995.7
2019-10-16,2989.7,2997.5,2985.2,2989.7
2019-10-17,3000.8,3008.3,2991.8,2997.9
2019-10-18,2996.8,3000.0,2976.3,2986.2
2019-10-21,2996.5,3007.3,2995.4,3006.7
2019-10-22,3010.7,3014.6,2995.0,2996.0
2019-10-23,2994.0,3004.8,2991.2,3004.5
2019-10-24,3014.8,3016.1,3000.4,3010.3
2019-10-25,3003.3,3027.4,3001.9,3022.6
2019-10-28,3032.1,3044.1,3032.1,3039.4
2019-10-29,3035.4,3047.9,3034.8,3036.9
2019-10-30,3039.7,3050.1,3026.0,3046.8
2019-10-31,3046.9,3046.9,3023.2,3037.6
2019-11-01,3050.7,3066.9,3050.7,3066.9
2019-11-04,3079.0,3085.2,3074.9,3078.3
2019-11-05,3080.8,3083.9,3072.1,3074.6
2019-11-06,3075.1,3078.3,3065.9,3076.8
2019-11-07,3087.0,3097.8,3080.2,3085.2
2019-11-08,3081.3,3093.1,3073.6,3093.1
2019-11-11,3080.3,3088.3,3075.8,3087.0
2019-11-12,3089.3,3102.6,3084.7,3091.8
2019-11-13,3084.2,3098.1,3078.8,3094.0
2019-11-14,3090.8,3098.2,3083.3,3096.6
2019-11-15,3107.9,3120.5,3104.6,3120.5
2019-11-18,3117.9,3124.2,3112.1,3122.0
2019-11-19,3127.4,3127.6,3113.5,3120.2
2019-11-20,3114.7,3119.0,3091.4,3108.5
2019-11-21,3108.5,3110.1,3094.6,3103.5
2019-11-22,3111.4,3112.9,3099.3,3110.3
2019-11-25,3117.4,3133.8,3117.4,3133.6
2019-11-26,3134.9,3142.7,3131.0,3140.5
2019-11-27,3145.5,3154.3,3143.4,3153.6
2019-11-28,3144.6,3151.6,3142.0,3151.1
2019-11-29,3147.2,3150.3,3139.3,3141.0
2019-12-02,3143.9,3144.3,3110.8,3113.9
2019-12-03,3087.4,3095.0,3070.3,3093.2
2019-12-04,3103.5,3119.4,3102.5,3112.8
2019-12-05,3119.2,3119.4,3103.8,3117.4
2019-12-06,3134.6,3150.6,3134.6,3145.9
2019-12-09,3141.9,3148.9,3135.5,3136.0
2019-12-10,3135.4,3142.1,3126.1,3132.5
2019-12-11,3135.8,3144.0,3133.2,3141.6
2019-12-12,3141.2,3176.3,3138.5,3168.6
2019-12-13,3166.6,3182.7,3156.5,3168.8
2019-12-16,3183.6,3197.7,3183.6,3191.4
2019-12-17,3195.4,3198.2,3191.0,3192.5
2019-12-18,3195.2,3198.5,3191.1,3191.1
2019-12-19,3192.3,3205.5,3192.3,3205.4
2019-12-20,3223.3,3225.6,3216.0,3221.2
2019-12-23,3226.1,3227.8,3222.3,3224.0
2019-12-24,3225.4,3226.4,3220.5,3223.4
2019-12-25,3226.3,3228.1,3226.3,3227.4
2019-12-26,3227.2,3240.1,3227.2,3239.9
2019-12-27,3247.2,3247.9,3234.4,3240.0
2019-12-30,3240.1,3240.9,3216.6,3221.3
2019-12-31,3215.2,3231.7,3212.0,3230.8
2020-01-01,3236.0,3240.6,3234.9,3237.6
2020-01-02,3244.7,3258.1,3235.5,3257.9
2020-01-03,3226.4,3246.1,3222.3,3234.9
2020-01-06,3217.6,3246.8,3214.6,3246.3
2020-01-07,3241.9,3244.9,3232.4,3237.2
2020-01-08,3238.6,3267.1,3236.7,3253.1
2020-01-09,3266.0,3275.6,3263.7,3274.7
2020-01-10,3281.8,3283.0,3260.9,3265.4
2020-01-13,3271.1,3288.1,3268.4,3288.1
2020-01-14,3285.4,3294.3,3277.2,3283.1
2020-01-15,3282.3,3298.7,3280.7,3289.3
2020-01-16,3303.0,3317.1,3302.8,3316.8
2020-01-17,3323.7,3329.9,3318.9,3329.6
2020-01-20,3327.9,3328.4,3318.6,3322.9
2020-01-21,3321.0,3329.8,3316.6,3320.8
2020-01-22,3330.0,3337.8,3320.0,3321.8
2020-01-23,3315.8,3326.9,3301.9,3325.5
2020-01-24,3333.1,3333.2,3281.5,3295.5
2020-01-27,3247.2,3258.9,3234.5,3243.6
2020-01-28,3255.4,3285.8,3253.2,3276.2
2020-01-29,3289.5,3293.5,3271.9,3273.4
2020-01-30,3256.4,3285.9,3242.8,3283.7
2020-01-31,3282.3,3282.3,3214.7,3225.5
2020-02-03,3235.7,3268.4,3235.7,3248.9
2020-02-04,3280.6,3306.9,3280.6,3297.6
2020-02-05,3324.9,3337.6,3313.8,3334.7
2020-02-06,3344.9,3348.0,3334.4,3345.8
2020-02-07,3335.5,3341.4,3322.1,3327.7
2020-02-10,3318.3,3352.3,3317.8,3352.1
2020-02-11,3365.9,3375.6,3352.7,3357.8
2020-02-12,3370.5,3381.5,3369.7,3379.4
2020-02-13,3365.9,3385.1,3360.5,3373.9
2020-02-14,3378.1,3380.7,3366.1,3380.2
2020-02-16,3382.6,3389.4,3382.6,3387.4
2020-02-17,3387.6,3392.4,3372.1,3376.0
2020-02-18,3369.0,3375.0,3355.6,3370.3
2020-02-19,3380.4,3393.5,3378.8,3386.1
2020-02-20,3380.4,3389.1,3341.0,3373.2
2020-02-21,3360.5,3360.8,3328.4,3337.8
2020-02-24,3257.6,3259.8,3214.6,3225.9
2020-02-25,3238.9,3247.0,3118.8,3128.2
2020-02-26,3139.9,3182.5,3109.0,3116.4
2020-02-27,3062.5,3097.1,2977.4,2978.8
2020-02-28,2916.9,2959.7,2855.8,2954.2
2020-03-02,2974.3,3091.0,2945.2,3090.2
2020-03-03,3096.5,3136.7,2976.6,3003.4
2020-03-04,3045.8,3131.0,3034.4,3130.1
2020-03-05,3075.7,3083.0,2999.8,3023.9
2020-03-06,2954.2,2985.9,2901.5,2972.4
2020-03-09,2863.9,2863.9,2734.4,2746.6
2020-03-10,2813.5,2882.6,2734.0,2882.2
2020-03-11,2825.6,2825.6,2707.2,2741.4
2020-03-12,2630.9,2660.9,2478.9,2480.6
2020-03-13,2570.0,2711.3,2492.4,2711.0
2020-03-16,2508.6,2563.0,2380.9,2386.1
2020-03-17,2425.7,2553.9,2367.0,2529.2
2020-03-18,2436.5,2453.6,2280.5,2398.1
2020-03-19,2393.5,2467.0,2319.8,2409.4
2020-03-20,2431.9,2453.0,2295.6,2304.9
2020-03-23,2290.7,2300.7,2191.9,2237.4
2020-03-24,2344.4,2449.7,2344.4,2447.3
2020-03-25,2457.8,2571.4,2407.5,2475.6
2020-03-26,2501.3,2637.0,2500.7,2630.1
2020-03-27,2555.9,2615.9,2520.0,2541.5
2020-03-30,2559.0,2631.8,2545.3,2626.6
2020-03-31,2614.7,2641.4,2571.1,2584.6
2020-04-01,2498.1,2522.8,2447.5,2470.5
2020-04-02,2458.5,2533.2,2455.8,2526.9
2020-04-03,2514.9,2538.2,2460.0,2488.6
2020-04-06,2578.3,2676.9,2574.6,2663.7
2020-04-07,2738.6,2756.9,2657.7,2659.4
2020-04-08,2685.0,2760.8,2663.3,2750.0
2020-04-09,2777.0,2818.6,2762.4,2789.8
2020-04-10,2787.3,2787.3,2787.3,2787.3
2020-04-13,2782.5,2782.5,2721.2,2761.6
2020-04-14,2805.1,2851.9,2805.1,2846.1
2020-04-15,2795.6,2801.9,2761.5,2783.4
2020-04-16,2799.3,2806.5,2764.3,2799.6
2020-04-17,2842.4,2879.2,2830.9,2874.6
2020-04-20,2845.6,2869.0,2820.4,2823.2
2020-04-21,2784.8,2785.5,2727.1,2736.6
2020-04-22,2787.9,2815.1,2775.9,2799.3
2020-04-23,2810.4,2844.9,2794.3,2797.8
2020-04-24,2812.6,2842.7,2791.8,2836.7
2020-04-27,2854.6,2887.7,2852.9,2878.5
2020-04-28,2910.0,2921.1,2860.7,2863.4
2020-04-29,2918.5,2954.9,2912.2,2939.5
2020-04-30,2930.9,2930.9,2892.5,2912.4
2020-05-01,2869.1,2869.1,2821.6,2830.7
2020-05-04,2815.0,2844.2,2797.9,2842.7
2020-05-05,2868.9,2898.2,2863.6,2868.4
2020-05-06,2883.1,2891.1,2847.6,2848.4
2020-05-07,2878.3,2901.9,2876.5,2881.2
2020-05-08,2908.8,2932.2,2902.9,2929.8
2020-05-11,2915.5,2944.3,2903.4,2930.3
2020-05-12,2939.5,2945.8,2869.6,2870.1
2020-05-13,2865.9,2874.1,2793.1,2820.0
2020-05-14,2794.5,2852.8,2766.6,2852.5
2020-05-15,2829.9,2865.0,2816.8,2863.7
2020-05-18,2913.9,2968.1,2913.9,2953.9
2020-05-19,2948.6,2964.2,2922.4,2922.9
2020-05-20,2953.6,2980.3,2953.6,2971.6
2020-05-21,2969.9,2978.5,2938.6,2948.5
2020-05-22,2948.1,2956.8,2933.6,2955.4
2020-05-24,2947.9,2968.6,2947.9,2967.1
2020-05-25,2967.4,2989.9,2954.4,2982.1
2020-05-26,3004.1,3021.7,2988.2,2991.8
2020-05-27,3015.6,3036.3,2969.8,3036.1
2020-05-28,3046.6,3068.7,3023.4,3029.7
2020-05-29,3025.2,3049.2,2998.6,3044.3
2020-06-01,3038.8,3062.2,3031.5,3055.7
2020-06-02,3064.8,3081.1,3051.6,3080.8
2020-06-03,3098.9,3130.9,3098.9,3122.9
2020-06-04,3111.6,3128.9,3090.4,3112.4
2020-06-05,3163.8,3211.7,3163.8,3193.9
2020-06-08,3199.9,3233.1,3196.0,3232.4
2020-06-09,3213.3,3222.7,3193.1,3207.2
2020-06-10,3213.4,3223.3,3181.5,3190.1
2020-06-11,3123.5,3123.5,2999.5,3002.1
2020-06-12,3071.0,3088.4,2984.5,3041.3
2020-06-15,2993.8,3079.8,2965.7,3066.6
2020-06-16,3131.0,3153.4,3076.1,3124.7
2020-06-17,3136.1,3141.2,3108.0,3113.5
2020-06-18,3101.6,3120.0,3093.5,3115.3
2020-06-19,3140.3,3155.5,3083.1,3097.7
2020-06-22,3094.4,3120.9,3079.4,3117.9
2020-06-23,3138.7,3154.9,3127.1,3131.3
2020-06-24,3114.4,3115.0,3032.1,3050.3
2020-06-25,3046.6,3086.3,3024.0,3083.8
2020-06-26,3073.2,3073.7,3004.6,3009.1
2020-06-29,3018.6,3053.9,2999.7,3053.2
2020-06-30,3050.2,3111.5,3047.8,3100.3
2020-07-01,3105.9,3128.4,3101.2,3115.9
2020-07-02,3143.6,3165.8,3124.5,3130.0
2020-07-03,3126.6,3138.6,3105.8,3115.6
2020-07-06,3155.3,3182.6,3155.3,3179.7
2020-07-07,3166.4,3184.1,3142.9,3145.3
2020-07-08,3153.1,3171.8,3136.5,3169.9
2020-07-09,3176.2,3179.8,3115.7,3152.1
2020-07-10,3152.5,3186.8,3136.2,3185.0
2020-07-13,3205.1,3235.3,3149.4,3155.2
2020-07-14,3141.1,3200.9,3127.7,3197.5
2020-07-15,3226.0,3238.3,3200.8,3226.6
2020-07-16,3208.4,3220.4,3198.6,3215.6
2020-07-17,3224.2,3233.5,3205.6,3224.7
2020-07-20,3224.3,3258.6,3215.2,3251.8
2020-07-21,3268.5,3277.3,3247.8,3257.3
2020-07-22,3254.9,3279.3,3253.1,3276.0
2020-07-23,3271.6,3280.0,3222.7,3235.7
2020-07-24,3218.6,3227.3,3200.1,3215.6
2020-07-27,3219.8,3241.4,3214.3,3239.4
2020-07-28,3234.3,3243.7,3216.2,3218.4
2020-07-29,3227.2,3264.7,3227.2,3258.4
2020-07-30,3231.8,3250.9,3204.1,3246.2
2020-07-31,3270.4,3272.2,3220.3,3271.1
2020-08-03,3288.3,3302.7,3284.5,3294.6
2020-08-04,3289.9,3306.8,3286.4,3306.5
2020-08-05,3317.4,3330.8,3317.4,3327.8
2020-08-06,3323.2,3351.0,3318.1,3349.2
2020-08-07,3340.1,3352.5,3328.7,3351.3
2020-08-10,3356.0,3363.3,3335.4,3360.5
2020-08-11,3370.3,3381.0,3326.4,3333.7
2020-08-12,3355.5,3387.9,3355.5,3380.4
2020-08-13,3372.9,3387.2,3363.4,3373.4
2020-08-14,3368.7,3378.5,3361.6,3372.9
2020-08-17,3380.9,3387.6,3379.2,3382.0
2020-08-18,3387.0,3395.1,3370.1,3389.8
2020-08-19,3392.5,3399.5,3369.7,3374.9
2020-08-20,3360.5,3390.8,3354.7,3385.5
2020-08-21,3386.0,3400.0,3379.3,3397.2
2020-08-24,3418.1,3432.1,3413.1,3431.3
2020-08-25,3435.9,3444.2,3425.8,3443.6
2020-08-26,3450.0,3481.1,3444.1,3478.7
2020-08-27,3485.1,3501.4,3468.4,3484.6
2020-08-28,3494.7,3509.2,3484.3,3508.0
2020-08-31,3509.7,3514.8,3493.3,3500.3
2020-09-01,3507.4,3528.0,3494.6,3526.6
2020-09-02,3543.8,3588.1,3535.2,3580.8
2020-09-03,3564.7,3564.9,3427.4,3455.1
2020-09-04,3453.6,3479.1,3349.6,3427.0
2020-09-06,3414.8,3421.3,3382.0,3405.4
2020-09-07,3406.0,3443.4,3392.3,3439.9
2020-09-08,3371.9,3380.0,3329.3,3331.8
2020-09-09,3369.8,3424.8,3366.8,3399.0
2020-09-10,3412.6,3425.6,3329.3,3339.2
2020-09-11,3352.7,3368.9,3310.5,3341.0
2020-09-14,3363.6,3402.9,3363.6,3383.5
2020-09-15,3407.7,3419.5,3389.3,3401.2
2020-09-16,3411.2,3428.9,3384.4,3385.5
2020-09-17,3346.9,3375.2,3328.8,3357.0
2020-09-18,3357.4,3362.3,3292.4,3319.5
2020-09-21,3285.6,3285.6,3229.1,3281.1
2020-09-22,3295.8,3320.3,3270.9,3315.6
2020-09-23,3320.1,3323.4,3232.6,3236.9
2020-09-24,3226.1,3278.7,3209.4,3246.6
2020-09-25,3236.7,3306.9,3228.4,3298.5
2020-09-28,3333.9,3360.7,3332.9,3351.6
2020-09-29,3350.9,3357.9,3327.5,3335.5
2020-09-30,3341.2,3393.6,3340.5,3363.0
2020-10-01,3385.9,3397.2,3361.4,3380.8
2020-10-02,3338.9,3369.1,3323.7,3348.4
2020-10-05,3367.3,3409.6,3367.3,3408.6
2020-10-06,3408.7,3431.6,3354.5,3360.9
2020-10-07,3384.6,3426.3,3384.6,3419.4
2020-10-08,3434.3,3447.3,3428.1,3446.8
2020-10-09,3459.7,3482.3,3458.1,3477.1
2020-10-12,3500.0,3549.9,3499.6,3534.2
2020-10-13,3534.0,3534.0,3500.9,3511.9
2020-10-14,3515.5,3527.9,3480.6,3488.7
2020-10-15,3453.7,3489.1,3440.9,3483.3
2020-10-16,3493.5,3515.8,3480.4,3483.8
2020-10-19,3493.7,3502.4,3419.9,3426.9
2020-10-20,3439.4,3476.9,3435.6,3443.1
2020-10-21,3439.9,3464.9,3433.1,3435.6
2020-10-22,3438.5,3460.5,3415.3,3453.5
2020-10-23,3464.9,3466.5,3440.4,3465.4
2020-10-26,3441.4,3441.4,3364.9,3401.0
2020-10-27,3403.1,3409.5,3388.7,3390.7
2020-10-28,3342.5,3342.5,3268.9,3271.0
2020-10-29,3277.2,3341.1,3259.8,3310.1
2020-10-30,3293.6,3304.9,3233.9,3270.0
2020-11-02,3296.2,3330.1,3279.7,3310.2
2020-11-03,3336.3,3389.5,3336.3,3369.2
2020-11-04,3406.5,3486.3,3405.2,3443.4
2020-11-05,3485.7,3529.1,3485.7,3510.4
2020-11-06,3508.3,3521.6,3484.3,3509.4
2020-11-09,3583.0,3646.0,3547.5,3550.5
2020-11-10,3543.3,3557.2,3511.9,3545.5
2020-11-11,3563.2,3581.2,3557.0,3572.7
2020-11-12,3562.7,3569.0,3518.6,3537.0
2020-11-13,3552.6,3593.7,3552.6,3585.1
2020-11-16,3600.2,3628.5,3600.2,3626.9
2020-11-17,3610.3,3623.1,3588.7,3609.5
2020-11-18,3612.1,3619.1,3567.3,3567.8
2020-11-19,3559.4,3585.2,3543.8,3581.9
2020-11-20,3579.3,3581.2,3556.9,3557.5
2020-11-23,3566.8,3589.8,3552.8,3577.6
2020-11-24,3594.5,3642.3,3594.5,3635.4
2020-11-25,3635.5,3635.5,3617.8,3629.6
2020-11-26,3631.6,3638.6,3614.1,3620.8
2020-11-27,3638.6,3644.3,3629.3,3638.4
2020-11-30,3634.2,3634.2,3594.4,3621.6
2020-12-01,3645.9,3678.4,3645.9,3662.4
2020-12-02,3653.8,3671.0,3644.8,3669.0
2020-12-03,3668.3,3682.7,3657.2,3666.7
2020-12-04,3670.9,3699.2,3670.9,3699.1
2020-12-07,3694.7,3697.4,3678.9,3692.0
2020-12-08,3683.1,3708.4,3678.8,3702.3
2020-12-09,3706.0,3712.4,3660.5,3672.8
2020-12-10,3659.1,3678.5,3645.2,3668.1
2020-12-11,3656.1,3665.9,3633.4,3663.5
2020-12-14,3675.3,3697.6,3645.8,3647.5
2020-12-15,3666.4,3695.3,3659.6,3694.6
2020-12-16,3696.3,3711.3,3688.6,3701.2
2020-12-17,3713.6,3725.1,3710.9,3722.5
2020-12-18,3722.4,3726.7,3685.8,3709.4
2020-12-21,3684.3,3702.9,3636.5,3694.9
2020-12-22,3698.1,3698.3,3676.2,3687.3
2020-12-23,3693.4,3711.2,3689.3,3690.0
2020-12-24,3694.0,3703.8,3689.3,3703.1
2020-12-28,3723.0,3740.5,3723.0,3735.4
2020-12-29,3750.0,3756.1,3723.3,3727.0
2020-12-30,3736.2,3744.6,3730.2,3732.0
2020-12-31,3733.3,3760.2,3726.9,3756.1
2021-01-01,3748.8,3748.8,3748.8,3748.8
2021-01-04,3764.6,3770.0,3662.7,3700.6
2021-01-05,3698.0,3737.8,3695.1,3726.9
2021-01-06,3712.2,3783.0,3705.3,3748.1
2021-01-07,3764.7,3811.6,3764.7,3803.8
2021-01-08,3815.1,3826.7,3783.6,3824.7
2021-01-11,3803.1,3817.9,3789.0,3799.6
2021-01-12,3801.6,3810.8,3776.5,3801.2
2021-01-13,3802.2,3821.0,3791.5,3809.8
2021-01-14,3815.0,3823.6,3792.9,3795.5
2021-01-15,3788.7,3788.7,3749.6,3768.3
2021-01-17,3745.4,3759.9,3745.4,3750.0
2021-01-18,3749.4,3773.4,3743.0,3773.1
2021-01-19,3781.9,3804.5,3780.4,3798.9
2021-01-20,3816.2,3859.8,3816.2,3851.9
2021-01-21,3857.5,3861.4,3845.1,3853.1
2021-01-22,3844.2,3852.3,3830.4,3841.5
2021-01-25,3851.7,3859.2,3797.2,3855.4
2021-01-26,3863.0,3870.9,3847.8,3849.6
2021-01-27,3836.8,3836.8,3732.5,3750.8
2021-01-28,3755.8,3830.5,3755.8,3787.4
2021-01-29,3778.1,3778.1,3694.1,3714.2
2021-02-01,3731.2,3784.3,3725.6,3773.9
2021-02-02,3791.8,3843.1,3791.8,3826.3
2021-02-03,3840.3,3847.5,3816.7,3830.2
2021-02-04,3836.7,3872.4,3836.7,3871.7
2021-02-05,3878.3,3894.6,3874.9,3886.8
2021-02-08,3892.6,3915.8,3892.6,3915.6
2021-02-09,3910.5,3918.4,3902.6,3911.2
2021-02-10,3920.8,3931.5,3884.9,3909.9
2021-02-11,3916.4,3926.0,3890.4,3916.4
2021-02-12,3911.6,3937.2,3905.8,3934.8
2021-02-14,3935.5,3939.9,3935.5,3936.4
2021-02-15,3936.4,3951.9,3935.9,3947.4
2021-02-16,3939.6,3950.4,3923.9,3932.6
2021-02-17,3918.5,3933.6,3900.4,3931.3
2021-02-18,3915.9,3922.0,3885.0,3914.0
2021-02-19,3921.2,3930.4,3903.1,3906.7
2021-02-22,3885.6,3902.9,3874.7,3876.5
2021-02-23,3857.1,3896.0,3805.6,3881.4
2021-02-24,3873.7,3928.6,3859.6,3925.4
2021-02-25,3915.8,3925.0,3814.0,3829.3
2021-02-26,3839.7,3861.1,3789.5,3811.1
2021-03-01,3842.5,3914.5,3842.5,3901.8
2021-03-02,3903.6,3906.4,3868.6,3870.3
2021-03-03,3864.0,3874.5,3818.9,3819.7
2021-03-04,3818.5,3843.7,3723.3,3768.5
2021-03-05,3793.6,3851.7,3730.2,3841.9
2021-03-08,3844.4,3881.1,3819.3,3821.4
2021-03-09,3851.9,3903.8,3851.9,3875.4
2021-03-10,3892.0,3917.4,3885.7,3898.8
2021-03-11,3915.5,3960.3,3915.5,3939.3
2021-03-12,3924.5,3945.0,3915.2,3943.3
2021-03-15,3943.0,3970.1,3923.5,3968.9
2021-03-16,3973.6,3981.0,3953.4,3962.7
2021-03-17,3949.6,3983.9,3935.7,3974.1
2021-03-18,3953.5,3969.6,3910.9,3915.5
2021-03-19,3913.1,3930.1,3886.8,3913.1
2021-03-22,3916.5,3955.3,3914.2,3940.6
2021-03-23,3937.6,3949.1,3901.6,3910.5
2021-03-24,3919.9,3942.1,3889.1,3889.1
2021-03-25,3879.3,3919.5,3853.5,3909.5
2021-03-26,3917.1,3978.2,3917.1,3974.5
2021-03-29,3969.3,3981.8,3943.3,3971.1
2021-03-30,3963.3,3968.0,3944.4,3958.6
2021-03-31,3967.3,3994.4,3967.0,3972.9
2021-04-01,3992.8,4020.6,3992.8,4019.9
2021-04-02,4014.5,4038.0,4012.5,4067.8
2021-04-05,4034.4,4083.4,4034.4,4077.9
2021-04-06,4075.6,4086.2,4068.1,4073.9
2021-04-07,4074.3,4083.1,4068.3,4079.9
2021-04-08,4089.9,4098.2,4082.5,4097.2
2021-04-09,4096.1,4129.5,4095.5,4128.8
2021-04-12,4124.7,4131.8,4114.8,4128.0
2021-04-13,4130.1,4148.0,4124.4,4141.6
2021-04-14,4141.6,4151.7,4120.9,4124.7
2021-04-15,4139.8,4173.5,4139.8,4170.4
2021-04-16,4174.1,4191.3,4170.8,4185.5
2021-04-19,4179.8,4180.8,4150.5,4163.3
2021-04-20,4159.2,4159.2,4118.4,4134.9
2021-04-21,4128.4,4175.0,4126.4,4173.4
2021-04-22,4170.5,4179.6,4123.7,4135.0
2021-04-23,4138.8,4194.2,4138.8,4180.2
2021-04-26,4185.0,4194.2,4182.4,4187.6
2021-04-27,4188.3,4193.4,4176.2,4186.7
2021-04-28,4185.1,4201.5,4181.8,4183.2
2021-04-29,4206.1,4218.8,4176.8,4211.5
2021-04-30,4198.1,4198.1,4174.9,4181.2
2021-05-03,4192.0,4209.4,4188.0,4192.7
2021-05-04,4179.0,4179.0,4128.6,4164.7
2021-05-05,4177.1,4187.7,4160.9,4167.6
2021-05-06,4169.1,4202.7,4147.3,4201.6
2021-05-07,4210.3,4238.0,4201.6,4232.6
2021-05-10,4228.3,4236.4,4188.1,4188.4
2021-05-11,4150.3,4162.0,4111.5,4152.1
2021-05-12,4130.5,4134.7,4056.9,4063.0
2021-05-13,4075.0,4131.6,4075.0,4112.5
2021-05-14,4129.6,4183.1,4129.6,4173.9
2021-05-17,4169.9,4171.9,4142.7,4163.3
2021-05-18,4165.9,4169.1,4126.0,4127.8
2021-05-19,4098.5,4116.9,4061.4,4115.7
2021-05-20,4122.0,4172.8,4122.0,4159.1
2021-05-21,4168.6,4188.7,4151.7,4155.9
2021-05-24,4170.2,4209.5,4170.2,4197.0
2021-05-25,4205.9,4213.4,4182.5,4188.1
2021-05-26,4191.6,4202.6,4184.1,4196.0
2021-05-27,4201.9,4213.4,4197.8,4200.9
2021-05-28,4210.8,4218.4,4203.6,4204.1
2021-05-30,4203.3,4210.4,4203.1,4207.4
2021-05-31,4206.9,4209.9,4190.4,4200.6
2021-06-01,4216.5,4234.1,4197.6,4202.0
2021-06-02,4206.8,4217.4,4198.3,4208.1
2021-06-03,4191.4,4204.4,4167.9,4192.9
2021-06-04,4206.0,4233.5,4206.0,4229.9
2021-06-07,4229.3,4232.3,4215.7,4226.5
2021-06-08,4233.8,4236.7,4208.4,4227.3
2021-06-09,4233.0,4237.1,4218.7,4219.5
2021-06-10,4228.6,4249.7,4220.3,4239.2
2021-06-11,4242.9,4248.4,4232.3,4247.4
2021-06-14,4248.3,4255.6,4234.1,4255.1
2021-06-15,4255.3,4257.2,4238.4,4246.6
2021-06-16,4248.9,4251.9,4202.5,4223.7
2021-06-17,4220.4,4232.3,4196.0,4221.9
2021-06-18,4204.8,4204.8,4164.4,4166.5
2021-06-21,4173.4,4226.2,4173.4,4224.8
2021-06-22,4224.6,4255.8,4217.3,4246.4
2021-06-23,4249.3,4256.6,4241.4,4241.8
2021-06-24,4257.0,4271.3,4257.0,4266.5
2021-06-25,4274.5,4286.1,4271.2,4280.7
2021-06-28,4284.9,4292.1,4274.7,4290.6
2021-06-29,4293.2,4300.5,4287.0,4291.8
2021-06-30,4290.6,4302.4,4288.0,4297.5
2021-07-01,4300.7,4320.7,4300.7,4319.9
2021-07-02,4326.6,4355.4,4326.6,4352.3
2021-07-04,4338.8,4342.6,4338.3,4339.1
2021-07-05,4339.4,4347.4,4333.1,4346.4
2021-07-06,4356.5,4356.5,4314.4,4343.5
2021-07-07,4351.0,4361.9,4329.8,4358.1
2021-07-08,4321.1,4330.9,4289.4,4320.8
2021-07-09,4329.4,4371.6,4329.4,4369.5
2021-07-12,4372.4,4386.7,4364.0,4384.6
2021-07-13,4381.1,4392.4,4366.9,4369.2
2021-07-14,4380.1,4393.7,4362.4,4374.3
2021-07-15,4369.0,4369.0,4340.7,4360.0
2021-07-16,4367.4,4375.1,4322.5,4327.2
2021-07-18,4327.5,4328.5,4311.7,4316.0
2021-07-19,4316.2,4317.5,4233.0,4270.3
2021-07-20,4270.0,4337.0,4261.5,4332.8
2021-07-21,4332.6,4364.9,4318.3,4362.4
2021-07-22,4361.9,4379.7,4350.0,4377.5
2021-07-23,4377.3,4415.3,4375.8,4406.9
2021-07-26,4403.7,4424.6,4383.7,4419.6
2021-07-27,4419.4,4420.6,4372.5,4399.9
2021-07-28,4399.7,4415.6,4387.3,4401.7
2021-07-29,4401.4,4430.2,4387.9,4394.1
2021-07-30,4393.6,4412.3,4377.8,4402.1
2021-08-01,4404.8,4415.9,4403.0,4414.2
2021-08-02,4413.9,4426.7,4385.0,4394.0
2021-08-03,4393.8,4424.3,4373.2,4415.8
2021-08-04,4416.0,4422.6,4399.8,4405.1
2021-08-05,4405.3,4429.9,4401.6,4423.9
2021-08-06,4424.1,4440.1,4423.4,4437.5
2021-08-08,4435.1,4435.5,4419.5,4421.8
2021-08-09,4421.5,4438.7,4419.1,4432.3
2021-08-10,4432.1,4445.4,4423.6,4434.3
2021-08-11,4434.4,4449.8,4427.6,4445.0
2021-08-12,4444.8,4462.0,4436.2,4458.1
2021-08-13,4458.6,4468.8,4456.8,4465.8
2021-08-15,4462.9,4464.5,4460.9,4463.3
2021-08-16,4463.5,4481.5,4438.0,4476.1
2021-08-17,4476.0,4476.5,4417.5,4437.9
2021-08-18,4438.4,4454.0,4386.6,4396.2
2021-08-19,4396.0,4418.6,4352.5,4398.6
2021-08-20,4399.1,4444.5,4376.1,4442.1
2021-08-22,4439.1,4446.3,4437.6,4444.0
2021-08-23,4443.8,4489.9,4443.4,4487.2
2021-08-24,4487.5,4495.8,4480.8,4485.7
2021-08-25,4485.4,4502.1,4480.4,4496.1
2021-08-26,4496.3,4496.6,4468.2,4469.7
2021-08-27,4469.2,4513.4,4465.9,4510.7
2021-08-29,4511.1,4516.5,4509.4,4514.3
2021-08-30,4514.3,4537.6,4504.3,4529.8
2021-08-31,4529.8,4544.6,4516.2,4530.3
2021-09-01,4530.8,4542.0,4522.1,4525.2
2021-09-02,4524.9,4545.8,4517.9,4536.0
2021-09-03,4536.7,4546.9,4521.4,4535.0
2021-09-05,4535.4,4536.0,4529.4,4529.7
2021-09-06,4529.4,4549.4,4525.4,4540.7
2021-09-07,4540.6,4542.4,4512.9,4515.8
2021-09-08,4515.8,4525.5,4493.8,4508.3
2021-09-09,4509.1,4529.9,4487.3,4491.9
2021-09-10,4492.4,4519.1,4457.7,4462.1
2021-09-12,4462.0,4476.8,4462.0,4475.8
2021-09-13,4476.0,4493.8,4445.8,4475.6
2021-09-14,4475.3,4488.8,4435.3,4450.7
2021-09-15,4450.5,4486.6,4437.8,4484.2
2021-09-16,4483.9,4487.0,4443.0,4467.1
2021-09-17,4466.9,4481.9,4418.1,4418.9
2021-09-19,4422.9,4427.4,4415.6,4426.9
2021-09-20,4427.6,4428.9,4305.6,4366.9
2021-09-21,4366.9,4406.4,4341.6,4342.1
2021-09-22,4341.6,4416.8,4332.2,4403.1
2021-09-23,4403.3,4465.6,4401.8,4451.8
2021-09-24,4451.8,4463.5,4421.6,4456.4
2021-09-26,4457.3,4464.4,4456.3,4462.7
2021-09-27,4462.9,4482.4,4435.8,4440.1
2021-09-28,4440.3,4451.8,4346.3,4365.5
2021-09-29,4365.2,4388.7,4354.8,4372.1
2021-09-30,4371.9,4397.9,4305.2,4316.2
2021-10-01,4315.5,4375.5,4270.8,4361.4
2021-10-03,4358.5,4372.0,4357.5,4368.1
2021-10-04,4367.5,4368.6,4278.8,4303.6
2021-10-05,4303.7,4369.5,4279.7,4338.3
2021-10-06,4338.5,4380.6,4284.1,4374.9
2021-10-07,4374.4,4430.3,4372.1,4409.6
2021-10-08,4408.8,4416.6,4385.8,4389.6
2021-10-10,4391.2,4396.7,4362.4,4367.7
2021-10-11,4366.2,4416.0,4351.7,4357.7
2021-10-12,4358.2,4374.7,4327.6,4337.8
2021-10-13,4338.4,4373.7,4329.6,4371.6
2021-10-14,4371.1,4447.1,4371.1,4445.4
2021-10-15,4445.4,4476.0,4435.4,4473.2
2021-10-17,4475.8,4478.1,4461.1,4461.3
2021-10-18,4461.8,4488.8,4445.1,4486.8
2021-10-19,4486.8,4526.2,4481.5,4524.6
2021-10-20,4525.4,4540.8,4513.4,4529.0
2021-10-21,4529.3,4551.8,4518.8,4538.3
2021-10-22,4538.8,4559.7,4524.1,4538.1
2021-10-24,4538.0,4540.6,4531.0,4534.0
2021-10-25,4534.2,4575.6,4534.1,4575.1
2021-10-26,4576.3,4598.4,4569.3,4578.0
2021-10-27,4577.6,4584.6,4552.5,4561.8
2021-10-28,4562.0,4598.0,4553.5,4582.5
2021-10-29,4583.0,4610.6,4567.5,4609.1
2021-10-31,4616.0,4620.4,4610.4,4617.8
2021-11-01,4618.2,4626.9,4594.8,4611.6
2021-11-02,4611.5,4635.1,4601.5,4627.0
2021-11-03,4627.3,4667.7,4621.3,4666.7
2021-11-04,4666.5,4684.2,4658.2,4683.9
2021-11-05,4683.7,4718.3,4674.7,4692.4
2021-11-07,4685.7,4696.5,4685.7,4691.4
2021-11-08,4691.0,4714.2,4683.7,4695.8
2021-11-09,4696.1,4707.2,4670.6,4677.7
2021-11-10,4677.8,4686.1,4631.0,4647.3
2021-11-11,4647.8,4666.8,4646.5,4656.4
2021-11-12,4656.4,4690.5,4649.7,4686.8
2021-11-14,4688.4,4694.5,4688.4,4690.0
2021-11-15,4690.3,4702.5,4673.0,4685.1
2021-11-16,4685.4,4715.0,4675.9,4703.3
2021-11-17,4702.9,4704.9,4684.4,4692.0
2021-11-18,4691.9,4710.9,4672.2,4708.8
2021-11-19,4708.6,4727.2,4688.4,4701.2
2021-11-21,4704.1,4707.8,4700.8,4700.8
2021-11-22,4700.9,4743.7,4677.7,4688.4
2021-11-23,4688.7,4699.0,4652.7,4685.2
2021-11-24,4685.7,4705.9,4659.9,4704.8
2021-11-25,4704.9,4719.9,4689.4,4690.7
2021-11-26,4690.7,4690.9,4581.5,4582.6
2021-11-28,4593.3,4634.0,4593.3,4629.0
2021-11-29,4629.1,4673.1,4623.4,4665.6
2021-11-30,4665.8,4670.1,4560.3,4586.1
2021-12-01,4586.6,4653.2,4501.3,4528.5
2021-12-02,4529.1,4595.7,4507.8,4563.3
2021-12-03,4563.3,4607.6,4494.7,4533.6
2021-12-05,4545.3,4560.8,4538.0,4559.0
2021-12-06,4559.1,4612.8,4533.8,4594.8
2021-12-07,4595.5,4698.7,4589.0,4691.1
2021-12-08,4690.9,4713.0,4674.4,4697.9
2021-12-09,4697.8,4707.4,4663.6,4673.3
2021-12-10,4674.0,4713.4,4665.3,4712.9
2021-12-12,4713.6,4721.9,4713.6,4720.7
2021-12-13,4720.6,4731.9,4665.8,4674.1
2021-12-14,4674.5,4686.1,4606.4,4636.4
2021-12-15,4636.9,4721.0,4611.4,4717.0
2021-12-16,4716.9,4752.0,4651.4,4666.7
2021-12-17,4667.2,4676.5,4600.5,4629.6
2021-12-19,4622.9,4631.0,4593.5,4594.6
2021-12-20,4595.6,4601.9,4530.9,4588.4
2021-12-21,4588.6,4652.5,4575.9,4647.0
2021-12-22,4647.3,4702.6,4632.6,4700.8
2021-12-23,4700.1,4740.5,4694.7,4726.4
2021-12-26,4729.1,4734.4,4727.4,4732.1
2021-12-27,4732.5,4792.8,4722.9,4787.1
2021-12-28,4787.6,4806.8,4779.7,4794.7
2021-12-29,4795.0,4803.7,4778.8,4788.7
2021-12-30,4788.5,4808.5,4776.2,4781.3
2021-12-31,4781.6,4786.8,4759.7,4777.8
2022-01-02,4779.4,4785.2,4779.4,4783.0
2022-01-03,4783.5,4798.9,4756.6,4792.2
2022-01-04,4792.6,4817.9,4774.2,4787.2
2022-01-05,4787.2,4797.2,4691.1,4707.0
2022-01-06,4707.3,4725.1,4671.4,4707.7
2022-01-07,4707.8,4714.1,4662.7,4676.2
2022-01-09,4679.4,4682.0,4659.3,4666.3
2022-01-10,4666.5,4690.1,4581.4,4674.8
2022-01-11,4674.3,4716.1,4636.8,4712.8
2022-01-12,4712.5,4748.7,4704.2,4725.6
2022-01-13,4726.1,4744.7,4650.4,4662.8
2022-01-14,4662.8,4674.6,4614.9,4671.8
2022-01-16,4676.8,4678.6,4662.3,4664.7
2022-01-17,4664.5,4674.2,4647.0,4664.9
2022-01-18,4665.7,4669.9,4568.9,4576.6
2022-01-19,4576.8,4610.9,4523.5,4524.0
2022-01-20,4525.7,4602.5,4446.3,4470.2
2022-01-21,4470.6,4494.6,4390.5,4392.5
2022-01-23,4396.8,4422.9,4394.8,4422.6
2022-01-24,4422.1,4435.2,4221.8,4410.3
2022-01-25,4411.4,4412.9,4286.1,4366.2
2022-01-26,4365.9,4454.4,4304.6,4374.5
2022-01-27,4374.0,4429.3,4273.0,4343.9
2022-01-28,4342.6,4433.9,4274.9,4428.4
2022-01-30,4431.6,4435.7,4411.1,4420.6
2022-01-31,4420.3,4516.2,4403.9,4502.4
2022-02-01,4502.9,4563.9,4484.1,4560.4
2022-02-02,4560.5,4594.8,4539.2,4540.1
2022-02-03,4540.1,4552.9,4471.4,4526.9
2022-02-04,4527.2,4540.0,4447.2,4492.6
2022-02-06,4507.3,4508.0,4496.7,4507.0
2022-02-07,4507.1,4522.5,4471.2,4495.0
2022-02-08,4495.2,4533.5,4465.2,4532.7
2022-02-09,4532.7,4592.1,4525.5,4586.5
2022-02-10,4586.5,4590.3,4484.2,4491.9
2022-02-11,4492.2,4527.4,4401.4,4425.1
2022-02-13,4419.3,4427.3,4408.1,4424.1
2022-02-14,4424.6,4433.9,4361.0,4409.7
2022-02-15,4410.5,4474.4,4388.1,4458.9
2022-02-16,4458.4,4489.8,4429.6,4466.9
2022-02-17,4466.7,4473.4,4373.0,4383.6
2022-02-18,4383.4,4416.6,4326.7,4349.6
2022-02-20,4328.5,4339.0,4322.0,4327.7
2022-02-21,4327.5,4396.4,4255.5,4278.1
2022-02-22,4277.4,4363.5,4265.9,4329.2
2022-02-23,4329.6,4350.4,4213.9,4222.9
2022-02-24,4223.2,4295.2,4106.8,4266.1
2022-02-25,4265.8,4388.4,4233.0,4386.8
2022-02-27,4298.1,4308.4,4259.1,4289.2
2022-02-28,4288.6,4388.8,4264.2,4381.5
2022-03-01,4381.5,4402.4,4279.8,4321.0
2022-03-02,4321.5,4400.9,4282.4,4378.3
2022-03-03,4378.9,4421.6,4345.2,4374.6
2022-03-04,4375.6,4376.9,4284.6,4322.4
2022-03-06,4306.3,4306.3,4266.0,4272.2
2022-03-07,4271.8,4327.6,4184.0,4188.7
2022-03-08,4188.9,4277.0,4142.8,4171.3
2022-03-09,4172.0,4299.4,4167.1,4278.0
2022-03-10,4278.3,4283.2,4209.4,4265.1
2022-03-11,4265.9,4336.4,4199.4,4206.9
2022-03-13,4227.0,4236.0,4216.9,4233.1
2022-03-14,4232.7,4254.2,4161.3,4181.8
2022-03-15,4181.6,4271.0,4137.9,4256.8
2022-03-16,4256.6,4374.8,4247.4,4365.0
2022-03-17,4364.8,4415.6,4329.3,4388.7
2022-03-18,4388.9,4474.7,4373.2,4474.2
2022-03-20,4468.7,4472.7,4460.7,4461.4
2022-03-21,4461.7,4482.2,4424.1,4453.8
2022-03-22,4453.1,4521.7,4441.5,4517.6
2022-03-23,4517.4,4521.9,4453.1,4460.2
2022-03-24,4460.3,4524.4,4453.8,4517.7
2022-03-25,4517.8,4546.1,4501.1,4542.8
2022-03-27,4542.7,4546.6,4534.0,4534.4
2022-03-28,4533.5,4579.1,4517.4,4574.4
2022-03-29,4575.2,4637.3,4572.2,4627.5
2022-03-30,4627.2,4633.0,4580.7,4604.2
2022-03-31,4604.4,4620.0,4532.9,4547.7
2022-04-01,4548.0,4560.4,4507.4,4543.7
2022-04-03,4544.7,4545.2,4534.8,4536.4
2022-04-04,4536.9,4585.7,4533.6,4578.8
2022-04-05,4579.0,4593.7,4514.9,4528.2
2022-04-06,4528.2,4533.4,4449.8,4466.0
2022-04-07,4465.2,4521.2,4450.3,4507.2
2022-04-08,4506.4,4524.3,4474.6,4488.0
2022-04-10,4493.7,4495.7,4481.1,4481.3
2022-04-11,4481.0,4485.9,4408.6,4411.3
2022-04-12,4411.3,4470.9,4380.8,4410.3
2022-04-13,4410.0,4453.9,4388.4,4443.0
2022-04-14,4443.3,4460.4,4389.9,4393.8
2022-04-17,4393.6,4393.6,4362.1,4363.2
2022-04-18,4362.9,4415.8,4361.6,4415.6
2022-04-19,4414.8,4470.7,4376.7,4447.8
2022-04-20,4447.3,4488.4,4437.4,4475.3
2022-04-21,4475.3,4512.7,4380.5,4381.9
2022-04-22,4381.8,4396.9,4252.8,4256.3
2022-04-24,4264.8,4272.1,4255.2,4263.6
2022-04-25,4263.6,4301.0,4200.3,4295.1
2022-04-26,4295.0,4308.1,4142.2,4178.6
2022-04-27,4178.9,4241.2,4163.1,4217.8
2022-04-28,4217.2,4308.5,4188.1,4250.4
2022-04-29,4250.9,4284.6,4124.4,4141.8
2022-05-01,4146.0,4152.4,4122.1,4137.0
2022-05-02,4136.9,4169.9,4062.1,4153.8
2022-05-03,4153.3,4200.6,4134.6,4181.5
2022-05-04,4181.5,4307.6,4148.7,4292.4
2022-05-05,4292.6,4305.4,4105.5,4152.8
2022-05-06,4153.3,4157.8,4067.9,4117.3
2022-05-08,4095.3,4103.5,4080.0,4085.2
2022-05-09,4085.2,4098.0,3975.1,4004.0
2022-05-10,4004.2,4069.5,3958.2,3996.7
2022-05-11,3996.4,4055.2,3929.1,3945.9
2022-05-12,3945.8,3964.8,3859.0,3945.5
2022-05-13,3945.3,4039.0,3941.5,4018.0
2022-05-15,4028.2,4045.2,4022.6,4039.3
2022-05-16,4039.1,4046.7,3983.5,4011.5
2022-05-17,4011.8,4097.5,4006.8,4088.1
2022-05-18,4088.3,4091.6,3900.7,3900.9
2022-05-19,3899.3,3945.9,3858.9,3910.8
2022-05-20,3911.9,3952.2,3810.2,3904.3
2022-05-22,3925.5,3939.9,3920.8,3938.4
2022-05-23,3938.4,3984.3,3909.1,3950.0
2022-05-24,3949.2,3965.5,3874.8,3960.7
2022-05-25,3959.3,3999.5,3917.0,3971.5
2022-05-26,3970.9,4075.1,3962.5,4058.3
2022-05-27,4058.2,4169.8,4043.4,4169.4
2022-05-29,4166.8,4174.8,4159.7,4169.6
2022-05-30,4169.3,4204.1,4163.2,4179.4
2022-05-31,4179.7,4180.7,4105.3,4149.2
2022-06-01,4149.6,4166.0,4073.9,4088.8
2022-06-02,4088.8,4189.8,4074.1,4182.7
2022-06-03,4182.5,4185.0,4098.4,4110.1
2022-06-05,4114.9,4118.0,4106.0,4110.1
2022-06-06,4109.0,4169.0,4106.2,4122.5
2022-06-07,4122.5,4164.5,4077.3,4147.8
2022-06-08,4147.7,4160.4,4106.9,4119.0
2022-06-09,4119.8,4144.3,4016.8,4023.4
2022-06-10,4023.9,4030.8,3897.8,3908.8
2022-06-12,3872.3,3877.4,3860.8,3863.2
2022-06-13,3863.8,3864.3,3734.3,3759.1
2022-06-14,3758.9,3803.9,3705.3,3756.3
2022-06-15,3756.3,3838.0,3721.0,3816.3
2022-06-16,3816.1,3828.2,3639.5,3674.3
2022-06-17,3674.6,3709.7,3636.8,3680.1
2022-06-19,3681.4,3704.7,3681.4,3702.5
2022-06-20,3702.4,3721.0,3659.5,3713.4
2022-06-21,3713.4,3780.0,3709.6,3760.8
2022-06-22,3761.3,3801.5,3690.8,3740.9
2022-06-23,3740.4,3802.7,3731.6,3782.2
2022-06-24,3782.9,3914.9,3778.9,3909.1
2022-06-26,3912.0,3917.5,3896.2,3896.5
2022-06-27,3896.0,3943.6,3888.7,3906.0
2022-06-28,3906.2,3945.5,3818.2,3825.3
2022-06-29,3824.8,3835.6,3797.1,3812.4
2022-06-30,3812.1,3818.8,3736.8,3786.9
2022-07-01,3787.6,3830.3,3742.4,3824.4
2022-07-03,3822.6,3824.3,3807.3,3809.1
2022-07-04,3808.9,3853.2,3790.3,3843.4
2022-07-05,3842.9,3846.9,3740.6,3823.0
2022-07-06,3823.7,3871.6,3806.5,3848.4
2022-07-07,3847.7,3910.8,3829.7,3893.7
2022-07-08,3894.2,3918.6,3864.6,3902.5
2022-07-10,3896.9,3897.1,3887.1,3893.9
2022-07-11,3894.4,3894.4,3847.6,3860.9
2022-07-12,3860.8,3873.7,3802.1,3818.7
2022-07-13,3818.7,3863.7,3749.1,3775.0
2022-07-14,3774.7,3808.5,3721.7,3807.8
2022-07-15,3808.0,3865.1,3777.9,3864.4
2022-07-17,3875.8,3878.4,3866.2,3871.6
2022-07-18,3871.6,3906.6,3819.2,3841.6
2022-07-19,3842.1,3944.8,3832.1,3940.6
2022-07-20,3940.2,3974.1,3920.2,3954.1
2022-07-21,3953.5,4001.6,3927.9,3981.1
2022-07-22,3980.8,4013.4,3938.9,3960.3
2022-07-24,3965.6,3965.6,3953.1,3954.4
2022-07-25,3954.6,3986.3,3943.5,3953.1
2022-07-26,3952.8,3961.4,3910.7,3951.0
2022-07-27,3951.2,4039.1,3944.6,4016.0
2022-07-28,4015.8,4108.6,3992.9,4092.9
2022-07-29,4092.6,4139.9,4078.8,4130.3
2022-07-31,4136.1,4136.1,4112.2,4115.2
2022-08-01,4115.0,4144.4,4094.9,4112.0
2022-08-02,4112.8,4140.8,4079.6,4092.0
2022-08-03,4091.8,4167.6,4083.1,4148.0
2022-08-04,4147.4,4170.7,4135.5,4152.1
2022-08-05,4152.4,4164.6,4101.8,4140.0
2022-08-07,4148.5,4149.4,4129.8,4132.0
2022-08-08,4132.0,4187.0,4128.9,4151.5
2022-08-09,4151.2,4152.9,4112.0,4127.4
2022-08-10,4127.3,4211.9,4112.5,4209.9
2022-08-11,4210.2,4258.3,4201.0,4212.5
2022-08-12,4214.2,4280.1,4206.0,4278.5
2022-08-14,4275.8,4276.3,4266.9,4266.9
2022-08-15,4267.2,4300.8,4246.8,4292.5
2022-08-16,4292.0,4325.4,4277.7,4304.6
2022-08-17,4304.3,4312.2,4253.0,4266.3
2022-08-18,4265.9,4292.8,4255.5,4283.6
2022-08-19,4283.6,4285.1,4218.9,4226.2
2022-08-21,4216.9,4217.1,4205.3,4207.3
2022-08-22,4207.6,4218.9,4130.0,4150.0
2022-08-23,4150.5,4159.9,4116.1,4127.0
2022-08-24,4127.2,4156.9,4109.4,4143.4
2022-08-25,4143.6,4200.9,4141.4,4195.2
2022-08-26,4194.9,4215.9,4043.5,4043.6
2022-08-28,4023.7,4031.2,4010.2,4013.1
2022-08-29,4012.7,4063.3,4007.2,4040.8
2022-08-30,4040.6,4071.7,3965.0,3986.8
2022-08-31,3987.3,4017.1,3927.9,3934.4
2022-09-01,3934.7,3973.5,3903.2,3968.9
2022-09-02,3968.7,4018.6,3906.1,3932.3
2022-09-04,3930.3,3933.9,3915.9,3933.4
2022-09-05,3932.7,3946.3,3919.0,3938.8
2022-09-06,3939.3,3962.6,3887.1,3906.6
2022-09-07,3905.8,3988.2,3883.8,3976.3
2022-09-08,3976.0,4011.7,3942.2,4009.1
2022-09-09,4009.3,4076.7,4008.6,4066.1
2022-09-11,4081.0,4087.8,4077.3,4077.4
2022-09-12,4077.4,4120.5,4063.1,4115.2
2022-09-13,4115.4,4149.2,3921.2,3939.0
2022-09-14,3939.2,3961.6,3911.9,3952.8
2022-09-15,3952.3,3959.2,3870.8,3877.0
2022-09-16,3877.8,3883.5,3837.1,3882.9
2022-09-18,3873.9,3880.9,3868.2,3877.1
2022-09-19,3876.8,3913.6,3830.3,3913.4
2022-09-20,3912.9,3918.3,3827.7,3858.5
2022-09-21,3858.2,3907.7,3764.6,3765.8
2022-09-22,3766.2,3817.1,3749.2,3764.6
2022-09-23,3764.3,3768.3,3647.2,3697.1
2022-09-25,3693.6,3701.1,3675.8,3688.3
2022-09-26,3688.0,3715.8,3644.6,3665.3
2022-09-27,3665.6,3717.8,3622.7,3649.4
2022-09-28,3650.3,3736.3,3601.6,3713.0
2022-09-29,3713.9,3721.2,3610.5,3655.3
2022-09-30,3654.9,3680.5,3584.5,3592.9
2022-10-02,3581.4,3601.4,3569.6,3573.4
2022-10-03,3573.0,3698.3,3560.4,3690.1
2022-10-04,3690.2,3795.6,3688.0,3783.0
2022-10-05,3782.8,3806.8,3722.5,3798.0
2022-10-06,3797.8,3805.6,3730.1,3733.2
2022-10-07,3733.5,3751.8,3620.8,3638.0
2022-10-09,3626.1,3630.7,3607.5,3622.7
2022-10-10,3622.3,3655.9,3588.4,3619.6
2022-10-11,3619.7,3641.2,3568.7,3593.2
2022-10-12,3592.5,3623.3,3574.2,3586.4
2022-10-13,3585.3,3685.0,3490.5,3667.5
2022-10-14,3665.2,3721.1,3580.4,3587.4
2022-10-16,3582.7,3605.8,3582.7,3604.5
2022-10-17,3603.8,3710.8,3595.6,3708.1
2022-10-18,3707.8,3764.6,3686.1,3751.5
2022-10-19,3750.3,3761.7,3666.2,3685.6
2022-10-20,3686.0,3736.4,3646.5,3651.7
2022-10-21,3651.4,3761.8,3632.2,3761.3
2022-10-23,3764.2,3802.3,3764.2,3776.6
2022-10-24,3776.2,3810.6,3726.1,3799.2
2022-10-25,3799.2,3863.2,3779.8,3822.3
2022-10-26,3822.0,3886.1,3813.8,3849.4
2022-10-27,3849.7,3860.2,3752.4,3784.8
2022-10-28,3785.8,3913.4,3767.3,3912.4
2022-10-30,3895.5,3901.3,3892.6,3895.6
2022-10-31,3895.8,3899.7,3862.2,3878.2
2022-11-01,3878.8,3917.4,3842.8,3855.0
2022-11-02,3855.5,3896.0,3747.2,3750.3
2022-11-03,3750.4,3773.0,3696.9,3712.9
2022-11-04,3713.1,3796.6,3708.1,3764.0
2022-11-06,3733.5,3747.6,3733.5,3743.9
2022-11-07,3743.9,3813.8,3743.5,3808.4
2022-11-08,3808.5,3859.6,3786.1,3834.6
2022-11-09,3834.1,3840.8,3744.2,3751.1
2022-11-10,3750.6,3967.2,3748.9,3964.7
2022-11-11,3964.4,4001.6,3944.5,3991.9
2022-11-13,3973.0,3986.0,3972.7,3984.3
2022-11-14,3984.1,4009.1,3956.8,3965.6
2022-11-15,3965.7,4042.3,3953.0,3987.3
2022-11-16,3987.8,4007.4,3954.3,3965.3
2022-11-17,3967.2,3981.1,3904.0,3953.0
2022-11-18,3949.2,3986.3,3935.6,3965.0
2022-11-20,3970.1,3970.3,3961.2,3962.4
2022-11-21,3962.9,3963.8,3932.7,3951.9
2022-11-22,3952.0,4005.4,3938.2,4004.5
2022-11-23,4004.7,4035.8,3995.7,4035.8
2022-11-24,4036.1,4043.8,4032.1,4038.6
2022-11-25,4038.7,4040.3,4019.8,4028.4
2022-11-27,4014.9,4018.1,4010.6,4010.8
2022-11-28,4011.3,4013.1,3955.8,3966.4
2022-11-29,3966.2,3985.1,3937.2,3952.8
2022-11-30,3953.1,4090.2,3938.4,4085.4
2022-12-01,4084.9,4101.9,4050.5,4073.4
2022-12-02,4072.4,4080.6,4003.1,4061.7
2022-12-04,4070.2,4070.9,4062.4,4067.9
2022-12-05,4067.7,4070.2,3984.4,4004.3
2022-12-06,4004.4,4011.0,3918.5,3944.3
2022-12-07,3944.5,3957.7,3911.5,3934.2
2022-12-08,3934.0,3974.4,3912.8,3960.8
2022-12-09,3960.0,3987.8,3929.4,3929.7
2022-12-11,3933.0,3936.4,3924.5,3926.5
2022-12-12,3926.3,3990.6,3923.6,3987.8
2022-12-13,3988.1,4133.8,3982.6,4020.0
2022-12-14,4019.8,4053.6,3964.8,4002.8
2022-12-15,4002.6,4007.9,3878.9,3896.1
2022-12-16,3896.6,3903.9,3827.6,3844.1
2022-12-18,3848.2,3859.2,3846.5,3853.1
2022-12-19,3853.3,3871.6,3799.3,3823.1
2022-12-20,3822.9,3838.3,3776.7,3834.3
2022-12-21,3834.5,3890.2,3828.9,3883.4
2022-12-22,3882.4,3891.4,3764.0,3822.4
2022-12-23,3822.7,3846.8,3795.8,3843.9
2022-12-26,3853.1,3869.8,3853.1,3868.0
2022-12-27,3868.0,3875.0,3812.3,3830.0
2022-12-28,3831.2,3849.0,3780.8,3787.1
2022-12-29,3787.6,3858.3,3781.8,3842.5
2022-12-30,3842.7,3846.2,3798.3,3844.9
2023-01-02,3874.9,3874.9,3846.4,3849.1
2023-01-03,3848.8,3883.8,3793.9,3822.7
2023-01-04,3822.6,3873.0,3814.8,3850.7
2023-01-05,3850.6,3862.9,3802.3,3814.2
2023-01-06,3814.0,3906.3,3798.5,3891.7
2023-01-08,3900.1,3903.2,3898.0,3901.5
2023-01-09,3901.3,3950.6,3888.0,3889.0
2023-01-10,3889.7,3922.1,3870.2,3921.0
2023-01-11,3920.8,3970.5,3913.3,3966.7
2023-01-12,3966.8,3999.5,3936.5,3984.3
2023-01-13,3984.8,4003.9,3942.3,3999.7
2023-01-15,4002.0,4003.4,3993.4,3994.9
2023-01-16,3994.5,4008.9,3977.9,3993.9
2023-01-17,3994.1,4015.4,3978.5,3982.2
2023-01-18,3981.7,4014.9,3925.6,3928.9
2023-01-19,3928.3,3928.9,3885.3,3900.9
2023-01-20,3900.5,3973.1,3895.2,3971.7
2023-01-22,3972.8,3973.9,3965.7,3967.6
2023-01-23,3967.8,4039.8,3963.6,4015.6
2023-01-24,4015.4,4030.6,3989.1,4001.8
2023-01-25,4002.3,4023.2,3948.8,4021.5
2023-01-26,4022.0,4061.9,4013.2,4048.0
2023-01-27,4047.5,4094.3,4042.4,4068.9
2023-01-29,4062.9,4072.1,4062.2,4064.4
2023-01-30,4064.9,4068.9,4015.8,4029.3
2023-01-31,4029.2,4077.0,3993.8,4067.3
2023-02-01,4066.6,4148.9,4037.5,4136.3
2023-02-02,4136.2,4195.6,4123.3,4152.3
2023-02-03,4152.8,4182.1,4121.0,4134.3
2023-02-05,4123.1,4131.0,4118.8,4128.4
2023-02-06,4128.3,4129.3,4092.5,4118.2
2023-02-07,4118.1,4176.6,4087.7,4156.6
2023-02-08,4156.9,4168.1,4111.3,4122.6
2023-02-09,4122.8,4159.5,4069.6,4084.0
2023-02-10,4084.2,4094.3,4051.2,4089.7
2023-02-12,4096.6,4096.6,4077.5,4079.3
2023-02-13,4079.5,4140.5,4069.0,4137.6
2023-02-14,4137.1,4174.5,4094.6,4128.4
2023-02-15,4128.3,4150.8,4103.6,4147.9
2023-02-16,4148.0,4157.7,4077.4,4078.6
2023-02-17,4078.9,4084.1,4047.5,4077.7
2023-02-19,4073.8,4076.8,4067.5,4070.5
2023-02-20,4070.2,4080.5,4064.7,4068.3
2023-02-21,4067.7,4067.7,3994.8,4002.5
2023-02-22,4002.8,4017.6,3977.2,4002.4
2023-02-23,4002.7,4027.6,3969.5,4005.8
2023-02-24,4005.9,4016.8,3942.6,3969.2
2023-02-26,3971.4,3974.9,3967.7,3973.9
2023-02-27,3973.8,4018.9,3969.4,3985.8
2023-02-28,3986.0,3998.1,3956.6,3958.2
2023-03-01,3958.4,3985.3,3938.9,3954.9
2023-03-02,3954.7,3991.2,3920.2,3974.8
2023-03-03,3974.8,4048.7,3969.9,4048.4
2023-03-05,4044.9,4045.2,4037.7,4040.7
2023-03-06,4040.9,4078.6,4038.9,4051.1
2023-03-07,4050.9,4060.8,3980.3,3988.4
2023-03-08,3988.7,4000.6,3969.8,3991.5
2023-03-09,3991.2,4017.2,3904.2,3910.0
2023-03-10,3909.8,3939.6,3846.2,3877.5
2023-03-12,3871.1,3927.3,3860.6,3907.5
2023-03-13,3907.1,3938.4,3809.8,3860.6
2023-03-14,3861.0,3937.8,3855.3,3918.5
2023-03-15,3918.2,3929.9,3831.2,3889.1
2023-03-16,3888.9,3965.7,3862.6,3960.2
2023-03-17,3960.4,3975.9,3901.1,3915.9
2023-03-19,3929.0,3946.0,3922.9,3939.7
2023-03-20,3940.1,3956.6,3866.4,3952.1
2023-03-21,3951.7,4010.0,3949.5,4004.4
2023-03-22,4004.2,4040.3,3934.3,3942.3
2023-03-23,3941.5,4006.0,3918.4,3953.5
2023-03-24,3953.3,3980.2,3905.9,3979.9
2023-03-26,3978.3,3997.7,3977.8,3994.2
2023-03-27,3994.8,4004.1,3968.3,3984.4
2023-03-28,3984.1,3992.5,3951.7,3980.6
2023-03-29,3980.7,4030.7,3980.3,4022.8
2023-03-30,4023.0,4057.1,4021.6,4056.8
2023-03-31,4056.5,4112.3,4048.7,4110.6
2023-04-02,4098.6,4104.8,4095.7,4100.7
2023-04-03,4100.9,4128.4,4092.7,4120.1
2023-04-04,4120.3,4141.4,4086.9,4104.8
2023-04-05,4104.5,4106.5,4071.8,4085.7
2023-04-06,4085.3,4107.3,4069.9,4100.4
2023-04-07,4100.2,4117.6,4095.6,4114.1
2023-04-09,4111.1,4115.1,4106.6,4107.1
2023-04-10,4107.2,4114.6,4071.1,4114.4
2023-04-11,4114.1,4124.3,4102.6,4112.0
2023-04-12,4112.2,4150.1,4083.3,4084.2
2023-04-13,4084.3,4150.3,4084.3,4143.7
2023-04-14,4143.9,4162.7,4113.0,4145.9
2023-04-16,4148.4,4148.9,4144.4,4145.9
2023-04-17,4145.9,4154.8,4123.4,4151.0
2023-04-18,4151.0,4173.0,4140.1,4151.2
2023-04-19,4151.0,4162.6,4126.9,4141.7
2023-04-20,4141.9,4149.0,4114.7,4128.8
2023-04-21,4128.3,4138.4,4114.1,4131.2
2023-04-23,4127.4,4129.9,4126.0,4128.2
2023-04-24,4128.0,4141.7,4111.2,4134.1
2023-04-25,4133.9,4136.4,4071.1,4090.1
2023-04-26,4089.9,4094.3,4049.9,4065.5
2023-04-27,4065.2,4145.9,4061.3,4129.2
2023-04-28,4129.5,4174.3,4113.0,4171.6
2023-04-30,4170.5,4171.8,4162.3,4163.5
2023-05-01,4163.5,4187.4,4158.7,4160.8
2023-05-02,4160.5,4173.4,4089.6,4121.1
2023-05-03,4121.3,4148.4,4062.2,4077.3
2023-05-04,4077.0,4101.3,4048.7,4072.2
2023-05-05,4072.4,4147.1,4067.8,4133.2
2023-05-07,4135.6,4138.9,4130.6,4130.9
2023-05-08,4130.4,4145.4,4123.3,4135.3
2023-05-09,4135.1,4138.0,4116.8,4123.4
2023-05-10,4123.1,4158.0,4098.7,4142.0
2023-05-11,4142.2,4153.1,4107.8,4131.8
2023-05-12,4132.1,4150.5,4098.9,4118.8
2023-05-14,4118.7,4120.1,4115.8,4118.8
2023-05-15,4118.7,4142.8,4110.1,4133.0
2023-05-16,4133.0,4137.7,4107.6,4115.9
2023-05-17,4116.3,4165.1,4109.1,4155.7
2023-05-18,4155.4,4212.2,4147.4,4204.5
2023-05-19,4204.7,4214.3,4179.8,4185.5
2023-05-22,4187.6,4208.9,4178.6,4204.6
2023-05-23,4204.1,4209.9,4142.0,4152.4
2023-05-24,4152.5,4154.2,4104.2,4133.8
2023-05-25,4134.2,4165.9,4125.1,4143.8
2023-05-26,4143.8,4213.0,4137.4,4211.0
2023-05-28,4231.4,4231.4,4221.2,4222.2
2023-05-29,4222.0,4226.0,4212.0,4214.2
2023-05-30,4213.4,4234.5,4192.4,4207.4
2023-05-31,4207.6,4208.1,4166.0,4187.1
2023-06-01,4186.9,4232.2,4170.9,4222.7
2023-06-02,4222.5,4290.6,4221.8,4282.3
2023-06-04,4283.0,4287.2,4278.8,4279.5
2023-06-05,4279.3,4299.0,4266.9,4269.3
2023-06-06,4269.8,4288.4,4262.6,4287.2
2023-06-07,4287.4,4299.0,4263.8,4268.3
2023-06-08,4268.0,4297.5,4257.0,4290.5
2023-06-09,4290.3,4322.5,4280.5,4301.8
2023-06-11,4301.8,4309.7,4301.4,4306.6
2023-06-12,4307.1,4344.9,4304.3,4341.0
2023-06-13,4340.7,4375.4,4336.2,4368.7
2023-06-14,4368.0,4391.7,4337.1,4372.7
2023-06-15,4373.5,4439.4,4346.6,4419.6
2023-06-16,4419.5,4446.6,4407.0,4414.4
2023-06-18,4413.6,4417.4,4412.6,4413.0
2023-06-19,4412.8,4416.1,4399.0,4402.1
2023-06-20,4401.9,4403.9,4367.7,4391.3
2023-06-21,4390.8,4393.8,4359.9,4366.5
2023-06-22,4366.7,4384.6,4349.6,4381.9
2023-06-23,4381.6,4381.8,4341.2,4346.3
2023-06-25,4351.4,4358.4,4348.3,4357.4
2023-06-26,4357.6,4362.4,4328.3,4338.6
2023-06-27,4338.9,4384.3,4331.4,4370.8
2023-06-28,4371.1,4390.5,4359.9,4385.8
2023-06-29,4385.8,4399.8,4370.1,4398.4
2023-06-30,4398.6,4458.6,4394.4,4444.1
2023-07-02,4446.6,4452.6,4446.6,4451.8
2023-07-03,4451.8,4456.9,4442.2,4451.1
2023-07-04,4450.9,4456.6,4449.4,4452.0
2023-07-05,4452.4,4455.6,4429.4,4443.4
2023-07-06,4443.4,4443.8,4385.2,4409.6
2023-07-07,4409.4,4440.4,4396.2,4402.4
2023-07-09,4403.1,4404.5,4395.6,4403.4
2023-07-10,4403.1,4413.1,4377.6,4410.9
2023-07-11,4410.9,4443.5,4404.6,4437.8
2023-07-12,4437.4,4488.5,4435.9,4477.6
2023-07-13,4477.7,4517.4,4476.7,4507.0
2023-07-14,4506.5,4527.6,4499.5,4502.8
2023-07-16,4504.3,4504.3,4497.2,4498.4
2023-07-17,4498.2,4533.2,4497.1,4516.5
2023-07-18,4516.7,4562.4,4513.8,4554.0
2023-07-19,4553.9,4578.5,4549.9,4553.6
2023-07-20,4553.9,4563.6,4527.6,4535.8
2023-07-21,4535.8,4560.5,4532.4,4535.7
2023-07-23,4535.7,4537.7,4531.4,4532.4
2023-07-24,4532.7,4563.1,4531.4,4556.2
2023-07-25,4555.9,4580.8,4550.8,4566.7
2023-07-26,4566.9,4583.0,4547.3,4569.4
2023-07-27,4569.1,4607.0,4528.7,4540.2
2023-07-28,4540.4,4590.3,4532.6,4581.6
2023-07-30,4584.2,4592.4,4582.9,4586.9
2023-07-31,4586.7,4593.9,4570.2,4590.6
2023-08-01,4590.4,4596.7,4548.5,4562.7
2023-08-02,4562.4,4569.7,4505.5,4520.8
2023-08-03,4520.1,4524.7,4485.7,4510.0
2023-08-04,4509.8,4540.5,4474.9,4478.4
2023-08-06,4481.5,4488.4,4481.4,4488.1
2023-08-07,4487.6,4522.1,4486.1,4519.1
2023-08-08,4519.6,4519.9,4464.2,4497.4
2023-08-09,4497.2,4517.3,4461.2,4478.4
2023-08-10,4478.4,4525.9,4457.6,4474.7
2023-08-11,4474.5,4479.5,4443.1,4468.2
2023-08-13,4468.5,4475.2,4466.7,4472.9
2023-08-14,4472.7,4497.9,4448.9,4494.3
2023-08-15,4494.9,4501.2,4432.5,4440.1
2023-08-16,4440.6,4451.4,4402.1,4402.8
2023-08-17,4402.3,4420.9,4361.4,4367.2
2023-08-18,4366.9,4382.1,4336.8,4366.6
2023-08-20,4368.9,4374.1,4368.3,4372.8
2023-08-21,4372.6,4407.5,4360.3,4393.2
2023-08-22,4393.4,4427.5,4382.9,4389.1
2023-08-23,4388.8,4463.0,4388.3,4457.9
2023-08-24,4457.6,4473.9,4369.0,4377.8
2023-08-25,4378.0,4418.5,4356.2,4403.4
2023-08-27,4408.3,4416.2,4408.3,4412.9
2023-08-28,4413.2,4439.8,4406.2,4434.3
2023-08-29,4434.0,4502.3,4424.7,4499.9
2023-08-30,4500.1,4522.0,4487.9,4515.1
2023-08-31,4515.3,4532.7,4507.2,4511.1
2023-09-01,4511.3,4540.2,4501.3,4512.7
2023-09-03,4515.4,4517.1,4511.2,4513.4
2023-09-04,4513.7,4526.1,4510.4,4515.2
2023-09-05,4514.9,4515.6,4493.3,4495.5
2023-09-06,4495.7,4497.9,4441.7,4464.5
2023-09-07,4464.2,4465.5,4429.5,4453.0
2023-09-08,4453.0,4473.8,4439.3,4460.1
2023-09-10,4460.0,4463.4,4457.4,4463.1
2023-09-11,4463.2,4490.9,4457.1,4483.1
2023-09-12,4482.8,4487.2,4456.6,4463.6
2023-09-13,4463.4,4479.6,4446.1,4471.9
2023-09-14,4471.9,4511.8,4470.7,4507.8
2023-09-15,4508.0,4516.4,4447.0,4451.4
2023-09-17,4453.5,4460.0,4452.0,4459.3
2023-09-18,4459.3,4466.3,4440.4,4456.3
2023-09-19,4456.6,4462.2,4416.4,4445.5
2023-09-20,4445.5,4461.4,4395.3,4395.7
2023-09-21,4395.8,4399.3,4324.5,4327.5
2023-09-22,4328.0,4357.3,4316.4,4320.9
2023-09-24,4323.9,4329.2,4323.8,4325.9
2023-09-25,4325.4,4342.3,4298.6,4337.0
2023-09-26,4337.3,4337.3,4265.8,4281.1
2023-09-27,4281.4,4296.3,4238.5,4281.6
2023-09-28,4281.8,4317.9,4263.6,4301.9
2023-09-29,4301.4,4333.3,4274.6,4292.9
2023-10-01,4314.6,4316.6,4302.4,4308.1
2023-10-02,4308.9,4320.1,4260.4,4289.1
2023-10-03,4288.8,4299.5,4216.3,4230.1
2023-10-04,4230.1,4268.9,4201.5,4256.0
2023-10-05,4256.0,4267.6,4225.9,4252.9
2023-10-06,4253.3,4324.4,4210.7,4311.1
2023-10-08,4281.5,4286.0,4269.9,4280.4
2023-10-09,4279.9,4341.9,4267.5,4336.0
2023-10-10,4335.8,4385.6,4333.1,4359.4
2023-10-11,4359.2,4386.9,4345.2,4386.4
2023-10-12,4386.1,4398.2,4325.4,4352.0
2023-10-13,4352.5,4377.4,4312.0,4321.5
2023-10-15,4329.9,4339.5,4328.6,4339.0
2023-10-16,4339.0,4383.6,4326.2,4372.5
2023-10-17,4372.8,4393.6,4337.4,4363.1
2023-10-18,4363.4,4370.6,4304.0,4316.2
2023-10-19,4316.4,4340.1,4265.4,4270.0
2023-10-20,4269.8,4279.1,4218.9,4220.6
2023-10-22,4233.4,4236.6,4223.9,4236.6
2023-10-23,4236.2,4256.1,4189.2,4229.8
2023-10-24,4229.8,4266.6,4218.5,4244.8
2023-10-25,4244.5,4244.8,4164.6,4169.6
2023-10-26,4169.5,4183.4,4128.5,4159.9
2023-10-27,4159.2,4165.0,4103.5,4117.2
2023-10-29,4128.1,4134.8,4127.6,4131.2
2023-10-30,4131.1,4177.2,4130.4,4162.2
2023-10-31,4162.0,4195.5,4148.1,4182.9
2023-11-01,4182.8,4247.8,4172.7,4247.6
2023-11-02,4247.3,4320.0,4243.0,4310.1
2023-11-03,4310.6,4373.5,4308.9,4361.2
2023-11-05,4363.0,4366.6,4358.4,4360.1
2023-11-06,4360.0,4372.4,4347.1,4359.3
2023-11-07,4359.6,4386.2,4349.4,4378.0
2023-11-08,4378.2,4390.9,4359.4,4375.7
2023-11-09,4375.9,4397.1,4342.2,4344.9
2023-11-10,4344.8,4418.0,4339.5,4414.0
2023-11-12,4411.5,4413.3,4405.3,4405.6
2023-11-13,4405.6,4422.0,4392.6,4412.3
2023-11-14,4412.2,4509.0,4409.9,4500.7
2023-11-15,4501.0,4523.9,4495.3,4499.9
2023-11-16,4499.8,4515.1,4487.6,4510.1
2023-11-17,4509.7,4525.3,4499.7,4509.9
2023-11-19,4513.6,4514.8,4506.6,4510.4
2023-11-20,4510.5,4557.4,4506.1,4550.3
2023-11-21,4550.4,4553.3,4524.9,4532.9
2023-11-22,4532.8,4568.9,4532.8,4553.0
2023-11-23,4552.9,4562.6,4551.5,4560.9
2023-11-24,4560.8,4564.3,4553.2,4558.3
2023-11-26,4557.6,4557.6,4551.2,4551.9
2023-11-27,4551.7,4560.4,4542.2,4554.1
2023-11-28,4553.9,4568.2,4538.2,4554.8
2023-11-29,4554.9,4588.0,4547.0,4552.6
2023-11-30,4552.4,4570.3,4536.9,4564.3
2023-12-01,4564.1,4599.4,4554.8,4596.3
2023-12-03,4595.5,4596.3,4589.4,4589.8
2023-12-04,4590.0,4590.0,4546.9,4562.6
2023-12-05,4562.5,4578.8,4548.9,4571.5
2023-12-06,4571.0,4592.2,4546.1,4548.5
2023-12-07,4548.6,4589.8,4543.1,4578.9
2023-12-08,4579.1,4609.4,4561.3,4603.2
2023-12-10,4603.4,4609.7,4603.2,4606.9
2023-12-11,4606.7,4623.6,4595.8,4622.4
2023-12-12,4622.6,4650.1,4607.9,4649.6
2023-12-13,4649.8,4714.7,4642.8,4714.1
2023-12-14,4714.0,4738.4,4693.4,4719.7
2023-12-15,4719.5,4736.7,4704.5,4717.2
2023-12-17,4718.5,4723.4,4716.4,4720.6
2023-12-18,4720.8,4749.6,4717.9,4738.3
2023-12-19,4738.2,4768.9,4735.4,4764.8
2023-12-20,4765.2,4778.1,4692.8,4707.9
2023-12-21,4707.6,4748.9,4705.4,4744.8
2023-12-22,4744.6,4773.4,4736.1,4749.6
2023-12-25,4752.1,4762.6,4752.1,4761.3
2023-12-26,4761.1,4784.9,4757.2,4777.5
2023-12-27,4777.0,4787.1,4768.2,4785.2
2023-12-28,4785.3,4797.1,4781.8,4788.7
2023-12-29,4788.4,4795.3,4751.3,4766.6
2024-01-01,4771.9,4776.4,4771.9,4774.6
2024-01-02,4774.9,4782.4,4723.0,4745.6
2024-01-03,4745.9,4746.1,4700.0,4707.9
2024-01-04,4707.6,4726.8,4688.0,4694.4
2024-01-05,4694.4,4721.8,4663.5,4697.1
2024-01-07,4697.2,4702.9,4695.1,4700.6
2024-01-08,4700.1,4765.3,4677.0,4758.2
2024-01-09,4757.9,4765.6,4730.8,4754.0
2024-01-10,4754.1,4791.2,4748.5,4785.9
2024-01-11,4785.8,4802.7,4739.1,4776.2
2024-01-12,4776.4,4802.2,4758.3,4777.4
2024-01-14,4777.9,4779.0,4772.7,4776.5
2024-01-15,4776.4,4789.1,4773.0,4774.5
2024-01-16,4774.4,4782.3,4746.9,4767.5
2024-01-17,4767.3,4767.7,4715.1,4737.6
2024-01-18,4737.4,4785.7,4733.1,4784.1
2024-01-19,4783.6,4843.4,4778.4,4840.5
2024-01-21,4842.6,4848.4,4842.6,4843.6
2024-01-22,4844.1,4867.4,4842.9,4850.7
2024-01-23,4850.9,4874.9,4844.6,4874.4
2024-01-24,4874.4,4903.6,4860.1,4870.9
2024-01-25,4870.6,4898.8,4865.9,4886.0
2024-01-26,4886.2,4907.0,4870.9,4887.2
2024-01-28,4881.9,4881.9,4875.6,4877.6
2024-01-29,4877.8,4930.0,4877.2,4926.2
2024-01-30,4926.0,4931.4,4901.5,4904.3
2024-01-31,4904.6,4912.9,4841.5,4854.1
2024-02-01,4854.2,4941.5,4851.3,4931.7
2024-02-02,4931.7,4975.3,4903.9,4951.1
2024-02-04,4954.1,4958.6,4951.6,4954.6
2024-02-05,4954.6,4957.5,4917.6,4937.1
2024-02-06,4937.1,4958.0,4934.6,4952.8
2024-02-07,4953.1,5000.0,4950.2,4995.3
2024-02-08,4995.0,5000.9,4985.1,4996.5
2024-02-09,4996.9,5030.1,4994.4,5024.0
2024-02-11,5024.6,5025.6,5020.9,5024.4
2024-02-12,5024.6,5048.1,5013.5,5017.5
2024-02-13,5017.2,5022.2,4920.3,4954.9
2024-02-14,4954.8,5005.5,4951.3,5003.1
2024-02-15,5003.4,5036.4,4995.9,5032.1
2024-02-16,5031.9,5043.2,4998.4,4999.6
2024-02-19,5006.2,5013.6,4998.4,5000.8
2024-02-20,5000.2,5002.6,4955.0,4973.5
2024-02-21,4973.8,5010.1,4945.2,5009.2
2024-02-22,5009.1,5094.8,5008.7,5086.4
2024-02-23,5086.3,5111.1,5080.1,5084.0
2024-02-25,5085.0,5091.0,5082.9,5089.0
2024-02-26,5088.9,5096.9,5065.2,5068.9
2024-02-27,5068.9,5082.4,5057.3,5076.6
2024-02-28,5076.7,5080.2,5053.8,5062.4
2024-02-29,5062.1,5105.1,5052.2,5088.3
2024-03-01,5088.4,5140.8,5081.0,5130.6
2024-03-03,5133.7,5137.6,5132.0,5133.5
2024-03-04,5133.4,5149.8,5121.9,5123.3
2024-03-05,5123.3,5126.9,5056.4,5080.9
2024-03-06,5081.1,5127.9,5076.7,5104.1
2024-03-07,5104.3,5165.8,5082.3,5154.7
2024-03-08,5155.6,5188.9,5117.9,5127.7
2024-03-10,5118.7,5125.2,5113.9,5125.1
2024-03-11,5124.9,5133.1,5091.2,5132.6
2024-03-12,5132.5,5180.1,5112.2,5176.1
2024-03-13,5176.2,5181.1,5152.0,5172.3
2024-03-14,5172.2,5187.2,5123.4,5147.8
2024-03-15,5147.6,5164.5,5104.7,5117.8
2024-03-17,5119.6,5126.4,5118.3,5120.8
2024-03-18,5121.0,5175.7,5117.0,5145.8
2024-03-19,5145.7,5180.6,5122.6,5174.4
2024-03-20,5174.2,5243.3,5168.9,5241.5
2024-03-21,5241.3,5261.8,5237.8,5248.6
2024-03-22,5248.5,5251.0,5229.0,5230.4
2024-03-24,5232.4,5234.1,5228.8,5233.9
2024-03-25,5234.1,5235.9,5213.8,5224.6
2024-03-26,5224.4,5241.9,5204.6,5218.8
2024-03-27,5218.7,5255.4,5214.4,5244.5
2024-03-28,5244.1,5263.4,5243.9,5246.4
2024-03-31,5257.5,5275.9,5257.5,5274.9
2024-04-01,5274.8,5275.1,5228.1,5234.9
2024-04-02,5235.1,5243.0,5183.4,5205.6
2024-04-03,5205.3,5233.2,5192.6,5227.1
2024-04-04,5227.1,5257.4,5145.6,5151.7
2024-04-05,5150.6,5223.2,5143.9,5205.1
2024-04-07,5213.6,5218.9,5205.6,5209.0
2024-04-08,5209.1,5220.0,5187.5,5205.6
2024-04-09,5205.8,5224.4,5160.6,5212.9
2024-04-10,5212.6,5227.9,5129.6,5151.0
2024-04-11,5151.3,5212.3,5132.6,5199.5
2024-04-12,5198.9,5203.5,5107.4,5123.5
2024-04-14,5122.9,5144.4,5122.9,5140.1
2024-04-15,5140.8,5169.9,5052.2,5060.4
2024-04-16,5060.8,5079.9,5040.1,5065.2
2024-04-17,5065.1,5078.8,5006.7,5027.4
2024-04-18,5027.9,5056.7,4998.6,5002.1
2024-04-19,5002.3,5019.2,4927.1,4965.5
2024-04-21,4977.0,4984.6,4972.1,4984.1
2024-04-22,4984.0,5039.1,4969.3,5009.3
2024-04-23,5009.8,5083.4,5002.6,5080.1
2024-04-24,5079.7,5092.2,5036.4,5041.1
2024-04-25,5041.6,5100.8,4989.2,5087.3
2024-04-26,5087.0,5114.6,5072.6,5099.6
2024-04-28,5109.0,5110.1,5103.6,5109.9
2024-04-29,5110.1,5122.6,5087.9,5113.5
2024-04-30,5113.1,5114.5,5019.1,5028.1
2024-05-01,5028.4,5093.9,5008.9,5040.0
2024-05-02,5039.8,5090.5,5011.0,5080.3
2024-05-03,5080.6,5139.7,5072.7,5134.0
2024-05-05,5140.6,5141.7,5132.2,5133.1
2024-05-06,5133.1,5181.2,5129.2,5179.0
2024-05-07,5179.2,5200.4,5176.6,5187.6
2024-05-08,5187.9,5192.4,5163.8,5185.7
2024-05-09,5185.9,5220.6,5170.8,5218.4
2024-05-10,5218.8,5239.7,5209.2,5218.1
2024-05-12,5218.7,5221.7,5217.4,5220.5
2024-05-13,5220.6,5239.9,5210.4,5220.3
2024-05-14,5220.6,5250.2,5202.3,5247.1
2024-05-15,5247.1,5316.4,5242.2,5314.6
2024-05-16,5314.9,5326.0,5292.7,5296.9
2024-05-17,5296.8,5305.8,5283.7,5305.4
2024-05-19,5306.9,5313.5,5306.8,5312.9
2024-05-20,5312.6,5325.5,5302.6,5308.9
2024-05-21,5309.2,5324.8,5300.7,5323.9
2024-05-22,5323.7,5326.7,5285.8,5322.3
2024-05-23,5322.4,5350.0,5256.7,5270.3
2024-05-24,5270.1,5312.2,5269.6,5304.2
2024-05-26,5305.1,5307.1,5298.1,5298.9
2024-05-27,5299.0,5317.6,5295.6,5309.0
2024-05-28,5309.4,5321.9,5280.8,5302.1
2024-05-29,5302.4,5303.1,5248.0,5251.9
2024-05-30,5252.0,5260.4,5222.4,5227.9
2024-05-31,5228.4,5291.9,5191.9,5285.4
2024-06-02,5285.5,5289.9,5276.6,5288.1
2024-06-03,5288.1,5299.1,5233.5,5283.2
2024-06-04,5283.5,5299.4,5248.9,5298.1
2024-06-05,5298.5,5360.1,5293.5,5357.5
2024-06-06,5357.3,5362.0,5334.7,5354.4
2024-06-07,5354.0,5375.3,5319.4,5344.3
2024-06-09,5339.5,5349.8,5338.6,5343.4
2024-06-10,5343.5,5365.7,5328.8,5357.0
2024-06-11,5357.1,5378.9,5326.6,5376.4
2024-06-12,5376.2,5447.3,5373.0,5429.1
2024-06-13,5428.9,5445.7,5402.7,5432.9
2024-06-14,5432.5,5438.3,5393.5,5430.1
2024-06-16,5430.6,5434.6,5427.1,5432.1
2024-06-17,5432.4,5488.8,5420.9,5479.8
2024-06-18,5479.5,5494.7,5469.8,5492.5
2024-06-19,5492.4,5494.8,5487.8,5491.1
2024-06-20,5491.1,5516.1,5456.0,5478.2
2024-06-21,5477.8,5482.4,5452.4,5468.1
2024-06-23,5471.2,5471.4,5468.4,5468.9
2024-06-24,5468.8,5490.8,5442.8,5452.3
2024-06-25,5452.2,5473.4,5445.6,5468.7
2024-06-26,5468.8,5486.4,5451.7,5460.2
2024-06-27,5460.2,5494.1,5451.6,5494.1
2024-06-28,5494.7,5524.1,5450.9,5471.4
2024-06-30,5474.2,5475.5,5467.0,5468.1
2024-07-01,5468.4,5480.4,5446.2,5469.2
2024-07-02,5469.4,5510.6,5444.6,5503.5
2024-07-03,5503.6,5538.6,5501.6,5534.4
2024-07-04,5534.4,5540.1,5528.6,5532.0
2024-07-05,5532.3,5570.2,5531.6,5560.1
2024-07-07,5557.4,5562.9,5556.6,5557.6
2024-07-08,5557.4,5584.2,5555.6,5584.0
2024-07-09,5584.2,5591.3,5574.7,5579.2
2024-07-10,5579.5,5635.7,5577.0,5629.4
2024-07-11,5629.8,5654.3,5576.8,5586.1
2024-07-12,5585.1,5655.6,5570.6,5616.1
2024-07-14,5630.0,5630.0,5613.9,5620.1
2024-07-15,5620.2,5666.8,5615.1,5640.7
2024-07-16,5640.9,5669.9,5622.4,5662.0
2024-07-17,5662.1,5663.1,5582.4,5599.5
2024-07-18,5599.7,5614.8,5522.7,5555.8
2024-07-19,5555.6,5561.3,5496.6,5505.4
2024-07-21,5518.8,5528.3,5512.1,5526.9
2024-07-22,5527.0,5570.4,5509.0,5561.0
2024-07-23,5560.2,5585.4,5530.1,5531.3
2024-07-24,5531.6,5540.2,5421.0,5442.9
2024-07-25,5442.2,5492.4,5391.7,5411.0
2024-07-26,5410.5,5489.8,5410.3,5460.5
2024-07-28,5463.3,5476.7,5460.1,5474.7
2024-07-29,5474.9,5496.2,5444.2,5452.5
2024-07-30,5452.0,5491.6,5395.9,5443.4
2024-07-31,5442.8,5553.7,5439.0,5551.5
2024-08-01,5551.7,5564.5,5410.0,5428.6
2024-08-02,5427.6,5431.7,5300.2,5330.0
2024-08-04,5297.5,5314.6,5282.2,5292.8
2024-08-05,5292.4,5293.4,5091.9,5244.4
2024-08-06,5245.2,5312.7,5193.8,5214.8
2024-08-07,5215.1,5331.1,5155.9,5174.0
2024-08-08,5175.1,5335.6,5171.6,5330.3
2024-08-09,5329.1,5360.2,5295.2,5336.9
2024-08-11,5339.2,5349.8,5324.9,5344.9
2024-08-12,5345.2,5371.1,5322.6,5347.9
2024-08-13,5347.9,5436.6,5342.9,5433.1
2024-08-14,5433.0,5463.6,5416.1,5449.4
2024-08-15,5449.9,5554.5,5447.4,5550.6
2024-08-16,5550.9,5562.7,5513.0,5557.4
2024-08-18,5562.4,5571.1,5559.2,5563.1
2024-08-19,5563.3,5608.3,5543.4,5605.4
2024-08-20,5605.5,5620.6,5584.8,5596.9
2024-08-21,5597.1,5633.0,5592.1,5623.0
2024-08-22,5622.6,5641.9,5560.8,5584.6
2024-08-23,5584.9,5641.9,5583.4,5631.6
2024-08-25,5630.9,5640.2,5622.0,5628.0
2024-08-26,5628.8,5650.1,5602.2,5612.8
2024-08-27,5613.0,5631.3,5594.6,5617.9
2024-08-28,5618.2,5633.0,5545.7,5554.5
2024-08-29,5555.3,5647.3,5554.2,5600.1
2024-08-30,5600.6,5650.1,5581.8,5642.4
2024-09-01,5642.6,5643.4,5638.6,5639.4
2024-09-02,5639.6,5655.4,5624.6,5640.6
2024-09-03,5640.7,5652.6,5504.4,5519.5
2024-09-04,5520.0,5552.6,5494.3,5511.8
2024-09-05,5512.1,5546.3,5480.3,5500.5
2024-09-06,5499.8,5522.8,5385.6,5395.2
2024-09-08,5401.9,5411.2,5397.1,5408.9
2024-09-09,5408.6,5484.1,5408.4,5478.2
2024-09-10,5478.4,5498.4,5441.3,5490.0
2024-09-11,5490.2,5560.7,5407.0,5550.7
2024-09-12,5550.7,5604.6,5535.6,5601.5
2024-09-13,5602.0,5636.7,5595.5,5622.6
2024-09-15,5620.4,5628.8,5617.3,5627.8
2024-09-16,5628.0,5636.1,5604.5,5629.8
2024-09-17,5629.3,5671.1,5614.0,5640.7
2024-09-18,5640.9,5692.1,5615.1,5654.5
2024-09-19,5655.5,5733.5,5635.4,5709.5
2024-09-20,5709.4,5715.0,5675.0,5699.4
2024-09-22,5705.1,5708.4,5696.1,5707.5
2024-09-23,5708.0,5725.9,5686.1,5715.6
2024-09-24,5715.5,5736.9,5699.0,5735.0
2024-09-25,5735.2,5741.3,5712.3,5731.8
2024-09-26,5732.2,5772.8,5721.5,5749.3
2024-09-27,5749.2,5763.6,5726.5,5729.2
2024-09-29,5727.4,5744.9,5722.4,5743.4
2024-09-30,5744.2,5765.1,5702.4,5753.5
2024-10-01,5753.4,5767.2,5681.6,5698.4
2024-10-02,5698.7,5721.5,5673.8,5718.0
2024-10-03,5717.7,5719.1,5676.0,5699.8
2024-10-04,5699.3,5755.1,5692.7,5746.4
2024-10-06,5750.6,5758.6,5750.6,5752.8
2024-10-07,5753.2,5756.6,5678.9,5696.1
2024-10-08,5697.3,5757.5,5688.6,5746.6
2024-10-09,5746.8,5797.2,5732.4,5789.0
2024-10-10,5789.1,5795.4,5764.7,5789.8
2024-10-11,5789.8,5822.4,5769.7,5806.5
2024-10-13,5807.4,5814.9,5806.9,5810.2
2024-10-14,5810.6,5872.3,5804.9,5866.2
2024-10-15,5866.7,5868.7,5805.6,5817.1
2024-10-16,5817.4,5846.9,5808.8,5833.8
2024-10-17,5833.2,5881.7,5826.8,5849.6
2024-10-18,5849.2,5872.7,5834.0,5865.0
2024-10-20,5869.5,5873.1,5868.9,5871.2
2024-10-21,5871.4,5872.2,5823.4,5854.1
2024-10-22,5854.2,5863.6,5820.6,5849.6
2024-10-23,5850.0,5853.0,5762.1,5802.9
2024-10-24,5802.6,5830.3,5784.6,5813.6
2024-10-25,5814.0,5863.5,5799.6,5804.9
2024-10-27,5824.2,5838.6,5822.0,5834.5
2024-10-28,5834.1,5848.1,5822.4,5825.3
2024-10-29,5826.1,5851.5,5802.1,5849.0
2024-10-30,5848.5,5857.3,5796.9,5797.4
2024-10-31,5796.9,5803.4,5701.9,5711.5
2024-11-01,5710.0,5772.7,5701.1,5730.6
2024-11-03,5714.0,5727.1,5713.9,5721.1
2024-11-04,5721.5,5747.6,5696.0,5713.9
2024-11-05,5713.6,5795.2,5706.1,5786.9
2024-11-06,5786.5,5936.3,5786.4,5926.6
2024-11-07,5926.7,5984.1,5921.1,5978.6
2024-11-08,5978.8,6013.0,5961.9,5995.9
2024-11-10,6005.1,6010.9,6002.6,6009.9
2024-11-11,6010.4,6027.1,5986.8,5999.7
2024-11-12,5998.5,6008.7,5960.1,5980.8
2024-11-13,5981.1,6008.2,5966.3,5991.9
2024-11-14,5992.4,5996.9,5937.9,5941.6
2024-11-15,5940.4,5941.8,5852.7,5874.4
2024-11-17,5875.0,5877.9,5865.6,5877.8
2024-11-18,5877.6,5908.4,5860.5,5892.0
2024-11-19,5892.0,5923.8,5832.2,5921.9
2024-11-20,5922.0,5934.7,5859.3,5918.0
2024-11-21,5918.7,5963.1,5883.7,5944.1
2024-11-22,5942.2,5973.2,5920.9,5971.4
2024-11-24,5986.4,5991.4,5986.4,5989.5
2024-11-25,5989.4,6020.9,5963.9,5974.6
2024-11-26,5972.8,6025.0,5957.4,6021.9
2024-11-27,6022.4,6027.8,5984.1,6003.9
2024-11-28,6004.0,6016.4,6003.6,6015.6
2024-11-29,6015.4,6044.4,6003.7,6036.0
2024-12-01,6036.2,6037.7,6027.9,6029.3
2024-12-02,6030.1,6053.5,6019.7,6048.9
2024-12-03,6049.6,6056.5,6033.8,6055.1
2024-12-04,6055.0,6089.2,6051.1,6080.9
2024-12-05,6080.7,6094.8,6068.9,6073.6
2024-12-06,6073.5,6099.8,6067.5,6086.3
2024-12-08,6085.4,6091.7,6084.4,6090.2
2024-12-09,6090.1,6094.5,6049.1,6050.8
2024-12-10,6050.7,6065.1,6029.7,6040.8
2024-12-11,6040.7,6093.0,6035.5,6078.1
2024-12-12,6077.5,6079.8,6047.7,6056.9
2024-12-13,6056.6,6077.8,6035.5,6046.0
2024-12-15,6047.2,6051.9,6045.2,6049.9
2024-12-16,6050.4,6084.8,6049.2,6067.4
2024-12-17,6067.5,6073.7,6034.5,6044.3
2024-12-18,6044.1,6071.0,5836.7,5870.1
2024-12-19,5870.7,5933.7,5864.9,5869.4
2024-12-20,5869.4,5983.2,5801.2,5930.6
2024-12-22,5940.8,5960.0,5940.8,5955.3
2024-12-23,5955.4,5977.9,5902.3,5971.8
2024-12-24,5971.6,6038.1,5965.9,6037.9
2024-12-25,6037.6,6040.6,6034.6,6036.1
2024-12-26,6035.8,6050.4,6002.4,6040.1
2024-12-27,6039.2,6040.1,5932.1,5975.6
2024-12-29,5974.8,5981.1,5963.6,5970.9
2024-12-30,5970.6,5973.4,5868.6,5900.9
2024-12-31,5901.1,5931.8,5868.5,5885.1
2025-01-01,5894.9,5904.8,5883.2,5888.6
2025-01-02,5888.8,5945.4,5830.8,5868.6
2025-01-03,5868.6,5949.2,5867.5,5938.9
2025-01-05,5947.6,5948.4,5939.1,5943.4
2025-01-06,5944.8,6020.6,5934.2,5980.8
2025-01-07,5980.9,6000.2,5891.2,5913.6
2025-01-08,5913.9,5930.4,5874.7,5906.7
2025-01-09,5908.0,5914.9,5886.4,5890.1
2025-01-10,5890.9,5919.5,5807.6,5821.8
2025-01-12,5819.3,5827.5,5808.3,5820.1
2025-01-13,5820.1,5861.4,5769.5,5853.4
2025-01-14,5853.0,5879.0,5805.1,5846.7
2025-01-15,5846.4,5960.6,5840.4,5953.9
2025-01-16,5954.1,5977.5,5924.0,5939.1
2025-01-17,5938.4,6015.3,5936.8,5995.6
2025-01-19,5998.4,6001.0,5983.5,5986.4
2025-01-20,5986.8,6041.6,5983.8,6032.4
2025-01-21,6032.5,6062.7,5959.2,6060.2
2025-01-22,6060.2,6100.5,6059.2,6080.0
2025-01-23,6079.8,6118.0,6066.5,6113.9
2025-01-24,6114.1,6127.9,6088.7,6098.6
2025-01-26,6069.9,6071.4,6065.9,6070.0
2025-01-27,6069.9,6070.6,5915.2,6019.6
2025-01-28,6020.1,6074.5,5992.8,6057.0
2025-01-29,6057.5,6080.3,6012.2,6038.6
2025-01-30,6038.7,6086.8,6027.5,6081.6
2025-01-31,6081.8,6120.7,6030.9,6038.1
2025-02-02,5951.8,5951.8,5916.6,5940.4
2025-02-03,5940.3,6038.5,5908.4,6029.9
2025-02-04,6029.8,6042.9,5961.5,6016.4
2025-02-05,6016.8,6066.8,5995.4,6065.0
2025-02-06,6064.6,6083.8,6046.2,6077.9
2025-02-07,6077.5,6100.6,6020.0,6027.6
2025-02-09,5992.8,6038.8,5992.8,6037.8
2025-02-10,6037.7,6073.6,6035.8,6055.0
2025-02-11,6054.9,6076.8,6036.7,6070.0
2025-02-12,6069.6,6074.6,5998.8,6063.7
2025-02-13,6063.9,6117.7,6033.2,6114.7
2025-02-14,6114.9,6127.4,6102.2,6114.9
2025-02-16,6118.8,6118.9,6112.1,6115.5
2025-02-17,6115.4,6128.1,6114.0,6122.4
2025-02-18,6122.5,6138.6,6099.5,6131.6
2025-02-19,6131.4,6147.6,6111.1,6136.8
2025-02-20,6136.5,6139.0,6084.8,6121.0
2025-02-21,6120.8,6125.9,6008.8,6013.6
2025-02-23,6025.9,6037.1,6018.4,6035.1
2025-02-24,6034.8,6051.9,5978.3,5985.1
2025-02-25,5984.0,6000.4,5908.7,5971.4
2025-02-26,5971.1,6009.7,5932.2,5966.0
2025-02-27,5966.0,6001.2,5860.7,5875.6
2025-02-28,5875.8,5959.9,5837.2,5946.9
2025-03-02,5956.8,5973.8,5954.8,5963.6
2025-03-03,5964.0,5989.6,5811.6,5859.6
2025-03-04,5859.3,5872.6,5732.7,5825.1
2025-03-05,5824.8,5860.4,5743.0,5837.4
2025-03-06,5836.9,5842.0,5712.0,5757.4
2025-03-07,5757.3,5783.5,5665.7,5764.8
2025-03-09,5743.5,5743.5,5704.0,5726.4
2025-03-10,5725.1,5750.1,5564.2,5595.5
2025-03-11,5595.8,5644.9,5528.6,5587.9
2025-03-12,5588.0,5667.6,5545.0,5616.2
2025-03-13,5616.5,5618.3,5504.6,5548.9
2025-03-14,5548.4,5644.9,5543.4,5625.6
2025-03-16,5621.8,5628.5,5599.8,5605.8
2025-03-17,5606.1,5703.7,5596.3,5677.0
2025-03-18,5676.5,5681.0,5597.0,5619.1
2025-03-19,5618.9,5715.8,5604.1,5693.9
2025-03-20,5694.0,5711.7,5629.8,5663.7
2025-03-21,5663.3,5672.8,5601.0,5668.9
2025-03-23,5690.9,5703.3,5690.3,5701.4
2025-03-24,5701.8,5772.9,5699.9,5760.1
2025-03-25,5760.3,5787.5,5750.9,5783.8
2025-03-26,5783.4,5787.6,5684.6,5699.4
2025-03-27,5699.1,5731.7,5672.3,5689.6
2025-03-28,5690.1,5701.6,5557.4,5557.4
2025-03-30,5544.3,5555.1,5535.9,5548.0
2025-03-31,5548.1,5627.9,5489.6,5593.0
2025-04-01,5592.9,5651.9,5557.9,5640.1
2025-04-02,5640.6,5728.6,5440.1,5468.9
2025-04-03,5470.5,5521.1,5370.4,5384.9
2025-04-04,5385.0,5397.4,5040.4,5062.7
2025-04-06,4966.2,4966.2,4802.7,4879.7
2025-04-07,4880.0,5249.8,4808.4,5115.0
2025-04-08,5114.5,5270.1,4895.8,4924.9
2025-04-09,4924.3,5491.8,4842.0,5477.8
2025-04-10,5477.5,5480.9,5115.0,5240.5
2025-04-11,5239.8,5382.2,5173.1,5361.3
2025-04-13,5430.5,5430.5,5376.6,5396.4
2025-04-14,5395.9,5463.4,5357.3,5387.6
2025-04-15,5387.3,5450.8,5342.5,5353.0
2025-04-16,5352.8,5391.3,5220.6,5278.8
2025-04-17,5279.1,5341.6,5256.5,5297.9
2025-04-20,5257.3,5278.0,5251.2,5265.0
2025-04-21,5264.6,5274.6,5101.2,5176.1
2025-04-22,5176.4,5395.4,5169.4,5383.6
2025-04-23,5384.0,5469.9,5349.9,5383.9
2025-04-24,5384.0,5512.6,5327.5,5500.1
2025-04-25,5500.4,5532.9,5452.4,5526.4
2025-04-27,5520.5,5520.5,5501.3,5504.9
2025-04-28,5504.6,5552.1,5468.4,5530.3
2025-04-29,5530.4,5572.3,5496.8,5547.1
2025-04-30,5546.1,5615.2,5431.3,5610.7
2025-05-01,5611.1,5658.7,5578.6,5590.3
2025-05-02,5591.1,5701.1,5584.0,5687.9
2025-05-04,5682.5,5682.5,5649.6,5656.3
2025-05-05,5656.5,5684.5,5633.6,5645.6
2025-05-06,5645.9,5669.0,5585.0,5652.1
2025-05-07,5652.3,5661.6,5577.4,5627.0
2025-05-08,5627.1,5720.4,5622.1,5660.5
2025-05-09,5660.4,5695.8,5644.6,5664.6
2025-05-11,5742.0,5742.0,5715.8,5726.9
2025-05-12,5726.8,5856.0,5724.9,5837.3
2025-05-13,5837.2,5907.1,5816.6,5889.4
2025-05-14,5889.0,5906.1,5871.3,5877.0
2025-05-15,5876.8,5924.7,5847.5,5916.8
2025-05-16,5917.0,5959.0,5904.1,5929.9
2025-05-18,5902.3,5928.9,5902.3,5921.4
2025-05-19,5921.5,5973.7,5874.1,5969.3
2025-05-20,5969.5,5973.1,5909.4,5937.7
2025-05-21,5937.6,5940.6,5831.0,5844.3
2025-05-22,5844.5,5878.4,5812.8,5845.6
2025-05-23,5845.8,5857.6,5743.5,5801.4
2025-05-25,5806.8,5862.6,5800.0,5852.1
2025-05-26,5852.4,5881.4,5848.3,5865.8
2025-05-27,5865.7,5928.8,5849.7,5924.6
2025-05-28,5924.5,5985.2,5880.9,5979.5
2025-05-29,5979.7,5995.8,5873.0,5894.0
2025-05-30,5893.9,5922.5,5843.7,5903.8
2025-06-01,5886.9,5898.3,5882.4,5887.6
2025-06-02,5887.5,5945.1,5857.1,5925.6
2025-06-03,5925.8,5981.3,5900.4,5974.6
2025-06-04,5974.4,5989.9,5964.4,5965.6
2025-06-05,5965.9,6005.8,5920.7,5939.9
2025-06-06,5939.8,6017.9,5939.8,6002.6
2025-06-08,6003.5,6007.7,5987.6,5995.2
2025-06-09,5995.7,6021.5,5984.7,6008.2
2025-06-10,6008.0,6047.0,5986.1,6037.1
2025-06-11,6036.6,6069.3,6001.9,6014.3
2025-06-12,6014.5,6045.8,5984.4,6011.1
2025-06-13,6011.3,6026.4,5924.5,5975.5
2025-06-15,5944.9,5986.1,5944.9,5984.3
2025-06-16,5983.9,6050.6,5979.3,5995.5
2025-06-17,5995.8,6023.7,5962.4,5968.8
2025-06-18,5968.9,6018.4,5968.9,5980.5
2025-06-19,5980.2,5981.0,5916.9,5962.9
2025-06-20,5963.2,6017.9,5952.2,5973.8
2025-06-22,5912.4,5956.5,5909.8,5948.7
2025-06-23,5949.0,6061.3,5938.8,6057.4
2025-06-24,6057.4,6102.0,6048.9,6093.6
2025-06-25,6094.0,6108.1,6079.2,6095.1
2025-06-26,6095.4,6153.3,6093.1,6144.5
2025-06-27,6144.8,6187.5,6132.3,6168.6
2025-06-29,6174.0,6193.1,6173.1,6186.6
2025-06-30,6186.5,6214.6,6174.0,6200.5
2025-07-01,6200.8,6211.0,6177.6,6202.3
2025-07-02,6202.2,6230.3,6186.0,6228.4
2025-07-03,6228.3,6284.9,6221.4,6270.1
2025-07-04,6270.0,6273.1,6228.8,6236.0
2025-07-06,6261.0,6265.1,6248.3,6254.0
2025-07-07,6253.9,6267.9,6200.9,6223.3
2025-07-08,6223.3,6244.1,6217.4,6225.3
2025-07-09,6224.6,6270.1,6215.0,6258.1
2025-07-10,6258.1,6290.2,6242.3,6286.8
2025-07-11,6286.8,6286.8,6233.9,6252.4
2025-07-13,6231.6,6238.3,6222.3,6233.9
2025-07-14,6234.1,6273.2,6218.3,6262.6
2025-07-15,6262.1,6300.6,6224.6,6232.4
2025-07-16,6232.6,6268.1,6201.8,6253.6
2025-07-17,6253.8,6311.6,6249.1,6310.3
2025-07-18,6310.1,6317.9,6285.1,6296.6
2025-07-20,6297.4,6305.0,6292.1,6304.6
2025-07-21,6304.9,6336.7,6300.9,6311.6
2025-07-22,6311.5,6326.8,6282.5,6326.1
2025-07-23,6326.5,6370.4,6312.8,6368.2
2025-07-24,6367.8,6381.4,6355.8,6376.1
2025-07-25,6376.1,6395.8,6366.4,6393.4
2025-07-27,6416.5,6420.1,6408.7,6413.8
2025-07-28,6413.8,6423.3,6375.5,6395.3
2025-07-29,6395.6,6409.6,6363.9,6375.6
2025-07-30,6375.4,6415.2,6335.0,6410.7
2025-07-31,6410.4,6436.7,6321.1,6333.4
2025-08-01,6333.1,6342.6,6212.4,6235.6
2025-08-03,6230.9,6245.4,6225.0,6244.1
2025-08-04,6244.0,6344.9,6242.8,6337.6
2025-08-05,6337.3,6350.9,6287.6,6291.1
2025-08-06,6290.5,6362.4,6290.5,6355.4
2025-08-07,6355.0,6401.8,6310.3,6353.3
2025-08-08,6353.2,6402.0,6345.5,6401.3
2025-08-10,6398.9,6401.2,6389.3,6390.9
2025-08-11,6390.8,6407.7,6364.6,6376.4
2025-08-12,6376.0,6449.6,6368.9,6449.4
2025-08-13,6449.3,6480.4,6439.1,6465.5
2025-08-14,6465.7,6473.7,6431.2,6469.3
2025-08-15,6469.5,6487.4,6441.6,6446.8
2025-08-17,6447.3,6462.4,6447.3,6460.5
2025-08-18,6460.6,6464.1,6436.3,6451.4
2025-08-19,6451.6,6456.3,6400.0,6408.1
2025-08-20,6408.5,6411.3,6343.8,6392.8
2025-08-21,6392.6,6400.4,6352.2,6381.6
2025-08-22,6381.0,6479.3,6347.5,6467.7
2025-08-24,6474.0,6474.0,6462.9,6466.9
2025-08-25,6467.2,6470.9,6437.4,6444.7
2025-08-26,6444.5,6473.6,6415.5,6471.4
2025-08-27,6471.6,6489.1,6445.3,6461.9
2025-08-28,6461.8,6508.5,6457.1,6502.1
2025-08-29,6501.9,6504.6,6444.3,6462.1
2025-08-31,6468.0,6478.8,6463.5,6477.1
2025-09-01,6477.6,6480.4,6448.4,6458.6
2025-09-02,6458.8,6465.1,6360.3,6424.3
2025-09-03,6423.4,6454.1,6415.1,6445.9
2025-09-04,6445.5,6508.6,6444.4,6506.6
2025-09-05,6506.9,6532.6,6443.3,6480.5
2025-09-07,6478.6,6498.5,6472.8,6497.6
2025-09-08,6497.4,6508.6,6482.8,6502.5
2025-09-09,6502.7,6530.6,6482.0,6523.0
2025-09-10,6522.8,6557.1,6516.0,6540.1
2025-09-11,6540.0,6592.7,6530.8,6588.9
2025-09-12,6588.6,6600.2,6572.1,6584.4
2025-09-14,6585.0,6588.5,6582.1,6584.1
2025-09-15,6584.4,6619.0,6554.1,6615.5
2025-09-16,6615.2,6634.7,6600.4,6612.4
2025-09-17,6612.1,6626.2,6550.4,6623.4
2025-09-18,6623.0,6659.7,6610.5,6644.9
2025-09-19,6644.8,6671.5,6621.1,6659.9
2025-09-21,6657.3,6666.2,6653.4,6655.6
2025-09-22,6660.1,6698.9,6640.5,6694.1
2025-09-23,6693.4,6699.3,6646.4,6662.2
2025-09-24,6662.1,6672.7,6622.2,6643.4
2025-09-25,6643.2,6650.2,6569.8,6605.4
2025-09-26,6605.8,6649.6,6599.9,6644.6
2025-09-28,6645.1,6654.8,6644.8,6653.1
2025-09-29,6652.6,6683.4,6644.5,6659.4
2025-09-30,6658.9,6691.1,6640.9,6672.1
2025-10-01,6672.3,6718.9,6629.1,6709.9
2025-10-02,6711.1,6732.5,6692.5,6721.4
2025-10-03,6721.5,6751.9,6705.6,6714.1
2025-10-05,6719.9,6734.9,6719.4,6730.0
2025-10-06,6730.3,6749.6,6718.4,6731.5
2025-10-07,6731.1,6755.6,6699.6,6712.7
2025-10-08,6713.0,6765.6,6711.6,6762.4
2025-10-09,6761.9,6762.5,6716.0,6746.4
2025-10-10,6746.6,6762.1,6499.1,6510.8
2025-10-12,6613.0,6632.9,6602.3,6628.0
2025-10-13,6627.6,6669.6,6613.1,6650.5
2025-10-14,6650.9,6681.8,6552.9,6649.4
2025-10-15,6649.3,6726.5,6611.5,6675.4
2025-10-16,6675.0,6710.0,6593.1,6614.0
2025-10-17,6614.4,6679.9,6534.6,6672.9
2025-10-19,6685.6,6687.9,6664.6,6668.9
2025-10-20,6668.4,6745.0,6657.4,6741.1
2025-10-21,6740.6,6752.4,6722.6,6733.8
2025-10-22,6734.1,6752.9,6655.0,6691.9
2025-10-23,6691.8,6749.5,6682.8,6746.3
2025-10-24,6746.4,6806.9,6742.8,6791.6
2025-10-26,6839.2,6847.5,6834.4,6838.0
2025-10-27,6837.9,6884.9,6834.5,6878.6
2025-10-28,6878.9,6911.6,6868.1,6895.8
2025-10-29,6895.9,6920.1,6852.1,6891.0
2025-10-30,6891.9,6922.3,6819.8,6868.0
2025-10-31,6867.8,6887.9,6814.0,6841.9
2025-11-02,6849.0,6865.5,6847.3,6863.0
2025-11-03,6862.8,6879.3,6820.2,6847.4
2025-11-04,6847.2,6847.3,6757.8,6765.6
2025-11-05,6765.7,6829.6,6721.0,6807.4
2025-11-06,6807.6,6816.4,6707.9,6740.1
2025-11-07,6740.0,6746.5,6631.7,6740.5
2025-11-09,6762.1,6767.5,6752.4,6758.5
2025-11-10,6757.4,6841.2,6745.8,6839.0
2025-11-11,6838.9,6855.6,6806.8,6847.8
2025-11-12,6848.2,6876.8,6828.6,6835.4
2025-11-13,6835.3,6869.4,6724.5,6745.4
2025-11-14,6745.5,6774.3,6649.8,6744.1
2025-11-16,6743.6,6749.8,6721.1,6746.3
2025-11-17,6746.5,6780.9,6639.0,6681.9
2025-11-18,6681.4,6688.9,6574.9,6622.8
2025-11-19,6622.3,6712.6,6594.6,6712.3
2025-11-20,6712.0,6770.5,6523.3,6547.8
2025-11-21,6547.6,6660.0,6507.9,6614.3
2025-11-23,6638.7,6649.7,6633.9,6636.9
2025-11-24,6636.4,6715.2,6609.4,6706.4
2025-11-25,6705.8,6776.3,6658.9,6769.6
2025-11-26,6770.3,6831.5,6766.4,6814.9
2025-11-27,6814.3,6824.0,6809.7,6823.9
2025-11-28,6823.8,6851.8,6819.4,6845.8
2025-11-30,6848.6,6854.5,6837.5,6841.5
2025-12-01,6842.3,6845.2,6790.6,6813.7
2025-12-02,6813.6,6854.1,6801.6,6837.1
2025-12-03,6837.5,6864.2,6808.0,6855.1
2025-12-04,6853.9,6869.9,6825.7,6854.9
2025-12-05,6852.1,6895.7,6845.3,6870.8
2025-12-07,6876.2,6877.7,6867.7,6870.9
2025-12-08,6873.0,6885.5,6825.4,6859.6
2025-12-09,6860.6,6865.1,6835.8,6838.4
2025-12-10,6839.6,6901.0,6823.7,6875.8
2025-12-11,6875.9,6922.2,6811.3,6900.9
2025-12-12,6897.3,6909.4,6801.3,6829.9
2025-12-14,6833.1,6835.6,6816.8,6830.8
2025-12-15,6830.3,6870.3,6802.0,6812.7
2025-12-16,6813.3,6828.9,6755.5,6786.2
2025-12-17,6787.8,6825.2,6718.1,6728.3
2025-12-18,6726.9,6816.0,6716.1,6775.0
2025-12-19,6775.5,6839.7,6766.0,6837.8
2025-12-21,6849.6,6851.4,6845.0,6850.4
2025-12-22,6850.3,6880.2,6844.6,6875.8
2025-12-23,6876.0,6908.7,6858.4,6904.1
2025-12-24,6904.1,6936.9,6899.6,6928.9
2025-12-25,6930.8,6939.7,6930.8,6934.8
2025-12-26,6934.7,6943.7,6919.2,6927.2
2025-12-28,6932.7,6934.8,6929.3,6932.0
2025-12-29,6931.8,6937.3,6888.8,6904.1
2025-12-30,6904.3,6914.3,6892.6,6895.9
2025-12-31,6895.6,6904.6,6843.6,6845.1
2026-01-01,6853.4,6858.5,6850.7,6856.5
2026-01-02,6856.2,6893.0,6820.5,6853.7
2026-01-04,6861.5,6865.6,6855.8,6863.3
2026-01-05,6863.4,6919.4,6858.6,6898.0
2026-01-06,6898.3,6948.8,6887.5,6944.1
2026-01-07,6944.7,6963.8,6915.3,6922.7
2026-01-08,6922.5,6935.7,6893.7,6922.6
2026-01-09,6922.2,6976.0,6913.0,6963.2
2026-01-11,6962.3,6962.3,6952.6,6958.7
2026-01-12,6958.9,6985.4,6911.0,6967.1
2026-01-13,6967.0,6997.4,6938.1,6959.6
2026-01-14,6959.7,6964.3,6885.3,6922.5
2026-01-15,6922.4,6979.7,6915.2,6952.6
2026-01-16,6952.8,6969.8,6923.8,6940.8
2026-01-18,6888.3,6900.4,6883.4,6898.9
2026-01-19,6898.0,6899.1,6853.5,6873.2
2026-01-20,6873.6,6879.7,6788.7,6798.9
2026-01-21,6799.6,6911.9,6781.7,6891.7
2026-01-22,6892.3,6935.9,6878.7,6909.0
2026-01-23,6908.6,6931.4,6892.6,6901.6
2026-01-25,6854.7,6886.7,6850.9,6884.8
2026-01-26,6885.0,6965.2,6882.5,6952.2
2026-01-27,6952.4,6989.7,6948.7,6984.5
2026-01-28,6984.8,7014.8,6949.4,6969.0
2026-01-29,6968.9,7002.0,6871.3,6959.6
2026-01-30,6960.1,6963.4,6890.9,6935.5
2026-02-01,6914.0,6927.5,6893.8,6921.9
2026-02-02,6921.8,6998.2,6840.3,6991.4
2026-02-03,6990.9,7003.2,6862.4,6918.9
2026-02-04,6919.6,6941.8,6839.5,6895.6
2026-02-05,6894.5,6912.5,6742.7,6749.8
2026-02-06,6749.7,6943.6,6730.0,6924.3
2026-02-08,6947.2,6958.1,6939.5,6953.2
2026-02-09,6952.6,6980.5,6901.0,6959.4
2026-02-10,6959.3,6986.5,6937.7,6955.8
2026-02-11,6956.1,6992.3,6912.9,6939.1
2026-02-12,6938.8,6974.1,6823.6,6842.1
2026-02-13,6841.0,6879.0,6791.0,6830.5
2026-02-15,6842.4,6844.8,6828.2,6844.8
2026-02-16,6843.8,6869.3,6825.0,6848.1
2026-02-17,6848.7,6867.4,6774.9,6834.5
2026-02-18,6834.3,6909.8,6834.0,6879.2
2026-02-19,6879.5,6896.7,6832.5,6865.0
2026-02-20,6865.1,6915.0,6832.8,6910.5
2026-02-22,6905.1,6909.7,6887.7,6893.5
2026-02-23,6893.1,6917.2,6820.7,6845.1
2026-02-24,6844.9,6900.4,6816.4,6892.7
2026-02-25,6892.5,6968.7,6883.7,6937.8
2026-02-26,6937.5,6959.3,6860.0,6882.0
2026-02-27,6881.4,6905.0,6831.0,6865.5
2026-03-01,6820.2,6829.6,6803.7,6808.3
2026-03-02,6808.7,6902.1,6760.6,6868.9
2026-03-03,6869.4,6871.8,6711.4,6803.1
2026-03-04,6804.4,6886.4,6766.4,6878.6
2026-03-05,6878.8,6894.0,6770.5,6834.2
2026-03-06,6834.7,6846.8,6709.6,6734.8
2026-03-08,6640.7,6642.8,6609.4,6623.4
2026-03-09,6623.6,6812.7,6580.3,6767.1
2026-03-10,6767.4,6846.9,6757.9,6793.3
2026-03-11,6792.9,6818.3,6711.6,6725.3
2026-03-12,6726.3,6756.8,6668.5,6676.7
2026-03-13,6675.9,6733.8,6621.8,6622.5
2026-03-15,6630.4,6661.4,6614.7,6647.4
2026-03-16,6648.0,6731.9,6647.4,6700.4
2026-03-17,6700.5,6756.0,6664.3,6714.6
2026-03-18,6714.4,6762.1,6602.9,6618.8
2026-03-19,6619.2,6643.2,6560.8,6622.5
2026-03-20,6622.2,6634.7,6473.4,6535.4
2026-03-22,6465.9,6512.2,6465.9,6490.9
2026-03-23,6490.8,6698.0,6433.1,6596.7
2026-03-24,6597.1,6630.6,6524.0,6603.7
2026-03-25,6603.8,6637.2,6569.7,6583.2
2026-03-26,6583.6,6600.2,6469.6,6505.3
2026-03-27,6505.6,6522.3,6343.3,6352.0
2026-03-29,6342.5,6345.6,6320.4,6325.2
2026-03-30,6326.3,6434.4,6316.5,6329.6
2026-03-31,6330.4,6548.7,6312.4,6548.1
2026-04-01,6547.1,6609.9,6533.3,6574.2
2026-04-02,6574.0,6602.1,6463.3,6583.2
2026-04-03,6583.4,6591.4,6558.0,6561.9
2026-04-05,6547.4,6550.4,6528.5,6547.7
2026-04-06,6548.2,6619.9,6547.5,6602.8
2026-04-07,6600.0,6779.4,6534.4,6765.2
2026-04-08,6764.6,6806.9,6740.3,6772.5
2026-04-09,6773.3,6835.5,6752.6,6817.9
2026-04-10,6817.8,6846.0,6808.3,6825.4
2026-04-12,6743.4,6754.6,6729.1,6745.7
2026-04-13,6746.7,6893.8,6739.2,6888.1
2026-04-14,6888.0,6975.7,6882.8,6970.7
2026-04-15,6969.9,7032.6,6954.5,7031.7
2026-04-16,7031.8,7051.7,7009.4,7047.4
2026-04-17,7047.5,7147.4,7039.1,7126.8
2026-04-19,7065.7,7079.0,7049.5,7070.1
2026-04-20,7069.6,7124.4,7065.1,7118.3
2026-04-21,7119.1,7146.5,7050.1,7096.4
2026-04-22,7097.4,7138.5,7094.4,7129.3
2026-04-23,7129.5,7147.5,7047.2,7121.1
2026-04-24,7121.9,7168.3,7103.9,7164.0
2026-04-26,7154.0,7159.7,7140.7,7147.5
2026-04-27,7148.0,7189.7,7146.5,7186.6
2026-04-28,7186.5,7192.4,7115.8,7148.5
2026-04-29,7149.0,7166.4,7101.3,7162.8
2026-04-30,7164.3,7234.1,7104.0,7223.6
2026-05-01,7224.7,7271.9,7216.6,7219.8
2026-05-03,7247.6,7251.4,7232.1,7234.5
2026-05-04,7234.1,7246.4,7172.9,7201.3
2026-05-05,7201.4,7293.1,7197.8,7288.4
2026-05-06,7288.5,7368.8,7273.6,7354.0
2026-05-07,7353.9,7385.4,7320.3,7338.1
2026-05-08,7340.6,7402.1,7340.2,7396.7
2026-05-10,7380.8,7385.8,7367.1,7379.4
2026-05-11,7379.3,7428.7,7374.1,7414.4
2026-05-12,7412.4,7412.4,7339.0,7388.2
2026-05-13,7388.4,7460.8,7375.4,7457.3
2026-05-14,7456.8,7517.0,7448.0,7498.6
2026-05-15,7498.2,7504.3,7387.6,7396.4
2026-05-17,7391.1,7413.4,7376.5,7389.5
2026-05-18,7390.2,7432.8,7352.8,7407.8
2026-05-19,7408.7,7419.2,7333.7,7362.1
2026-05-20,7360.1,7436.3,7336.0,7401.6
2026-05-21,7400.9,7466.3,7389.8,7461.2
2026-05-22,7462.3,7506.3,7453.0,7467.3
2026-05-24,7503.9,7527.0,7503.9,7520.4
2026-05-25,7520.8,7551.8,7517.9,7530.6
2026-05-26,7530.8,7539.3,7501.5,7528.1
2026-05-27,7528.7,7555.0,7499.2,7518.2
2026-05-28,7518.3,7576.8,7489.7,7569.8
2026-05-29,7569.5,7598.1,7557.0,7577.7
2026-05-31,7582.0,7593.9,7573.1,7592.6
2026-06-01,7593.2,7616.7,7563.9,7584.5
2026-06-02,7583.2,7620.8,7564.6,7613.7
2026-06-03,7614.7,7616.1,7517.0,7522.1
2026-06-04,7520.1,7598.3,7512.9,7562.0
2026-06-05,7561.3,7566.0,7347.7,7355.7
2026-06-07,7363.0,7392.7,7344.7,7389.1
2026-06-08,7387.4,7465.5,7374.2,7400.0
2026-06-09,7400.4,7480.5,7238.5,7371.1
2026-06-10,7372.5,7396.6,7224.9,7241.3
2026-06-11,7242.3,7413.5,7238.3,7411.7
2026-06-12,7412.4,7456.7,7363.9,7431.2
2026-06-14,7475.5,7499.3,7475.5,7492.3
2026-06-15,7491.3,7578.2,7489.7,7550.4
2026-06-16,7549.9,7566.3,7504.0,7518.5
2026-06-17,7518.8,7539.3,7403.4,7473.5
2026-06-18,7474.1,7514.0,7463.9,7496.4
